frame,time_seconds,track_id,class_id,class_name,confidence,center_x,center_y,x1,y1,x2,y2
0,0.0,1,2,car,0.751011848449707,1225.78466796875,345.6753234863281,1191.925537109375,319.9808654785156,1259.643798828125,371.3697814941406
0,0.0,2,2,car,0.6737257838249207,1526.7516479492188,832.2233276367188,1409.566162109375,717.9830932617188,1643.9371337890625,946.4635620117188
0,0.0,3,2,car,0.661105751991272,1651.4981689453125,314.69309997558594,1620.6610107421875,291.4973449707031,1682.3353271484375,337.88885498046875
1,0.04,1,2,car,0.7655585408210754,1227.0279541015625,346.5677947998047,1193.667236328125,320.990478515625,1260.388671875,372.1451110839844
1,0.04,3,2,car,0.6580810546875,1649.303466796875,312.99989318847656,1617.8741455078125,290.7550048828125,1680.7327880859375,335.2447814941406
1,0.04,2,2,car,0.4395964443683624,1526.6262817382812,843.1903381347656,1406.20458984375,725.8910522460938,1647.0479736328125,960.4896240234375
2,0.08,1,2,car,0.7653119564056396,1227.7860107421875,347.599609375,1194.2564697265625,321.3297119140625,1261.3155517578125,373.8695068359375
2,0.08,2,2,car,0.7001568078994751,1526.7356567382812,857.1328125,1406.2786865234375,738.4370727539062,1647.192626953125,975.8285522460938
2,0.08,3,2,car,0.5492715239524841,1643.939208984375,312.71405029296875,1611.201416015625,289.6058044433594,1676.677001953125,335.8222961425781
3,0.12,2,2,car,0.8003418445587158,1527.20556640625,869.5442504882812,1405.155517578125,748.5531005859375,1649.255615234375,990.535400390625
3,0.12,1,2,car,0.7757229804992676,1228.4358520507812,348.798828125,1194.2105712890625,322.5555114746094,1262.6611328125,375.0421447753906
3,0.12,3,2,car,0.5935524702072144,1639.86767578125,311.62782287597656,1608.5478515625,288.1507263183594,1671.1875,335.10491943359375
4,0.16,1,2,car,0.7681261301040649,1228.6167602539062,349.7009582519531,1194.5391845703125,323.07366943359375,1262.6943359375,376.3282470703125
4,0.16,2,2,car,0.6697048544883728,1525.4710083007812,883.4075317382812,1398.7958984375,758.4215698242188,1652.1461181640625,1008.3934936523438
4,0.16,3,2,car,0.6655406951904297,1637.2540283203125,310.2429504394531,1605.4288330078125,285.4621887207031,1669.0792236328125,335.0237121582031
5,0.2,1,2,car,0.8200415968894958,1230.1428833007812,351.9576721191406,1194.5321044921875,323.41143798828125,1265.753662109375,380.50390625
5,0.2,3,2,car,0.6670811176300049,1635.6300048828125,308.85926818847656,1605.017333984375,285.1785583496094,1666.24267578125,332.53997802734375
5,0.2,2,2,car,0.3945091664791107,1525.1473388671875,895.9198608398438,1395.588134765625,768.5348510742188,1654.70654296875,1023.3048706054688
6,0.24,1,2,car,0.8068418502807617,1231.6181030273438,352.7667694091797,1195.8885498046875,325.1054382324219,1267.34765625,380.4281005859375
6,0.24,2,2,car,0.698297917842865,1525.3292846679688,910.4222412109375,1394.7877197265625,780.8927001953125,1655.870849609375,1039.9517822265625
6,0.24,3,2,car,0.567230224609375,1633.086181640625,307.3697204589844,1603.0616455078125,284.4932556152344,1663.1107177734375,330.2461853027344
7,0.28,1,2,car,0.793921947479248,1232.6415405273438,353.69618225097656,1195.6217041015625,325.8958740234375,1269.661376953125,381.4964904785156
7,0.28,2,2,car,0.7456536293029785,1523.7034912109375,925.9451293945312,1391.6514892578125,794.190673828125,1655.7554931640625,1057.6995849609375
7,0.28,3,2,car,0.5261649489402771,1629.6770629882812,307.3323516845703,1598.310546875,283.6329650878906,1661.0435791015625,331.03173828125
8,0.32,1,2,car,0.7747361660003662,1233.0442504882812,355.2416229248047,1196.984375,327.78271484375,1269.1041259765625,382.7005310058594
8,0.32,2,2,car,0.7075733542442322,1523.3361206054688,940.1727600097656,1390.0400390625,806.9207153320312,1656.6322021484375,1073.4248046875
8,0.32,3,2,car,0.5497028231620789,1627.8555908203125,306.09657287597656,1596.19775390625,280.7102355957031,1659.513427734375,331.48291015625
9,0.36,1,2,car,0.7790603041648865,1234.241455078125,356.66290283203125,1197.05712890625,328.4936828613281,1271.42578125,384.8321228027344
9,0.36,2,2,car,0.743030846118927,1520.4083862304688,948.5559997558594,1383.6533203125,819.1448364257812,1657.1634521484375,1077.9671630859375
9,0.36,3,2,car,0.5923004746437073,1624.7376708984375,307.3749694824219,1594.1253662109375,285.4147644042969,1655.3499755859375,329.3351745605469
10,0.4,2,2,car,0.7907803058624268,1519.8951416015625,954.006591796875,1379.1068115234375,831.4500732421875,1660.6834716796875,1076.5631103515625
10,0.4,1,2,car,0.7762790322303772,1235.9727172851562,358.10865783691406,1198.44287109375,330.3494567871094,1273.5025634765625,385.86785888671875
10,0.4,3,2,car,0.6455405354499817,1621.420166015625,306.71038818359375,1589.769287109375,286.0423583984375,1653.071044921875,327.37841796875
11,0.44,1,2,car,0.7868223190307617,1236.228515625,359.9483642578125,1198.1480712890625,332.3855895996094,1274.3089599609375,387.5111389160156
11,0.44,2,2,car,0.7601870894432068,1519.7015991210938,961.4631958007812,1377.349365234375,844.7750244140625,1662.0538330078125,1078.1513671875
11,0.44,3,2,car,0.7158345580101013,1617.4480590820312,306.2012939453125,1586.278564453125,284.4728088378906,1648.6175537109375,327.9297790527344
12,0.48,2,2,car,0.7894473671913147,1518.6826171875,970.0542297363281,1373.9710693359375,861.6395874023438,1663.3941650390625,1078.4688720703125
12,0.48,1,2,car,0.7690687775611877,1238.3037719726562,360.79010009765625,1200.2286376953125,333.3536682128906,1276.37890625,388.2265319824219
12,0.48,3,2,car,0.4708484709262848,1615.65380859375,305.66636657714844,1586.3323974609375,284.4163513183594,1644.9752197265625,326.9163818359375
13,0.52,2,2,car,0.8144599199295044,1518.0886840820312,978.530029296875,1368.550537109375,877.9525146484375,1667.6268310546875,1079.1075439453125
13,0.52,1,2,car,0.7541319727897644,1238.9935302734375,362.4965515136719,1200.7906494140625,334.5198669433594,1277.1964111328125,390.4732360839844
13,0.52,3,2,car,0.5373467803001404,1613.3525390625,303.0452575683594,1585.0155029296875,281.44256591796875,1641.6895751953125,324.64794921875
14,0.56,2,2,car,0.8093666434288025,1513.505126953125,985.3159790039062,1361.4715576171875,892.4893798828125,1665.5386962890625,1078.142578125
14,0.56,1,2,car,0.7665218114852905,1239.6723022460938,362.5049285888672,1201.3734130859375,334.9071350097656,1277.97119140625,390.10272216796875
14,0.56,3,2,car,0.6300138831138611,1609.7738647460938,301.9842071533203,1580.3460693359375,280.4185485839844,1639.20166015625,323.54986572265625
15,0.6,2,2,car,0.8050196766853333,1517.5147094726562,994.8777160644531,1362.76513671875,910.6521606445312,1672.2642822265625,1079.103271484375
15,0.6,1,2,car,0.6765537858009338,1239.4095458984375,364.6692810058594,1200.4095458984375,335.8968200683594,1278.4095458984375,393.4417419433594
15,0.6,3,2,car,0.5639970302581787,1606.07958984375,301.7823028564453,1577.121826171875,281.4605712890625,1635.037353515625,322.1040344238281
16,0.64,2,2,car,0.7865990996360779,1515.7942504882812,1002.1533508300781,1359.31396484375,927.3019409179688,1672.2745361328125,1077.0047607421875
16,0.64,1,2,car,0.7816922068595886,1240.4642333984375,364.0767364501953,1202.7635498046875,335.6834716796875,1278.1649169921875,392.4700012207031
16,0.64,3,2,car,0.4869414269924164,1603.865478515625,300.8878173828125,1573.4344482421875,280.3760681152344,1634.2965087890625,321.3995666503906
17,0.68,2,2,car,0.7548838257789612,1513.93017578125,1011.2816162109375,1359.424560546875,947.1123046875,1668.435791015625,1075.450927734375
17,0.68,1,2,car,0.7233771681785583,1240.5301513671875,366.56011962890625,1203.0400390625,336.2029724121094,1278.020263671875,396.9172668457031
17,0.68,3,2,car,0.557601273059845,1601.0068359375,300.24696350097656,1570.388671875,281.03485107421875,1631.625,319.4590759277344
18,0.72,2,2,car,0.7131944298744202,1512.8218994140625,1020.3708190917969,1366.868896484375,963.4464721679688,1658.77490234375,1077.295166015625
18,0.72,1,2,car,0.6984506249427795,1241.2369384765625,367.9530792236328,1203.830322265625,336.7647705078125,1278.6435546875,399.1413879394531
18,0.72,3,2,car,0.583268940448761,1595.6758422851562,300.5981140136719,1565.6236572265625,280.1199645996094,1625.72802734375,321.0762634277344
19,0.76,2,2,car,0.7467062473297119,1507.9880981445312,1032.6957702636719,1372.0906982421875,987.0309448242188,1643.885498046875,1078.360595703125
19,0.76,1,2,car,0.688330352306366,1242.1378784179688,369.0223388671875,1204.5421142578125,338.1317138671875,1279.733642578125,399.9129638671875
19,0.76,3,2,car,0.5217693448066711,1593.545654296875,299.5805358886719,1563.365478515625,278.0091857910156,1623.725830078125,321.1518859863281
20,0.8,1,2,car,0.7066236734390259,1242.4705810546875,370.79347229003906,1204.272216796875,338.65594482421875,1280.6689453125,402.9309997558594
20,0.8,2,2,car,0.506833016872406,1503.1058349609375,1040.8349914550781,1373.152587890625,1004.4830932617188,1633.05908203125,1077.1868896484375
20,0.8,3,2,car,0.38891902565956116,1591.232666015625,298.2578430175781,1561.0968017578125,277.2536315917969,1621.3685302734375,319.2620544433594
21,0.84,1,2,car,0.7150100469589233,1242.6262817382812,372.1251983642578,1204.5013427734375,339.6678771972656,1280.751220703125,404.58251953125
21,0.84,3,2,car,0.493390291929245,1589.4107666015625,297.46009826660156,1560.37646484375,276.0355224609375,1618.445068359375,318.8846740722656
22,0.88,1,2,car,0.6991432309150696,1243.2383422851562,372.4997253417969,1204.8731689453125,340.6031188964844,1281.603515625,404.3963317871094
22,0.88,3,2,car,0.45995330810546875,1586.3594970703125,297.857666015625,1557.734619140625,277.0565185546875,1614.984375,318.6588134765625
23,0.92,1,2,car,0.6902400851249695,1244.1090087890625,374.4980926513672,1205.1229248046875,341.78143310546875,1283.0950927734375,407.2147521972656
23,0.92,3,2,car,0.4191068410873413,1583.2879028320312,297.1390838623047,1554.9503173828125,276.2745056152344,1611.62548828125,318.003662109375
24,0.96,1,2,car,0.6656567454338074,1245.701904296875,376.64234924316406,1205.676513671875,344.7850646972656,1285.727294921875,408.4996337890625
24,0.96,3,2,car,0.38613271713256836,1578.8219604492188,296.1322937011719,1550.5865478515625,274.783203125,1607.057373046875,317.48138427734375
25,1.0,1,2,car,0.6475163698196411,1247.4398193359375,378.13494873046875,1207.3148193359375,347.515869140625,1287.5648193359375,408.7540283203125
25,1.0,3,2,car,0.5291379690170288,1576.1861572265625,295.23365783691406,1549.576904296875,274.1797790527344,1602.79541015625,316.28753662109375
26,1.04,1,2,car,0.5588899850845337,1247.9993286132812,378.4938659667969,1207.60888671875,347.1284484863281,1288.3897705078125,409.8592834472656
26,1.04,3,2,car,0.4788723587989807,1572.5980224609375,294.7424774169922,1545.0135498046875,274.2120666503906,1600.1824951171875,315.27288818359375
27,1.08,1,2,car,0.5934421420097351,1248.3849487304688,381.09613037109375,1208.4407958984375,349.714599609375,1288.3291015625,412.4776611328125
27,1.08,3,2,car,0.5299152135848999,1568.40087890625,293.4610290527344,1539.591064453125,272.3279113769531,1597.210693359375,314.5941467285156
28,1.12,3,2,car,0.48654788732528687,1565.020751953125,291.8785705566406,1535.5001220703125,270.3193054199219,1594.5413818359375,313.4378356933594
28,1.12,1,2,car,0.47602394223213196,1249.4552612304688,382.59686279296875,1206.781982421875,351.10638427734375,1292.1285400390625,414.08734130859375
29,1.16,1,2,car,0.6290616393089294,1249.7094116210938,386.7341613769531,1208.303466796875,355.2002868652344,1291.1153564453125,418.2680358886719
29,1.16,3,2,car,0.4403821527957916,1563.8739624023438,291.45872497558594,1535.4990234375,270.2581787109375,1592.2489013671875,312.6592712402344
30,1.2,1,2,car,0.6293314099311829,1249.2163696289062,388.8189697265625,1207.9427490234375,356.77880859375,1290.489990234375,420.859130859375
30,1.2,3,2,car,0.5081087946891785,1561.1112060546875,290.9730987548828,1533.452392578125,269.5595703125,1588.77001953125,312.3866271972656
31,1.24,1,2,car,0.6910255551338196,1249.5673828125,390.6412353515625,1209.2548828125,357.6935119628906,1289.8798828125,423.5889587402344
31,1.24,3,2,car,0.5659165978431702,1558.1727294921875,290.8762512207031,1530.9215087890625,270.0712890625,1585.4239501953125,311.68121337890625
32,1.28,1,2,car,0.7064611315727234,1250.322509765625,391.8479461669922,1210.0792236328125,358.9398193359375,1290.5657958984375,424.7560729980469
32,1.28,4,2,car,0.5725603699684143,898.7050476074219,230.88228607177734,872.3092041015625,216.55783081054688,925.1008911132812,245.2067413330078
32,1.28,3,2,car,0.5685303211212158,1556.3280029296875,289.77821350097656,1528.21875,269.2683410644531,1584.437255859375,310.2880859375
33,1.32,1,2,car,0.6860942840576172,1250.7959594726562,393.57257080078125,1209.7484130859375,359.3359680175781,1291.843505859375,427.8091735839844
33,1.32,4,2,car,0.5762606263160706,899.7236938476562,230.36956024169922,871.7265014648438,215.5691680908203,927.7208862304688,245.16995239257812
33,1.32,3,2,car,0.551895022392273,1554.3731689453125,287.3680877685547,1525.23046875,265.1528625488281,1583.515869140625,309.58331298828125
34,1.36,1,2,car,0.7041067481040955,1251.3701171875,394.7706298828125,1210.0035400390625,360.97174072265625,1292.7366943359375,428.56951904296875
34,1.36,3,2,car,0.6386639475822449,1548.8543090820312,286.1987762451172,1521.69482421875,263.38323974609375,1576.0137939453125,309.0143127441406
34,1.36,4,2,car,0.5278632640838623,901.1405639648438,230.48446655273438,872.5702514648438,215.11976623535156,929.7108764648438,245.8491668701172
35,1.4,1,2,car,0.7420449256896973,1250.355224609375,396.41783142089844,1208.9859619140625,361.8736572265625,1291.7244873046875,430.9620056152344
35,1.4,3,2,car,0.6487649083137512,1545.1611328125,285.60777282714844,1517.540771484375,262.24237060546875,1572.781494140625,308.9731750488281
35,1.4,4,2,car,0.4507724344730377,902.3414611816406,230.18964385986328,874.1515502929688,214.80606079101562,930.5313720703125,245.57322692871094
36,1.44,1,2,car,0.703291654586792,1252.3123779296875,398.0495910644531,1209.655029296875,362.8915100097656,1294.9697265625,433.2076721191406
36,1.44,3,2,car,0.614150881767273,1543.3206787109375,287.77882385253906,1516.5697021484375,266.8143615722656,1570.0716552734375,308.7432861328125
37,1.48,1,2,car,0.5898924469947815,1253.4901123046875,399.56175231933594,1209.1156005859375,364.1015930175781,1297.8646240234375,435.02191162109375
37,1.48,3,2,car,0.504084587097168,1539.9666137695312,285.66444396972656,1512.99462890625,263.6148376464844,1566.9385986328125,307.71405029296875
38,1.52,1,2,car,0.6331262588500977,1252.6321411132812,401.7750549316406,1208.7862548828125,366.5819091796875,1296.47802734375,436.96820068359375
38,1.52,3,2,car,0.5601260662078857,1539.4791870117188,285.13059997558594,1512.09521484375,263.079345703125,1566.8631591796875,307.1818542480469
39,1.56,1,2,car,0.6530686020851135,1252.8455810546875,404.79473876953125,1208.461669921875,370.6168212890625,1297.2294921875,438.97265625
39,1.56,3,2,car,0.5265539288520813,1536.3760986328125,284.77113342285156,1509.6024169921875,262.5883483886719,1563.1497802734375,306.95391845703125
40,1.6,1,2,car,0.6854823231697083,1253.4786987304688,408.4080352783203,1209.2003173828125,373.8501281738281,1297.757080078125,442.9659423828125
40,1.6,3,2,car,0.626830518245697,1531.599365234375,284.403076171875,1504.047119140625,261.8584899902344,1559.151611328125,306.9476623535156
41,1.64,1,2,car,0.6999666690826416,1253.277587890625,410.65821838378906,1209.01806640625,375.975341796875,1297.537109375,445.3410949707031
41,1.64,3,2,car,0.5148598551750183,1528.1409912109375,283.4140167236328,1500.6243896484375,262.11358642578125,1555.6575927734375,304.7144470214844
42,1.68,1,2,car,0.700641930103302,1254.2296142578125,412.90745544433594,1208.8055419921875,378.48065185546875,1299.6536865234375,447.3342590332031
42,1.68,3,2,car,0.42826130986213684,1526.78173828125,282.1372833251953,1499.7791748046875,260.7034606933594,1553.7843017578125,303.57110595703125
42,1.68,4,2,car,0.3917677104473114,923.466796875,229.14263916015625,895.5979614257812,212.36097717285156,951.3356323242188,245.92430114746094
43,1.72,1,2,car,0.6989907622337341,1253.6947021484375,415.46209716796875,1209.3465576171875,380.91339111328125,1298.0428466796875,450.01080322265625
43,1.72,3,2,car,0.5053964257240295,1524.2564086914062,281.1714324951172,1496.34130859375,258.2265319824219,1552.1715087890625,304.1163330078125
43,1.72,4,2,car,0.45682817697525024,924.018310546875,230.23831939697266,896.9686889648438,214.005859375,951.0679321289062,246.4707794189453
44,1.76,1,2,car,0.7258076667785645,1253.7036743164062,417.11590576171875,1209.12353515625,381.97613525390625,1298.2838134765625,452.25567626953125
44,1.76,3,2,car,0.5930618047714233,1521.444091796875,280.1005554199219,1493.49951171875,256.59503173828125,1549.388671875,303.6060791015625
44,1.76,4,2,car,0.37553730607032776,926.4642333984375,230.64866638183594,899.2791137695312,214.55552673339844,953.6493530273438,246.74180603027344
45,1.8,1,2,car,0.7451649308204651,1253.9977416992188,419.1299743652344,1208.377197265625,383.5645751953125,1299.6182861328125,454.69537353515625
45,1.8,3,2,car,0.6101535558700562,1518.5660400390625,278.27345275878906,1489.116943359375,256.0948181152344,1548.01513671875,300.45208740234375
45,1.8,4,2,car,0.4224858283996582,929.6193237304688,231.0699005126953,901.8079833984375,214.81590270996094,957.4306640625,247.3238983154297
46,1.84,1,2,car,0.7403786182403564,1252.902099609375,421.5262756347656,1208.0841064453125,385.7837219238281,1297.7200927734375,457.2688293457031
46,1.84,3,2,car,0.5019333958625793,1519.39306640625,279.9476013183594,1490.0665283203125,257.10894775390625,1548.7196044921875,302.7862548828125
46,1.84,4,2,car,0.4629508852958679,934.1178588867188,230.24276733398438,902.6548461914062,212.05284118652344,965.5808715820312,248.4326934814453
47,1.88,1,2,car,0.7706979513168335,1253.273193359375,423.7276611328125,1206.66552734375,387.6697082519531,1299.880859375,459.7856140136719
47,1.88,3,2,car,0.5523943305015564,1517.749267578125,280.53367614746094,1489.4298095703125,258.77685546875,1546.0687255859375,302.2904968261719
47,1.88,4,2,car,0.523699939250946,931.8455200195312,233.80986785888672,903.32666015625,216.66783142089844,960.3643798828125,250.951904296875
48,1.92,1,2,car,0.7707523703575134,1252.7083129882812,425.2631378173828,1206.363037109375,389.06103515625,1299.0535888671875,461.4652404785156
48,1.92,3,2,car,0.5883679389953613,1513.4473876953125,278.3147888183594,1485.9844970703125,257.4262390136719,1540.9102783203125,299.2033386230469
48,1.92,4,2,car,0.47636160254478455,933.4449157714844,233.51861572265625,905.535888671875,215.71449279785156,961.3539428710938,251.32273864746094
49,1.96,1,2,car,0.7391902208328247,1252.798095703125,427.0030517578125,1206.470947265625,391.383544921875,1299.125244140625,462.62255859375
49,1.96,3,2,car,0.5857487916946411,1511.1578369140625,277.5827178955078,1483.7890625,256.45367431640625,1538.526611328125,298.7117614746094
49,1.96,4,2,car,0.3825984597206116,934.7186279296875,233.8253173828125,909.276123046875,216.24984741210938,960.1611328125,251.40078735351562
50,2.0,1,2,car,0.750604510307312,1253.1243896484375,430.6489562988281,1206.43212890625,393.8271789550781,1299.816650390625,467.4707336425781
50,2.0,3,2,car,0.6300368309020996,1509.3096923828125,278.913330078125,1477.5062255859375,257.62457275390625,1541.1131591796875,300.20208740234375
51,2.04,1,2,car,0.7879009246826172,1252.1466674804688,433.809814453125,1204.6761474609375,396.4029235839844,1299.6171875,471.2167053222656
51,2.04,3,2,car,0.6071641445159912,1507.1660766601562,278.7711181640625,1473.285400390625,257.288818359375,1541.0467529296875,300.25341796875
52,2.08,1,2,car,0.7882052063941956,1251.9574584960938,435.9423828125,1203.79248046875,398.15106201171875,1300.1224365234375,473.73370361328125
52,2.08,3,2,car,0.5563470721244812,1506.172607421875,277.9523010253906,1472.1688232421875,256.6026611328125,1540.1763916015625,299.30194091796875
53,2.12,1,2,car,0.7826863527297974,1251.5941772460938,438.5487518310547,1203.6005859375,400.761962890625,1299.5877685546875,476.3355407714844
53,2.12,3,2,car,0.5008444786071777,1505.7203369140625,276.3093948364258,1469.116455078125,254.32713317871094,1542.32421875,298.2916564941406
53,2.12,4,2,car,0.3779933452606201,947.7383422851562,229.56678771972656,916.201171875,208.16015625,979.2755126953125,250.97341918945312
54,2.16,1,2,car,0.8208709359169006,1251.7811279296875,441.3395233154297,1204.033447265625,402.6801452636719,1299.52880859375,479.9989013671875
54,2.16,3,2,car,0.5805864334106445,1499.0673828125,274.7108840942383,1465.1273193359375,252.06825256347656,1533.0074462890625,297.353515625
54,2.16,4,2,car,0.4180459976196289,948.5399780273438,229.55982971191406,915.1605834960938,208.1685333251953,981.9193725585938,250.9511260986328
55,2.2,1,2,car,0.841446578502655,1251.3387451171875,442.9200897216797,1203.371337890625,404.2315979003906,1299.30615234375,481.60858154296875
55,2.2,4,2,car,0.5046769976615906,950.9937744140625,229.26283264160156,917.7938232421875,206.8135986328125,984.1937255859375,251.71206665039062
55,2.2,3,2,car,0.4874332845211029,1494.0166015625,274.3690719604492,1463.3834228515625,252.7503204345703,1524.6497802734375,295.9878234863281
56,2.24,1,2,car,0.8273004293441772,1251.13671875,445.35450744628906,1202.923828125,407.2972717285156,1299.349609375,483.4117431640625
56,2.24,3,2,car,0.4960789680480957,1488.4368896484375,274.0432815551758,1463.0401611328125,253.00547790527344,1513.8336181640625,295.0810852050781
56,2.24,4,2,car,0.4086093604564667,952.5093078613281,230.0427703857422,920.1665649414062,207.076171875,984.85205078125,253.00936889648438
57,2.28,1,2,car,0.7974253296852112,1250.8900756835938,447.99957275390625,1201.5465087890625,409.3655090332031,1300.233642578125,486.6336364746094
57,2.28,3,2,car,0.40971639752388,1486.909423828125,273.6661605834961,1462.6395263671875,253.0334930419922,1511.1793212890625,294.298828125
57,2.28,4,2,car,0.3616439700126648,954.5906066894531,231.40252685546875,923.90625,209.08851623535156,985.2749633789062,253.71653747558594
58,2.32,1,2,car,0.7715148329734802,1250.5377807617188,450.8533630371094,1200.946044921875,412.4805908203125,1300.1295166015625,489.22613525390625
58,2.32,3,2,car,0.3754768967628479,1483.0337524414062,274.4696044921875,1459.1778564453125,253.64080810546875,1506.8896484375,295.29840087890625
59,2.36,1,2,car,0.7465638518333435,1250.46142578125,453.2915954589844,1201.4130859375,414.0414733886719,1299.509765625,492.5417175292969
60,2.4,1,2,car,0.796882152557373,1249.60302734375,456.7519226074219,1199.1915283203125,416.3280029296875,1300.0145263671875,497.17584228515625
60,2.4,3,2,car,0.3805510103702545,1478.21337890625,272.6867904663086,1454.4404296875,252.7544403076172,1501.986328125,292.619140625
61,2.44,1,2,car,0.8151360750198364,1248.2936401367188,460.927001953125,1197.612060546875,420.25140380859375,1298.9752197265625,501.60260009765625
61,2.44,3,2,car,0.4292909502983093,1475.5731811523438,272.85684967041016,1450.650146484375,252.3065643310547,1500.4962158203125,293.4071350097656
62,2.48,1,2,car,0.8248818516731262,1247.9556274414062,463.8633575439453,1196.4593505859375,423.58331298828125,1299.451904296875,504.1434020996094
62,2.48,4,2,car,0.3840366303920746,970.9178161621094,236.91403198242188,935.924072265625,220.34628295898438,1005.9115600585938,253.48178100585938
62,2.48,3,2,car,0.37544187903404236,1470.3605346679688,272.88651275634766,1443.046875,253.1949005126953,1497.6741943359375,292.578125
63,2.52,1,2,car,0.8244298100471497,1246.6757202148438,465.9145202636719,1193.97314453125,425.26153564453125,1299.3782958984375,506.5675048828125
63,2.52,4,2,car,0.399660587310791,972.9472045898438,238.10623168945312,937.2220458984375,222.16104125976562,1008.67236328125,254.05142211914062
63,2.52,3,2,car,0.39649972319602966,1467.1460571289062,273.3279342651367,1439.5562744140625,254.09962463378906,1494.73583984375,292.5562438964844
64,2.56,1,2,car,0.8283985257148743,1246.533203125,468.0531005859375,1193.8697509765625,426.766845703125,1299.1966552734375,509.33935546875
64,2.56,4,2,car,0.4133823812007904,988.3738098144531,236.72250366210938,966.2688598632812,222.002197265625,1010.478759765625,251.44281005859375
65,2.6,1,2,car,0.8137767314910889,1245.500244140625,470.9400329589844,1192.3934326171875,428.7601318359375,1298.6070556640625,513.1199340820312
65,2.6,4,2,car,0.35068798065185547,982.0501098632812,236.80934143066406,952.8369140625,221.6927947998047,1011.2633056640625,251.92588806152344
66,2.64,1,2,car,0.8045903444290161,1244.8095092773438,474.6725311279297,1191.5657958984375,432.9855651855469,1298.05322265625,516.3594970703125
67,2.68,1,2,car,0.7832753658294678,1244.1951293945312,478.25791931152344,1189.5426025390625,435.4429626464844,1298.84765625,521.0728759765625
68,2.72,1,2,car,0.81438809633255,1243.2465209960938,481.8218536376953,1188.34765625,438.1579284667969,1298.1453857421875,525.4857788085938
68,2.72,4,2,car,0.4816801846027374,983.7540893554688,239.43006896972656,944.5101928710938,220.74569702148438,1022.9979858398438,258.11444091796875
69,2.76,1,2,car,0.8277691006660461,1242.3505859375,484.20831298828125,1187.783447265625,440.5484619140625,1296.917724609375,527.8681640625
69,2.76,4,2,car,0.4383107125759125,988.1513366699219,239.82037353515625,951.8508911132812,223.21975708007812,1024.4517822265625,256.4209899902344
70,2.8,1,2,car,0.8323493599891663,1241.0781860351562,486.7823181152344,1186.3359375,443.158447265625,1295.8204345703125,530.4061889648438
70,2.8,4,2,car,0.5120291113853455,992.1357421875,240.6796112060547,958.3509521484375,224.05038452148438,1025.9205322265625,257.308837890625
71,2.84,1,2,car,0.8298460245132446,1240.4634399414062,490.74937438964844,1186.0015869140625,446.8254089355469,1294.92529296875,534.67333984375
71,2.84,4,2,car,0.4292652904987335,989.3690185546875,241.08956146240234,948.1435546875,223.6746368408203,1030.594482421875,258.5044860839844
72,2.88,1,2,car,0.8309344053268433,1239.0047607421875,493.5523681640625,1183.3458251953125,448.12445068359375,1294.6636962890625,538.9802856445312
72,2.88,4,2,car,0.4953601360321045,1013.0852661132812,240.68069458007812,993.0545654296875,224.71737670898438,1033.115966796875,256.6440124511719
72,2.88,5,2,car,0.4091474711894989,976.9486999511719,242.1654510498047,949.5538330078125,224.23141479492188,1004.3435668945312,260.0994873046875
72,2.88,3,2,car,0.38128581643104553,1442.4098510742188,267.53250885009766,1416.191162109375,250.12229919433594,1468.6285400390625,284.9427185058594
73,2.92,1,2,car,0.8083386421203613,1237.975830078125,497.0212097167969,1180.420654296875,449.90533447265625,1295.531005859375,544.1370849609375
73,2.92,4,2,car,0.5014119744300842,1011.9044494628906,241.01824188232422,987.7794799804688,224.30360412597656,1036.0294189453125,257.7328796386719
73,2.92,3,2,car,0.4113818407058716,1441.7158813476562,267.4898986816406,1416.8265380859375,249.64068603515625,1466.605224609375,285.339111328125
73,2.92,5,2,car,0.3812897503376007,985.5005493164062,242.05748748779297,951.9385986328125,223.54591369628906,1019.0625,260.5690612792969
74,2.96,1,2,car,0.7613227367401123,1236.4373779296875,501.5809783935547,1178.63623046875,454.7746887207031,1294.238525390625,548.3872680664062
74,2.96,4,2,car,0.4787594676017761,1012.9655151367188,240.76950073242188,989.666259765625,224.06222534179688,1036.2647705078125,257.4767761230469
74,2.96,3,2,car,0.4135161340236664,1440.1051025390625,265.91917419433594,1415.9930419921875,248.154052734375,1464.2171630859375,283.6842956542969
75,3.0,1,2,car,0.8070238828659058,1235.0115966796875,504.8267059326172,1177.2667236328125,458.0126037597656,1292.7564697265625,551.6408081054688
75,3.0,5,2,car,0.38910189270973206,998.8485107421875,242.2982940673828,958.9005126953125,224.00958251953125,1038.7965087890625,260.5870056152344
75,3.0,3,2,car,0.3670578598976135,1435.7306518554688,266.0990219116211,1412.0194091796875,248.4752655029297,1459.44189453125,283.7227783203125
76,3.04,1,2,car,0.8417237401008606,1233.5966796875,508.57305908203125,1175.2200927734375,461.6290283203125,1291.9732666015625,555.51708984375
76,3.04,5,2,car,0.4265216290950775,1001.3599548339844,242.6545639038086,960.6769409179688,224.36952209472656,1042.04296875,260.9396057128906
77,3.08,1,2,car,0.7780829668045044,1232.2356567382812,512.4513244628906,1173.080322265625,465.06463623046875,1291.3909912109375,559.8380126953125
77,3.08,5,2,car,0.4070248007774353,985.7367553710938,241.97991180419922,962.7024536132812,224.66404724121094,1008.7710571289062,259.2957763671875
77,3.08,4,2,car,0.3853592574596405,1017.9835205078125,241.50857543945312,990.260986328125,224.48318481445312,1045.7060546875,258.5339660644531
78,3.12,1,2,car,0.8107070326805115,1228.0549926757812,516.7189025878906,1169.3934326171875,469.6949462890625,1286.716552734375,563.7428588867188
78,3.12,3,2,car,0.45122089982032776,1428.1509399414062,263.86624908447266,1403.8514404296875,246.6040802001953,1452.450439453125,281.12841796875
78,3.12,5,2,car,0.443926066160202,993.4196472167969,242.4358901977539,962.8936767578125,223.8845672607422,1023.9456176757812,260.9872131347656
79,3.16,1,2,car,0.8447045683860779,1226.9077758789062,520.0961761474609,1166.90771484375,471.0172424316406,1286.9078369140625,569.1751098632812
79,3.16,3,2,car,0.4458872079849243,1424.0626220703125,263.65502166748047,1399.205322265625,246.23304748535156,1448.919921875,281.0769958496094
79,3.16,5,2,car,0.3637913167476654,992.9558715820312,243.5470962524414,964.562255859375,224.2638702392578,1021.3494873046875,262.830322265625
80,3.2,1,2,car,0.7955024838447571,1225.6082763671875,524.1627807617188,1165.277099609375,474.81878662109375,1285.939453125,573.5067749023438
80,3.2,3,2,car,0.4120093286037445,1418.4310913085938,263.7456359863281,1391.6978759765625,246.1331787109375,1445.164306640625,281.35809326171875
80,3.2,5,2,car,0.3526104986667633,989.4805297851562,243.59622955322266,965.5713500976562,225.7320098876953,1013.3897094726562,261.46044921875
81,3.24,1,2,car,0.8094772696495056,1223.5185546875,527.5446929931641,1163.5972900390625,478.3489685058594,1283.4398193359375,576.7404174804688
81,3.24,3,2,car,0.3999725878238678,1417.297607421875,263.18064880371094,1391.8994140625,245.90817260742188,1442.69580078125,280.453125
82,3.28,1,2,car,0.8761209845542908,1220.8298950195312,531.9716796875,1159.4351806640625,481.759033203125,1282.224609375,582.184326171875
82,3.28,3,2,car,0.4280124008655548,1415.6756591796875,263.02320861816406,1391.5621337890625,245.65408325195312,1439.7891845703125,280.392333984375
83,3.32,1,2,car,0.8463125228881836,1219.8062744140625,536.0145263671875,1157.806396484375,485.997802734375,1281.80615234375,586.03125
83,3.32,3,2,car,0.3927740454673767,1411.0914916992188,263.691162109375,1386.2138671875,246.38796997070312,1435.9691162109375,280.9943542480469
84,3.36,1,2,car,0.8198357820510864,1218.4059448242188,541.557373046875,1155.0303955078125,490.38568115234375,1281.781494140625,592.7290649414062
84,3.36,3,2,car,0.4392646849155426,1408.92041015625,263.83966064453125,1383.8291015625,246.75970458984375,1434.01171875,280.91961669921875
84,3.36,5,2,car,0.3584708273410797,997.89404296875,244.6873550415039,972.5723876953125,225.8738250732422,1023.2156982421875,263.5008850097656
85,3.4,1,2,car,0.7986279726028442,1215.6615600585938,546.7620697021484,1151.1361083984375,495.5279846191406,1280.18701171875,597.9961547851562
85,3.4,5,2,car,0.4775843024253845,996.9876708984375,246.0662384033203,972.8054809570312,227.39959716796875,1021.1698608398438,264.7328796386719
85,3.4,3,2,car,0.3753422498703003,1406.6119384765625,263.41898345947266,1382.0107421875,246.5207977294922,1431.213134765625,280.3171691894531
86,3.44,1,2,car,0.8493641018867493,1214.1895751953125,549.7748870849609,1148.996337890625,497.4167175292969,1279.3828125,602.133056640625
86,3.44,5,2,car,0.4630618095397949,999.843994140625,246.4839859008789,974.5711669921875,226.21998596191406,1025.1168212890625,266.74798583984375
87,3.48,1,2,car,0.8563482165336609,1212.4932861328125,554.9303436279297,1148.8421630859375,502.1936950683594,1276.1444091796875,607.6669921875
87,3.48,5,2,car,0.42821672558784485,1000.6693420410156,246.74317932128906,976.7587280273438,225.5870361328125,1024.5799560546875,267.8993225097656
88,3.52,1,2,car,0.8415473699569702,1207.4677124023438,559.6043243408203,1142.2076416015625,506.8288879394531,1272.727783203125,612.3797607421875
88,3.52,5,2,car,0.39936548471450806,1001.4626770019531,246.4864501953125,978.9992065429688,225.46249389648438,1023.9261474609375,267.5104064941406
88,3.52,4,2,car,0.37316131591796875,1048.9140014648438,245.94139099121094,1025.0467529296875,229.62237548828125,1072.78125,262.2604064941406
89,3.56,1,2,car,0.8571634888648987,1205.6229248046875,563.8595581054688,1139.2515869140625,509.41864013671875,1271.9942626953125,618.3004760742188
89,3.56,5,2,car,0.4320545494556427,1002.7759704589844,246.83599090576172,981.0737915039062,225.3830108642578,1024.4781494140625,268.2889709472656
89,3.56,4,2,car,0.4009436368942261,1049.37939453125,245.73636627197266,1025.3671875,229.2886505126953,1073.3916015625,262.18408203125
89,3.56,3,2,car,0.38188233971595764,1395.6082153320312,263.23372650146484,1370.6739501953125,246.2534637451172,1420.54248046875,280.2139892578125
90,3.6,1,2,car,0.8666074275970459,1202.2955322265625,568.8946228027344,1132.7615966796875,513.53515625,1271.8294677734375,624.2540893554688
90,3.6,5,2,car,0.46706682443618774,1005.2256469726562,247.68314361572266,983.620849609375,227.14869689941406,1026.8304443359375,268.21759033203125
90,3.6,4,2,car,0.42513027787208557,1053.830322265625,246.7063217163086,1030.403076171875,232.8527069091797,1077.257568359375,260.5599365234375
91,3.64,1,2,car,0.8800007700920105,1199.3391723632812,573.2239074707031,1127.7923583984375,517.93701171875,1270.885986328125,628.5108032226562
91,3.64,5,2,car,0.4721154570579529,1008.0345764160156,248.72570037841797,984.6817016601562,227.38380432128906,1031.387451171875,270.0675964355469
91,3.64,4,2,car,0.4271290600299835,1058.5565795898438,247.21874237060547,1035.889892578125,233.43360900878906,1081.2232666015625,261.0038757324219
92,3.68,1,2,car,0.8579916954040527,1197.703857421875,578.0605773925781,1126.6812744140625,521.7041015625,1268.7264404296875,634.4170532226562
92,3.68,5,2,car,0.49544769525527954,1009.1073913574219,248.02115631103516,987.0800170898438,225.17555236816406,1031.134765625,270.86676025390625
92,3.68,4,2,car,0.47642555832862854,1059.643798828125,247.90204620361328,1037.646240234375,233.5225067138672,1081.641357421875,262.2815856933594
93,3.72,1,2,car,0.8662015795707703,1195.307373046875,583.5404663085938,1124.0947265625,527.3193969726562,1266.52001953125,639.7615356445312
93,3.72,4,2,car,0.4514404237270355,1060.10595703125,247.8562774658203,1038.5328369140625,234.62521362304688,1081.6790771484375,261.08734130859375
93,3.72,5,2,car,0.43332406878471375,1011.6471557617188,249.52535247802734,987.1365966796875,227.8868865966797,1036.15771484375,271.163818359375
94,3.76,1,2,car,0.8352776169776917,1191.1710205078125,589.3431396484375,1120.18359375,531.367919921875,1262.158447265625,647.318359375
95,3.8,1,2,car,0.835124135017395,1187.720947265625,593.873291015625,1115.6656494140625,535.4785766601562,1259.7762451171875,652.2680053710938
95,3.8,3,2,car,0.38869863748550415,1379.7197265625,260.0387420654297,1356.5322265625,243.18319702148438,1402.9072265625,276.894287109375
95,3.8,5,2,car,0.3700946271419525,1015.3556518554688,250.27983856201172,991.5738525390625,232.1217498779297,1039.137451171875,268.43792724609375
95,3.8,4,2,car,0.36118441820144653,1067.7227783203125,248.46027374267578,1046.7176513671875,234.74876403808594,1088.7279052734375,262.1717834472656
96,3.84,1,2,car,0.8236686587333679,1185.2142333984375,600.978515625,1112.56494140625,543.0661010742188,1257.863525390625,658.8909301757812
97,3.88,1,2,car,0.8390940427780151,1181.21923828125,605.1476135253906,1105.059814453125,544.6773071289062,1257.378662109375,665.617919921875
97,3.88,4,2,car,0.46837759017944336,1070.8118896484375,250.3405990600586,1045.369140625,235.52760314941406,1096.254638671875,265.1535949707031
97,3.88,5,2,car,0.3866777718067169,1018.7964172363281,250.963134765625,995.3981323242188,232.87286376953125,1042.1947021484375,269.05340576171875
98,3.92,1,2,car,0.7799510955810547,1176.947509765625,611.7141723632812,1100.782958984375,549.223388671875,1253.112060546875,674.2049560546875
98,3.92,4,2,car,0.5544081926345825,1075.368896484375,251.97046661376953,1053.3255615234375,236.15785217285156,1097.4122314453125,267.7830810546875
98,3.92,5,2,car,0.41558486223220825,1020.7915649414062,252.56047821044922,996.59619140625,233.69032287597656,1044.9869384765625,271.4306335449219
99,3.96,1,2,car,0.8614891171455383,1172.9017944335938,617.3677978515625,1096.16357421875,554.1328735351562,1249.6400146484375,680.6027221679688
99,3.96,4,2,car,0.4298434555530548,1077.6846313476562,251.14581298828125,1056.516357421875,236.43539428710938,1098.8529052734375,265.8562316894531
99,3.96,5,2,car,0.36224454641342163,1023.4515991210938,253.36193084716797,999.0311279296875,233.8392791748047,1047.8720703125,272.88458251953125
100,4.0,1,2,car,0.7735263109207153,1167.8348388671875,621.8303527832031,1089.306884765625,556.8974609375,1246.36279296875,686.7632446289062
100,4.0,5,2,car,0.3797359764575958,1024.8118286132812,254.65548706054688,1000.1982421875,236.41122436523438,1049.4254150390625,272.8997497558594
101,4.04,1,2,car,0.8416260480880737,1165.1672973632812,628.5735778808594,1085.5308837890625,563.688232421875,1244.8037109375,693.4589233398438
101,4.04,5,2,car,0.41616690158843994,1026.9653930664062,254.26258850097656,1003.7078857421875,236.6868896484375,1050.222900390625,271.8382873535156
101,4.04,4,2,car,0.40562307834625244,1082.83056640625,250.4961929321289,1060.1705322265625,236.82508850097656,1105.4906005859375,264.16729736328125
102,4.08,1,2,car,0.7753207087516785,1161.3387451171875,636.7264404296875,1081.6007080078125,572.1868896484375,1241.0767822265625,701.2659912109375
102,4.08,4,2,car,0.43145230412483215,1085.3740234375,251.2857437133789,1060.5281982421875,236.46583557128906,1110.2198486328125,266.10565185546875
102,4.08,5,2,car,0.425663560628891,1028.8534851074219,253.53789520263672,1007.3659057617188,235.3831024169922,1050.341064453125,271.69268798828125
103,4.12,1,2,car,0.8431020975112915,1158.3154296875,643.7026672363281,1078.64697265625,579.42724609375,1237.98388671875,707.9780883789062
103,4.12,5,2,car,0.48710423707962036,1030.96240234375,254.30924224853516,1009.099609375,236.31263732910156,1052.8251953125,272.30584716796875
103,4.12,4,2,car,0.36474770307540894,1088.4413452148438,252.336669921875,1065.652587890625,236.59512329101562,1111.2301025390625,268.0782165527344
104,4.16,1,2,car,0.8380729556083679,1153.5964965820312,649.7724914550781,1072.36083984375,583.404296875,1234.8321533203125,716.1406860351562
104,4.16,5,2,car,0.4700739085674286,1031.8080749511719,255.4082794189453,1008.6666870117188,237.70980834960938,1054.949462890625,273.10675048828125
105,4.2,1,2,car,0.7888936996459961,1148.5574340820312,657.1300964355469,1066.6552734375,589.0543212890625,1230.4595947265625,725.2058715820312
105,4.2,5,2,car,0.48486775159835815,1033.3925170898438,256.0439758300781,1010.070556640625,237.72171020507812,1056.7144775390625,274.3662414550781
106,4.24,1,2,car,0.7734134793281555,1142.871826171875,663.8865356445312,1058.9150390625,594.8961791992188,1226.82861328125,732.8768920898438
106,4.24,5,2,car,0.47355392575263977,1034.9556884765625,256.3295440673828,1010.447021484375,237.26959228515625,1059.46435546875,275.3894958496094
107,4.28,1,2,car,0.8520702719688416,1139.3717041015625,671.5814514160156,1054.2774658203125,600.1858520507812,1224.4659423828125,742.97705078125
107,4.28,5,2,car,0.41661691665649414,1036.6365356445312,255.53526306152344,1012.462890625,236.26620483398438,1060.8101806640625,274.8043212890625
107,4.28,3,2,car,0.3729148507118225,1345.415771484375,254.83995819091797,1321.9053955078125,237.26194763183594,1368.9261474609375,272.41796875
108,4.32,1,2,car,0.8758912682533264,1134.22509765625,680.0647583007812,1047.962158203125,606.949462890625,1220.488037109375,753.1800537109375
108,4.32,5,2,car,0.44418302178382874,1039.0275573730469,256.10938262939453,1014.5245971679688,236.23081970214844,1063.530517578125,275.9879455566406
108,4.32,4,2,car,0.39433005452156067,1099.0160522460938,253.69657135009766,1075.01220703125,236.69203186035156,1123.0198974609375,270.70111083984375
108,4.32,3,2,car,0.3540070056915283,1343.7910766601562,254.6662826538086,1321.734375,237.1655731201172,1365.8477783203125,272.1669921875
109,4.36,1,2,car,0.8629599809646606,1128.9911499023438,686.6671752929688,1042.3421630859375,613.4921875,1215.64013671875,759.8421630859375
109,4.36,5,2,car,0.4741714596748352,1041.2499084472656,256.17003631591797,1016.1102905273438,236.51161193847656,1066.3895263671875,275.8284606933594
109,4.36,4,2,car,0.3603842854499817,1102.083984375,253.31382751464844,1081.4710693359375,236.8421630859375,1122.6968994140625,269.7854919433594
110,4.4,1,2,car,0.7660337686538696,1124.0523681640625,693.2429809570312,1035.239990234375,619.3635864257812,1212.86474609375,767.1223754882812
110,4.4,5,2,car,0.5031884908676147,1043.8858032226562,257.72666931152344,1019.358642578125,237.55618286132812,1068.4129638671875,277.89715576171875
110,4.4,4,2,car,0.411924809217453,1104.2427978515625,253.14714813232422,1082.8985595703125,237.0219268798828,1125.5870361328125,269.2723693847656
111,4.44,1,2,car,0.7665179371833801,1117.5836181640625,700.1831970214844,1025.589599609375,621.9212646484375,1209.57763671875,778.4451293945312
111,4.44,5,2,car,0.460123747587204,1044.7634582519531,259.8629608154297,1019.7269897460938,239.34942626953125,1069.7999267578125,280.3764953613281
111,4.44,4,2,car,0.3889613747596741,1105.7626953125,253.91138458251953,1082.7386474609375,236.94764709472656,1128.7867431640625,270.8751220703125
112,4.48,1,2,car,0.7661876678466797,1112.9622497558594,707.2362670898438,1021.5297241210938,626.4788818359375,1204.394775390625,787.99365234375
112,4.48,5,2,car,0.4235100746154785,1046.5148315429688,260.67516326904297,1021.0806884765625,239.7838897705078,1071.948974609375,281.5664367675781
112,4.48,4,2,car,0.4146011173725128,1108.0654907226562,254.41742706298828,1085.933349609375,237.0098419189453,1130.1976318359375,271.82501220703125
113,4.52,1,2,car,0.760815441608429,1104.7402648925781,720.5944519042969,1011.0188598632812,643.0805053710938,1198.461669921875,798.1083984375
113,4.52,3,2,car,0.36002448201179504,1332.8399047851562,252.10697174072266,1311.385986328125,237.3174591064453,1354.2938232421875,266.896484375
113,4.52,4,2,car,0.3526816666126251,1109.6202392578125,254.8791961669922,1088.244140625,236.97418212890625,1130.996337890625,272.7842102050781
114,4.56,1,2,car,0.8787767887115479,1099.7359313964844,728.8128662109375,1004.6918334960938,649.5877075195312,1194.780029296875,808.0380249023438
115,4.6,1,2,car,0.8528580069541931,1093.7581481933594,737.54248046875,997.3057250976562,657.4364013671875,1190.2105712890625,817.6485595703125
115,4.6,4,2,car,0.39349624514579773,1112.60498046875,256.40367889404297,1088.614501953125,238.47166442871094,1136.595458984375,274.335693359375
116,4.64,1,2,car,0.8274602293968201,1086.1493835449219,747.3467102050781,987.7241821289062,666.755126953125,1184.5745849609375,827.9382934570312
117,4.68,1,2,car,0.885983407497406,1078.8646240234375,757.8236389160156,979.683837890625,674.010498046875,1178.04541015625,841.6367797851562
117,4.68,4,2,car,0.4134129285812378,1120.4237670898438,257.3002624511719,1098.5125732421875,239.05197143554688,1142.3349609375,275.5485534667969
118,4.72,1,2,car,0.832291841506958,1071.2073669433594,768.05078125,969.3821411132812,683.0746459960938,1173.0325927734375,853.0269165039062
119,4.76,1,2,car,0.8328205943107605,1063.9999694824219,777.5379638671875,959.9320678710938,692.032470703125,1168.06787109375,863.04345703125
119,4.76,5,2,car,0.4364343583583832,1057.3073120117188,263.00486755371094,1034.9935302734375,240.017578125,1079.62109375,285.9921569824219
119,4.76,4,2,car,0.37576824426651,1123.8878784179688,260.1216354370117,1101.7705078125,241.14317321777344,1146.0052490234375,279.10009765625
120,4.8,1,2,car,0.8393108248710632,1057.3954162597656,787.1314086914062,950.0718383789062,700.155029296875,1164.718994140625,874.1077880859375
120,4.8,5,2,car,0.4328717589378357,1058.73486328125,263.3486022949219,1036.1729736328125,240.44467163085938,1081.2967529296875,286.2525329589844
121,4.84,1,2,car,0.8089137077331543,1048.6546936035156,799.5780029296875,941.3593139648438,711.649658203125,1155.9500732421875,887.50634765625
121,4.84,3,2,car,0.40393155813217163,1310.3765869140625,248.26052856445312,1287.47314453125,234.1585693359375,1333.280029296875,262.36248779296875
122,4.88,1,2,car,0.8549690842628479,1040.8180847167969,810.3831176757812,930.5311889648438,719.8187866210938,1151.10498046875,900.9474487304688
122,4.88,4,2,car,0.5062843561172485,1127.7783813476562,262.47989654541016,1102.080810546875,244.38890075683594,1153.4759521484375,280.5708923339844
122,4.88,5,2,car,0.42410972714424133,1064.8135375976562,262.4919891357422,1040.869873046875,240.15234375,1088.7572021484375,284.8316345214844
122,4.88,3,2,car,0.41660648584365845,1309.1970825195312,247.77008056640625,1286.411376953125,233.463134765625,1331.9827880859375,262.0770263671875
123,4.92,1,2,car,0.8322495818138123,1033.0733337402344,820.9926452636719,922.1130981445312,727.1050415039062,1144.0335693359375,914.8802490234375
123,4.92,4,2,car,0.5055303573608398,1128.0200805664062,263.2394256591797,1101.25732421875,244.62982177734375,1154.7828369140625,281.8490295410156
124,4.96,1,2,car,0.8397920727729797,1023.6005859375,833.2648315429688,910.2894287109375,738.1885986328125,1136.9117431640625,928.341064453125
125,5.0,1,2,car,0.8761235475540161,1013.4262390136719,844.9369812011719,897.8040161132812,747.6549682617188,1129.0484619140625,942.218994140625
125,5.0,3,2,car,0.42978742718696594,1301.8363037109375,246.92442321777344,1283.060302734375,233.42129516601562,1320.6123046875,260.42755126953125
125,5.0,4,2,car,0.35776397585868835,1139.006103515625,264.3428649902344,1119.0992431640625,246.42581176757812,1158.9129638671875,282.2599182128906
126,5.04,1,2,car,0.850959837436676,1004.3442993164062,858.9914245605469,887.720947265625,760.7129516601562,1120.9676513671875,957.2698974609375
126,5.04,4,2,car,0.435907244682312,1140.7017822265625,264.5734558105469,1119.0213623046875,245.64642333984375,1162.3822021484375,283.50048828125
126,5.04,3,2,car,0.42381206154823303,1299.7220458984375,246.92548370361328,1279.4765625,232.6835174560547,1319.967529296875,261.1674499511719
126,5.04,5,2,car,0.3802410066127777,1069.7656860351562,262.68699645996094,1045.316162109375,240.83047485351562,1094.2152099609375,284.54351806640625
127,5.08,1,2,car,0.8262747526168823,995.1637878417969,873.4374389648438,874.8325805664062,770.9315185546875,1115.4949951171875,975.943359375
127,5.08,4,2,car,0.3774017095565796,1144.3047485351562,265.7957992553711,1123.1866455078125,247.07432556152344,1165.4228515625,284.51727294921875
128,5.12,1,2,car,0.8701280951499939,983.8915405273438,886.9776306152344,861.8209228515625,781.928466796875,1105.962158203125,992.0267944335938
129,5.16,1,2,car,0.8414946794509888,972.3581237792969,901.7473754882812,847.7590942382812,795.9710083007812,1096.9571533203125,1007.5237426757812
130,5.2,1,2,car,0.7809192538261414,961.39697265625,917.9930114746094,834.384033203125,809.8958129882812,1088.409912109375,1026.0902099609375
131,5.24,1,2,car,0.8891196846961975,949.7574462890625,934.8854675292969,820.4908447265625,822.2069702148438,1079.0240478515625,1047.56396484375
132,5.28,1,2,car,0.8729780316352844,938.2036743164062,950.8416137695312,804.7646484375,837.369873046875,1071.6427001953125,1064.3133544921875
132,5.28,4,2,car,0.41971534490585327,1154.3325805664062,265.3315200805664,1131.4229736328125,246.38035583496094,1177.2421875,284.2826843261719
133,5.32,1,2,car,0.8641837239265442,924.8809204101562,963.7992553710938,789.4339599609375,850.9010009765625,1060.327880859375,1076.697509765625
133,5.32,4,2,car,0.5592333078384399,1156.2349853515625,265.3340148925781,1132.069091796875,246.41098022460938,1180.40087890625,284.2570495605469
134,5.36,1,2,car,0.8727525472640991,913.0833129882812,972.2018432617188,773.72607421875,867.2149658203125,1052.4405517578125,1077.188720703125
134,5.36,4,2,car,0.5375863909721375,1157.46044921875,265.77474212646484,1134.3546142578125,247.27171325683594,1180.5662841796875,284.27777099609375
135,5.4,1,2,car,0.8712126016616821,897.1056518554688,981.3045043945312,753.2764892578125,882.6090087890625,1040.934814453125,1080.0
135,5.4,4,2,car,0.3692895770072937,1160.9862060546875,264.3616027832031,1137.443359375,246.06381225585938,1184.529052734375,282.6593933105469
136,5.44,1,2,car,0.8846914172172546,884.4219055175781,990.4075012207031,741.2620239257812,901.6517944335938,1027.581787109375,1079.1632080078125
136,5.44,4,2,car,0.3699454665184021,1162.3502197265625,265.4677200317383,1139.0108642578125,247.4750213623047,1185.6895751953125,283.4604187011719
136,5.44,3,2,car,0.35098931193351746,1273.6534423828125,240.32789611816406,1252.106689453125,222.0845947265625,1295.2001953125,258.5711975097656
137,5.48,1,2,car,0.8269930481910706,868.6235046386719,997.8212585449219,722.221435546875,915.6425170898438,1015.0255737304688,1080.0
138,5.52,1,2,car,0.8205411434173584,858.2020568847656,1008.4639892578125,709.6279907226562,937.573974609375,1006.776123046875,1079.35400390625
139,5.56,1,2,car,0.7891508936882019,845.85498046875,1014.1175231933594,701.0491333007812,952.1940307617188,990.6608276367188,1076.041015625
140,5.6,1,2,car,0.789020299911499,834.5219421386719,1025.7160034179688,695.2988891601562,975.4530029296875,973.7449951171875,1075.97900390625
141,5.64,1,2,car,0.6887610554695129,816.9874877929688,1035.084228515625,685.3474731445312,992.2562255859375,948.6275024414062,1077.9122314453125
149,5.96,5,2,car,0.5050613880157471,1109.2767333984375,272.4261016845703,1081.6146240234375,247.35552978515625,1136.9388427734375,297.4966735839844
150,6.0,5,2,car,0.6048135161399841,1110.556640625,273.350341796875,1082.3887939453125,247.6666259765625,1138.7244873046875,299.0340576171875
150,6.0,4,2,car,0.466872900724411,1197.8779296875,278.0085906982422,1173.212890625,259.79705810546875,1222.54296875,296.2201232910156
151,6.04,5,2,car,0.5348400473594666,1111.7394409179688,273.97713470458984,1083.43310546875,248.14463806152344,1140.0457763671875,299.80963134765625
151,6.04,4,2,car,0.4827296733856201,1198.5513916015625,278.180908203125,1175.0247802734375,259.31207275390625,1222.0780029296875,297.04974365234375
151,6.04,6,2,car,0.4075707495212555,1034.6416320800781,243.39401245117188,1012.1196899414062,227.50604248046875,1057.16357421875,259.281982421875
152,6.08,5,2,car,0.5821886658668518,1115.299072265625,276.02545166015625,1086.54052734375,249.41555786132812,1144.0576171875,302.6353454589844
152,6.08,6,2,car,0.524940550327301,1036.1410827636719,243.059326171875,1013.3856811523438,226.48516845703125,1058.896484375,259.63348388671875
152,6.08,4,2,car,0.4988415241241455,1201.4979858398438,278.6130676269531,1177.2279052734375,262.650390625,1225.76806640625,294.57574462890625
153,6.12,4,2,car,0.6314541101455688,1203.4107055664062,278.97032165527344,1178.009765625,262.2247619628906,1228.8116455078125,295.71588134765625
153,6.12,5,2,car,0.6152499318122864,1116.5106201171875,276.08655548095703,1088.6097412109375,250.4135284423828,1144.4114990234375,301.75958251953125
153,6.12,6,2,car,0.534502387046814,1037.5561218261719,243.69794464111328,1012.6671752929688,227.48313903808594,1062.445068359375,259.9127502441406
153,6.12,7,2,car,0.520203173160553,992.53857421875,236.4857177734375,969.69580078125,220.74038696289062,1015.38134765625,252.23104858398438
154,6.16,5,2,car,0.6354202032089233,1117.6427612304688,278.5940933227539,1090.4276123046875,253.8390655517578,1144.85791015625,303.34912109375
154,6.16,4,2,car,0.542064368724823,1205.6271362304688,279.09840393066406,1181.7576904296875,261.6244201660156,1229.49658203125,296.5723876953125
154,6.16,7,2,car,0.43776240944862366,995.2223205566406,236.45947265625,974.218017578125,220.7779083251953,1016.2266235351562,252.1410369873047
154,6.16,6,2,car,0.3677363991737366,1039.8954772949219,242.48712158203125,1016.8250122070312,225.73562622070312,1062.9659423828125,259.2386169433594
155,6.2,4,2,car,0.5816689729690552,1206.5711669921875,281.10792541503906,1183.14501953125,264.2001953125,1229.997314453125,298.0156555175781
155,6.2,5,2,car,0.5248340368270874,1118.9083251953125,279.0771942138672,1091.6292724609375,254.24713134765625,1146.1873779296875,303.9072570800781
156,6.24,5,2,car,0.5245630145072937,1119.8785400390625,279.62623596191406,1092.522216796875,255.318115234375,1147.23486328125,303.9343566894531
156,6.24,4,2,car,0.48422470688819885,1209.0729370117188,280.0688171386719,1185.2088623046875,262.6935729980469,1232.93701171875,297.4440612792969
157,6.28,4,2,car,0.5058715343475342,1213.1278076171875,280.2698974609375,1187.8995361328125,262.3130798339844,1238.3560791015625,298.2267150878906
157,6.28,6,2,car,0.3573864698410034,1043.0213012695312,242.97423553466797,1022.9718017578125,229.11119079589844,1063.07080078125,256.8372802734375
158,6.32,4,2,car,0.5474154353141785,1215.7255859375,281.9412078857422,1189.88427734375,263.16680908203125,1241.56689453125,300.7156066894531
158,6.32,5,2,car,0.461990088224411,1124.837890625,281.3386688232422,1095.7735595703125,256.0970764160156,1153.9022216796875,306.58026123046875
159,6.36,4,2,car,0.5305768251419067,1216.6820068359375,283.8146514892578,1190.9835205078125,264.746826171875,1242.3804931640625,302.8824768066406
160,6.4,4,2,car,0.47130152583122253,1219.9298706054688,283.39935302734375,1194.66015625,264.31585693359375,1245.1995849609375,302.48284912109375
162,6.48,4,2,car,0.4236283302307129,1225.304931640625,283.59356689453125,1200.7794189453125,263.79144287109375,1249.8304443359375,303.39569091796875
163,6.52,4,2,car,0.537713348865509,1225.4133911132812,285.0185241699219,1200.596923828125,264.90777587890625,1250.2298583984375,305.1292724609375
163,6.52,6,2,car,0.4351453185081482,1060.4105834960938,246.916259765625,1038.6519775390625,234.19583129882812,1082.169189453125,259.6366882324219
164,6.56,4,2,car,0.5222911238670349,1226.5359497070312,286.0471649169922,1200.76904296875,265.3935546875,1252.3028564453125,306.7007751464844
164,6.56,7,2,car,0.43636220693588257,1017.6116943359375,240.1022491455078,994.82763671875,223.55911254882812,1040.395751953125,256.6453857421875
164,6.56,6,2,car,0.4268297553062439,1062.1134033203125,248.9624252319336,1039.884765625,235.65061950683594,1084.342041015625,262.27423095703125
164,6.56,5,2,car,0.40081721544265747,1134.4888305664062,284.0592498779297,1106.7213134765625,257.348876953125,1162.25634765625,310.7696228027344
165,6.6,6,2,car,0.5643051862716675,1062.6536254882812,250.2237548828125,1039.5543212890625,235.6551513671875,1085.7529296875,264.7923583984375
165,6.6,4,2,car,0.5400644540786743,1227.2632446289062,286.23878479003906,1202.1083984375,266.1227722167969,1252.4180908203125,306.35479736328125
165,6.6,5,2,car,0.41733089089393616,1135.5332641601562,286.2356719970703,1106.976318359375,261.0411682128906,1164.0902099609375,311.43017578125
166,6.64,4,2,car,0.622229278087616,1230.560302734375,286.3009338378906,1205.96337890625,266.7843017578125,1255.1572265625,305.81756591796875
166,6.64,6,2,car,0.6036236882209778,1064.4246215820312,250.92369842529297,1041.257568359375,235.89390563964844,1087.5916748046875,265.9534912109375
166,6.64,5,2,car,0.5323693156242371,1136.3157348632812,288.6293029785156,1107.324462890625,264.181396484375,1165.3070068359375,313.07720947265625
166,6.64,7,2,car,0.37327226996421814,1022.2805786132812,240.57987213134766,1003.803955078125,225.59005737304688,1040.7572021484375,255.56968688964844
167,6.68,4,2,car,0.5953980684280396,1233.3655395507812,286.8069305419922,1208.2646484375,266.81231689453125,1258.4664306640625,306.8015441894531
167,6.68,5,2,car,0.5249884128570557,1139.0330200195312,288.52655029296875,1111.354248046875,263.8455810546875,1166.7117919921875,313.20751953125
167,6.68,6,2,car,0.4826292395591736,1064.771240234375,250.86383056640625,1040.6580810546875,235.6014404296875,1088.8843994140625,266.126220703125
168,6.72,4,2,car,0.5104672312736511,1235.933837890625,286.3165283203125,1210.2734375,266.3290100097656,1261.59423828125,306.3040466308594
168,6.72,5,2,car,0.4644334316253662,1141.2638549804688,289.2559509277344,1114.48291015625,263.9156188964844,1168.0447998046875,314.5962829589844
169,6.76,4,2,car,0.5052959322929382,1238.3794555664062,286.3052062988281,1211.75390625,265.5430603027344,1265.0050048828125,307.0673522949219
169,6.76,5,2,car,0.4686140716075897,1142.2626342773438,289.78224182128906,1114.587890625,263.0539245605469,1169.9373779296875,316.51055908203125
170,6.8,4,2,car,0.3895910084247589,1242.8756103515625,288.38099670410156,1214.8348388671875,267.4726867675781,1270.9163818359375,309.289306640625
171,6.84,4,2,car,0.363874614238739,1245.64208984375,289.0182342529297,1216.4561767578125,267.55364990234375,1274.8280029296875,310.4828186035156
172,6.88,4,2,car,0.4907900393009186,1247.0913696289062,289.4026184082031,1218.447021484375,267.2990417480469,1275.7357177734375,311.5061950683594
172,6.88,5,2,car,0.41984549164772034,1145.3533935546875,291.90550231933594,1117.92529296875,266.064697265625,1172.781494140625,317.7463073730469
173,6.92,4,2,car,0.5299780368804932,1249.0822143554688,289.7106018066406,1220.8275146484375,265.4169921875,1277.3369140625,314.00421142578125
173,6.92,5,2,car,0.5170279741287231,1147.0805053710938,293.8880310058594,1118.95751953125,268.59393310546875,1175.2034912109375,319.18212890625
174,6.96,5,2,car,0.5567898154258728,1149.4850463867188,295.81805419921875,1120.61572265625,271.30389404296875,1178.3543701171875,320.33221435546875
174,6.96,4,2,car,0.5414484143257141,1250.664306640625,290.81646728515625,1224.085205078125,267.5383605957031,1277.243408203125,314.0945739746094
175,7.0,4,2,car,0.5354622006416321,1253.1633911132812,291.63160705566406,1225.081787109375,268.842529296875,1281.2449951171875,314.4206848144531
175,7.0,7,2,car,0.3897883892059326,1042.0400390625,243.76013946533203,1022.2708740234375,228.43812561035156,1061.8092041015625,259.0821533203125
175,7.0,5,2,car,0.38525792956352234,1152.0259399414062,294.0682067871094,1123.887451171875,268.2124328613281,1180.1644287109375,319.9239807128906
176,7.04,4,2,car,0.5534098744392395,1255.3965454101562,291.3918914794922,1226.861572265625,268.294189453125,1283.9315185546875,314.4895935058594
176,7.04,7,2,car,0.37711066007614136,1044.1697082519531,245.5673599243164,1023.9746704101562,230.03599548339844,1064.36474609375,261.0987243652344
177,7.08,4,2,car,0.5278201103210449,1258.5003051757812,291.9904479980469,1232.26953125,268.9031982421875,1284.7310791015625,315.07769775390625
178,7.12,4,2,car,0.5947858691215515,1261.689453125,294.6571807861328,1234.0115966796875,272.0426025390625,1289.3673095703125,317.2717590332031
178,7.12,6,2,car,0.37633201479911804,1092.2296142578125,256.5010452270508,1069.8739013671875,240.1915740966797,1114.5853271484375,272.8105163574219
179,7.16,4,2,car,0.6338114738464355,1263.095947265625,295.12193298339844,1235.431640625,272.1998291015625,1290.76025390625,318.0440368652344
179,7.16,6,2,car,0.42398780584335327,1094.476318359375,256.7596435546875,1071.568359375,240.64041137695312,1117.38427734375,272.8788757324219
180,7.2,4,2,car,0.5797803997993469,1264.9683837890625,294.8437805175781,1238.083740234375,271.3089599609375,1291.85302734375,318.37860107421875
181,7.24,4,2,car,0.5018623471260071,1267.717529296875,298.0332946777344,1240.4267578125,275.84869384765625,1295.00830078125,320.2178955078125
181,7.24,8,2,car,0.4589399993419647,985.6068115234375,242.87781524658203,960.3704833984375,224.15492248535156,1010.8431396484375,261.6007080078125
181,7.24,5,2,car,0.43420666456222534,1161.2688598632812,298.673583984375,1131.13720703125,271.95208740234375,1191.4005126953125,325.39508056640625
181,7.24,7,2,car,0.3648940324783325,1052.8339233398438,245.73719787597656,1031.53857421875,229.41110229492188,1074.1292724609375,262.06329345703125
182,7.28,4,2,car,0.5620961785316467,1269.8106079101562,301.36488342285156,1241.806640625,281.8578186035156,1297.8145751953125,320.8719482421875
182,7.28,8,2,car,0.402057409286499,987.3028564453125,242.2493133544922,963.0047607421875,223.509521484375,1011.6009521484375,260.9891052246094
182,7.28,5,2,car,0.37168949842453003,1162.6777954101562,300.52691650390625,1133.042724609375,274.5651550292969,1192.3128662109375,326.4886779785156
183,7.32,4,2,car,0.5161136984825134,1270.8011474609375,300.1666717529297,1243.5125732421875,278.5157775878906,1298.0897216796875,321.81756591796875
183,7.32,8,2,car,0.43746453523635864,988.0115356445312,242.16351318359375,964.5916137695312,223.43890380859375,1011.4314575195312,260.88812255859375
183,7.32,5,2,car,0.36554139852523804,1164.62255859375,302.7060852050781,1136.262451171875,276.7127380371094,1192.982666015625,328.6994323730469
184,7.36,4,2,car,0.5750139951705933,1273.2874145507812,302.67755126953125,1246.4923095703125,279.9060974121094,1300.08251953125,325.4490051269531
184,7.36,8,2,car,0.3999447822570801,990.7322998046875,242.42184448242188,966.9051513671875,222.952880859375,1014.5594482421875,261.89080810546875
184,7.36,6,2,car,0.3697589337825775,1104.1517333984375,256.8163604736328,1081.4345703125,239.39199829101562,1126.868896484375,274.24072265625
185,7.4,4,2,car,0.5704007744789124,1275.198486328125,304.1063995361328,1248.046875,282.4781188964844,1302.35009765625,325.73468017578125
185,7.4,8,2,car,0.411664754152298,991.1694946289062,241.9162826538086,967.3873901367188,223.5343780517578,1014.9515991210938,260.2981872558594
185,7.4,6,2,car,0.3880794644355774,1106.0203247070312,256.88867950439453,1083.4307861328125,239.4282989501953,1128.60986328125,274.34906005859375
186,7.44,4,2,car,0.570275604724884,1276.2838745117188,304.45872497558594,1248.9031982421875,281.4309387207031,1303.66455078125,327.48651123046875
186,7.44,5,2,car,0.456442266702652,1169.8590698242188,303.7841491699219,1139.157470703125,275.9100036621094,1200.5606689453125,331.6582946777344
187,7.48,4,2,car,0.6465726494789124,1279.0861206054688,306.40301513671875,1251.2843017578125,284.7757873535156,1306.887939453125,328.0302429199219
187,7.48,5,2,car,0.4226701557636261,1170.8131103515625,305.3504333496094,1139.938232421875,278.1832580566406,1201.68798828125,332.5176086425781
187,7.48,8,2,car,0.39267656207084656,996.0379943847656,243.22840118408203,970.1035766601562,222.56126403808594,1021.972412109375,263.8955383300781
188,7.52,4,2,car,0.6021940112113953,1282.6586303710938,305.9090270996094,1255.834228515625,282.5948181152344,1309.4830322265625,329.2232360839844
188,7.52,5,2,car,0.5817100405693054,1172.340087890625,305.5823211669922,1142.56201171875,278.2941589355469,1202.1181640625,332.8704833984375
188,7.52,8,2,car,0.3751510977745056,998.0101318359375,244.62528228759766,972.4969482421875,224.4077911376953,1023.5233154296875,264.8427734375
189,7.56,4,2,car,0.701592743396759,1285.5680541992188,307.0884094238281,1258.67626953125,284.7502746582031,1312.4598388671875,329.4265441894531
189,7.56,9,2,car,0.6321855783462524,1893.870849609375,485.2867889404297,1868.3873291015625,435.7402038574219,1919.3543701171875,534.8333740234375
189,7.56,10,2,car,0.4790556728839874,1890.869384765625,407.59437561035156,1862.43017578125,374.64093017578125,1919.30859375,440.5478210449219
189,7.56,5,2,car,0.4622960686683655,1173.2010498046875,305.8783721923828,1142.8692626953125,277.34710693359375,1203.5328369140625,334.4096374511719
189,7.56,8,2,car,0.39558160305023193,999.9990234375,245.42151641845703,975.202880859375,225.49525451660156,1024.795166015625,265.3477783203125
190,7.6,4,2,car,0.6667764782905579,1286.7108154296875,308.195068359375,1260.91259765625,285.1094055175781,1312.509033203125,331.2807312011719
190,7.6,9,2,car,0.4477677047252655,1890.0311279296875,454.02587890625,1860.7020263671875,374.603759765625,1919.3602294921875,533.447998046875
190,7.6,8,2,car,0.39388033747673035,1000.7490234375,245.38650512695312,975.8770751953125,225.11965942382812,1025.6209716796875,265.6533508300781
190,7.6,5,2,car,0.3613554537296295,1174.7694091796875,305.7645263671875,1143.6014404296875,276.51104736328125,1205.9373779296875,335.01800537109375
191,7.64,4,2,car,0.6864733099937439,1287.8576049804688,309.029052734375,1262.034423828125,286.4075622558594,1313.6807861328125,331.6505432128906
191,7.64,6,2,car,0.4708283841609955,1119.9246826171875,269.0019073486328,1096.2535400390625,251.44830322265625,1143.5958251953125,286.5555114746094
191,7.64,9,2,car,0.41718387603759766,1887.5704956054688,450.5630798339844,1855.958251953125,373.92608642578125,1919.1827392578125,527.2000732421875
191,7.64,7,2,car,0.38480523228645325,1079.1467895507812,252.06426239013672,1056.677001953125,233.82078552246094,1101.6165771484375,270.3077392578125
191,7.64,8,2,car,0.3720782995223999,1001.3370361328125,245.45388793945312,976.9298095703125,224.5198974609375,1025.7442626953125,266.38787841796875
191,7.64,5,2,car,0.3581991195678711,1175.0243530273438,305.23333740234375,1143.260498046875,274.4332580566406,1206.7882080078125,336.0334167480469
192,7.68,4,2,car,0.6950089931488037,1290.564208984375,309.3662414550781,1262.33935546875,286.98687744140625,1318.7890625,331.74560546875
192,7.68,9,2,car,0.492129385471344,1885.005615234375,447.9738311767578,1850.826416015625,373.0635681152344,1919.184814453125,522.8840942382812
192,7.68,8,2,car,0.45550474524497986,1003.4608154296875,245.78958129882812,980.7344970703125,225.31509399414062,1026.1871337890625,266.2640686035156
192,7.68,5,2,car,0.40332478284835815,1177.0185546875,305.8204040527344,1146.2320556640625,274.4495849609375,1207.8050537109375,337.19122314453125
193,7.72,4,2,car,0.6835601925849915,1293.7642211914062,311.5594940185547,1265.3197021484375,290.27215576171875,1322.208740234375,332.8468322753906
193,7.72,9,2,car,0.4758360981941223,1882.6373291015625,445.6812744140625,1845.8994140625,370.2030029296875,1919.375244140625,521.1595458984375
193,7.72,6,2,car,0.4646565318107605,1126.3779296875,264.1757125854492,1103.1009521484375,244.3128204345703,1149.6549072265625,284.0386047363281
193,7.72,8,2,car,0.43842843174934387,1005.6160278320312,246.26952362060547,983.49853515625,225.43858337402344,1027.7335205078125,267.1004638671875
193,7.72,5,2,car,0.37111467123031616,1178.8994140625,305.96107482910156,1145.54931640625,273.7851867675781,1212.24951171875,338.136962890625
194,7.76,4,2,car,0.6680867075920105,1295.8753051757812,311.0963134765625,1267.6695556640625,289.5292663574219,1324.0810546875,332.6633605957031
194,7.76,9,2,car,0.5341408252716064,1879.4126586914062,441.3674011230469,1839.405029296875,365.44500732421875,1919.4202880859375,517.289794921875
194,7.76,8,2,car,0.46967458724975586,1008.4747619628906,246.43907928466797,985.9025268554688,224.6891326904297,1031.0469970703125,268.18902587890625
194,7.76,5,2,car,0.4116470217704773,1180.7930297851562,307.6009063720703,1148.8304443359375,276.6263427734375,1212.755615234375,338.5754699707031
195,7.8,4,2,car,0.6799104809761047,1297.9269409179688,310.3913269042969,1270.777099609375,288.5895080566406,1325.0767822265625,332.1931457519531
195,7.8,9,2,car,0.6306403875350952,1876.8907470703125,435.10462951660156,1834.5194091796875,358.898193359375,1919.2620849609375,511.3110656738281
195,7.8,5,2,car,0.5769293308258057,1181.9591064453125,308.42430114746094,1149.079345703125,277.08221435546875,1214.8388671875,339.7663879394531
195,7.8,8,2,car,0.5254573225975037,1010.8882751464844,246.09917449951172,987.0734252929688,225.10862731933594,1034.703125,267.0897216796875
195,7.8,7,2,car,0.3730618357658386,1086.4224243164062,252.90120697021484,1063.7362060546875,235.49708557128906,1109.108642578125,270.3053283691406
196,7.84,4,2,car,0.775456964969635,1299.17529296875,313.0773468017578,1271.49658203125,289.6028137207031,1326.85400390625,336.5518798828125
196,7.84,5,2,car,0.6448076963424683,1183.8319091796875,309.48060607910156,1151.874755859375,279.3152160644531,1215.7890625,339.64599609375
196,7.84,8,2,car,0.5957088470458984,1012.5079345703125,246.20970916748047,989.45654296875,225.05091857910156,1035.559326171875,267.3684997558594
196,7.84,9,2,car,0.579536497592926,1874.8919677734375,434.369384765625,1830.53759765625,359.0086669921875,1919.246337890625,509.7301025390625
196,7.84,6,2,car,0.4323139488697052,1131.517578125,264.49920654296875,1108.3809814453125,243.53961181640625,1154.6541748046875,285.45880126953125
196,7.84,7,2,car,0.40641048550605774,1088.8012084960938,252.45062255859375,1066.381591796875,235.525634765625,1111.2208251953125,269.3756103515625
197,7.88,4,2,car,0.8240982294082642,1301.7974853515625,314.3209533691406,1274.11669921875,291.4093322753906,1329.478271484375,337.2325744628906
197,7.88,8,2,car,0.5555645823478699,1012.6007690429688,246.5158462524414,991.5126953125,226.3533477783203,1033.6888427734375,266.6783447265625
197,7.88,5,2,car,0.5478718876838684,1184.4716186523438,310.7807312011719,1152.8935546875,281.0105895996094,1216.0496826171875,340.5508728027344
197,7.88,9,2,car,0.5198203921318054,1872.4383544921875,433.23284912109375,1825.606201171875,358.0477294921875,1919.2705078125,508.41796875
197,7.88,7,2,car,0.4225253462791443,1089.6842041015625,252.6170196533203,1067.25634765625,234.53814697265625,1112.112060546875,270.6958923339844
197,7.88,6,2,car,0.3722616136074066,1132.8408203125,264.40612030029297,1109.9281005859375,243.5247344970703,1155.7535400390625,285.2875061035156
198,7.92,4,2,car,0.795908510684967,1302.734375,314.67933654785156,1273.8948974609375,291.64691162109375,1331.5738525390625,337.7117614746094
198,7.92,5,2,car,0.6482418775558472,1185.993896484375,313.13157653808594,1154.4759521484375,283.03448486328125,1217.5118408203125,343.2286682128906
198,7.92,8,2,car,0.6053407788276672,1014.2190551757812,247.76321411132812,992.587158203125,227.40545654296875,1035.8509521484375,268.1209716796875
198,7.92,9,2,car,0.5500404238700867,1870.2579345703125,429.3489074707031,1821.5482177734375,355.63385009765625,1918.9676513671875,503.06396484375
198,7.92,6,2,car,0.4168567359447479,1135.2332763671875,263.70654296875,1111.6259765625,243.60540771484375,1158.840576171875,283.80767822265625
199,7.96,4,2,car,0.8083090782165527,1304.980224609375,316.00096130371094,1275.3966064453125,292.4307861328125,1334.5638427734375,339.5711364746094
199,7.96,9,2,car,0.7450323104858398,1867.93505859375,427.60546875,1816.6248779296875,354.293701171875,1919.2452392578125,500.917236328125
199,7.96,5,2,car,0.676643431186676,1186.6036376953125,314.2465057373047,1154.71728515625,285.0048828125,1218.489990234375,343.4881286621094
199,7.96,8,2,car,0.49824094772338867,1016.6679992675781,248.3861312866211,994.5086059570312,227.3865509033203,1038.827392578125,269.3857116699219
199,7.96,6,2,car,0.4056604206562042,1137.2469482421875,263.40941619873047,1114.4326171875,243.91795349121094,1160.061279296875,282.90087890625
200,8.0,4,2,car,0.7510956525802612,1307.7451782226562,316.6116485595703,1278.373291015625,293.4491271972656,1337.1170654296875,339.774169921875
200,8.0,9,2,car,0.6249189972877502,1865.47998046875,425.6630859375,1811.7645263671875,354.05731201171875,1919.1954345703125,497.26885986328125
200,8.0,5,2,car,0.5248522758483887,1189.2196655273438,316.7269592285156,1159.0748291015625,288.700927734375,1219.364501953125,344.75299072265625
200,8.0,8,2,car,0.4885362982749939,1019.5661926269531,248.90940856933594,997.2756958007812,226.78189086914062,1041.856689453125,271.03692626953125
201,8.04,4,2,car,0.7741705775260925,1309.8844604492188,316.89808654785156,1280.0743408203125,294.32733154296875,1339.694580078125,339.4688415527344
201,8.04,9,2,car,0.5554739236831665,1861.1964111328125,425.42173767089844,1806.796142578125,353.98492431640625,1915.5966796875,496.8585510253906
201,8.04,8,2,car,0.46904483437538147,1023.011962890625,249.1080322265625,1001.5426025390625,226.81063842773438,1044.4813232421875,271.4054260253906
201,8.04,5,2,car,0.4648279547691345,1189.47412109375,316.6282196044922,1158.289306640625,287.45086669921875,1220.658935546875,345.8055725097656
202,8.08,9,2,car,0.787983238697052,1857.2288818359375,422.7069396972656,1802.44775390625,354.32281494140625,1912.010009765625,491.091064453125
202,8.08,4,2,car,0.7408784627914429,1311.0726318359375,318.5460205078125,1282.4462890625,296.337158203125,1339.698974609375,340.7548828125
202,8.08,8,2,car,0.4914585053920746,1025.1956176757812,250.17691040039062,1003.7537841796875,229.15484619140625,1046.637451171875,271.198974609375
202,8.08,5,2,car,0.3675185441970825,1190.8513793945312,316.6719207763672,1160.525146484375,286.96063232421875,1221.1776123046875,346.3832092285156
203,8.12,9,2,car,0.7887914180755615,1853.7042236328125,420.8053436279297,1797.7852783203125,352.7231140136719,1909.6231689453125,488.8875732421875
203,8.12,4,2,car,0.6753947138786316,1312.4570922851562,318.9925079345703,1284.636474609375,295.4762878417969,1340.2777099609375,342.50872802734375
203,8.12,8,2,car,0.4339514672756195,1026.8911437988281,249.71520233154297,1006.1189575195312,228.75425720214844,1047.663330078125,270.6761474609375
203,8.12,7,2,car,0.38445138931274414,1105.528076171875,242.85694122314453,1081.9803466796875,213.24412536621094,1129.0758056640625,272.4697570800781
204,8.16,9,2,car,0.7299934029579163,1849.405517578125,418.538818359375,1794.1666259765625,350.9620056152344,1904.6444091796875,486.1156311035156
204,8.16,4,2,car,0.6891724467277527,1314.1729736328125,321.3789520263672,1285.5653076171875,299.0674743652344,1342.7806396484375,343.6904296875
204,8.16,8,2,car,0.408327579498291,1027.7297973632812,249.79357147216797,1006.5684814453125,228.2223358154297,1048.89111328125,271.36480712890625
205,8.2,9,2,car,0.7348535060882568,1843.90576171875,416.7336730957031,1789.010009765625,350.6044921875,1898.801513671875,482.86285400390625
205,8.2,4,2,car,0.6521703004837036,1317.8230590820312,320.5415496826172,1289.6173095703125,297.44659423828125,1346.02880859375,343.6365051269531
205,8.2,5,2,car,0.3594970107078552,1195.8554077148438,320.2784881591797,1162.9822998046875,287.4613342285156,1228.728515625,353.09564208984375
206,8.24,9,2,car,0.661063015460968,1840.2454833984375,413.5147705078125,1787.943603515625,348.3553161621094,1892.54736328125,478.6742248535156
206,8.24,4,2,car,0.6534790992736816,1318.9284057617188,321.23675537109375,1290.502197265625,298.2290954589844,1347.3546142578125,344.2444152832031
207,8.28,4,2,car,0.6768040060997009,1321.3836669921875,323.12217712402344,1291.6630859375,299.0069580078125,1351.104248046875,347.2373962402344
207,8.28,9,2,car,0.6678202152252197,1835.06982421875,412.8263854980469,1780.5274658203125,347.8486633300781,1889.6121826171875,477.8041076660156
207,8.28,5,2,car,0.41635462641716003,1197.0478515625,321.6120147705078,1163.8580322265625,288.3047180175781,1230.2376708984375,354.9193115234375
207,8.28,8,2,car,0.4022811949253082,1033.27294921875,251.07131958007812,1010.8707275390625,229.52944946289062,1055.6751708984375,272.6131896972656
208,8.32,4,2,car,0.7480149865150452,1326.0698852539062,323.7840576171875,1296.6318359375,299.2098388671875,1355.5079345703125,348.3582763671875
208,8.32,9,2,car,0.5632979869842529,1829.1251220703125,409.51097106933594,1775.570068359375,344.7987060546875,1882.68017578125,474.2232360839844
208,8.32,8,2,car,0.48417478799819946,1033.6907348632812,251.92491149902344,1011.537109375,231.85287475585938,1055.8443603515625,271.9969482421875
208,8.32,5,2,car,0.443707674741745,1198.9762573242188,321.7627716064453,1165.651611328125,287.7653503417969,1232.3009033203125,355.76019287109375
208,8.32,6,2,car,0.37028568983078003,1159.0604858398438,271.70384216308594,1132.743896484375,257.34228515625,1185.3770751953125,286.0653991699219
209,8.36,4,2,car,0.7629708647727966,1326.9349975585938,326.1074523925781,1296.8463134765625,301.8679504394531,1357.023681640625,350.3469543457031
209,8.36,5,2,car,0.5827641487121582,1200.3184814453125,322.926513671875,1165.8521728515625,288.7278747558594,1234.7847900390625,357.1251525878906
209,8.36,8,2,car,0.5546132922172546,1035.7367248535156,252.87271881103516,1011.8915405273438,233.13890075683594,1059.5819091796875,272.6065368652344
209,8.36,9,2,car,0.5493108034133911,1825.8023071289062,407.9696960449219,1771.7171630859375,345.8315734863281,1879.887451171875,470.1078186035156
209,8.36,7,2,car,0.4890435039997101,1115.1885986328125,256.11844635009766,1092.4403076171875,239.28492736816406,1137.9368896484375,272.95196533203125
209,8.36,6,2,car,0.40363311767578125,1159.631103515625,271.09381103515625,1135.0074462890625,257.4909973144531,1184.2547607421875,284.6966247558594
210,8.4,4,2,car,0.7906560897827148,1327.9879150390625,327.0876770019531,1297.4317626953125,301.6120910644531,1358.5440673828125,352.5632629394531
210,8.4,5,2,car,0.7248185276985168,1201.4552612304688,324.77879333496094,1166.4969482421875,291.32098388671875,1236.41357421875,358.2366027832031
210,8.4,8,2,car,0.6068587303161621,1037.0613708496094,253.0743865966797,1013.9965209960938,233.10415649414062,1060.126220703125,273.04461669921875
210,8.4,9,2,car,0.5426303148269653,1821.2158203125,402.8034973144531,1770.8204345703125,342.8977966308594,1871.6112060546875,462.7091979980469
210,8.4,7,2,car,0.4877297282218933,1116.7000122070312,256.3757095336914,1094.584716796875,240.1337127685547,1138.8153076171875,272.6177062988281
210,8.4,6,2,car,0.45369312167167664,1160.3544921875,274.13096618652344,1135.8631591796875,257.4604187011719,1184.8458251953125,290.801513671875
211,8.44,4,2,car,0.791094958782196,1330.82080078125,327.5561981201172,1300.0067138671875,300.28118896484375,1361.6348876953125,354.8312072753906
211,8.44,5,2,car,0.7135784029960632,1203.3233032226562,326.45933532714844,1168.86669921875,293.1830749511719,1237.7799072265625,359.735595703125
211,8.44,9,2,car,0.6598544120788574,1815.3013305664062,402.34715270996094,1762.9879150390625,341.71942138671875,1867.61474609375,462.9748840332031
211,8.44,8,2,car,0.6582629680633545,1037.7943725585938,253.25101470947266,1015.127197265625,233.3564910888672,1060.4615478515625,273.1455383300781
211,8.44,7,2,car,0.5179754495620728,1119.197021484375,256.5217514038086,1096.8050537109375,240.27330017089844,1141.5889892578125,272.77020263671875
211,8.44,6,2,car,0.4341539442539215,1163.6990966796875,272.7273406982422,1139.047607421875,256.4971008300781,1188.3505859375,288.95758056640625
212,8.48,4,2,car,0.7973363399505615,1332.675048828125,329.0920104980469,1301.1527099609375,301.4217529296875,1364.1973876953125,356.76226806640625
212,8.48,9,2,car,0.7650197148323059,1811.366455078125,402.55462646484375,1757.96923828125,342.9207458496094,1864.763671875,462.1885070800781
212,8.48,5,2,car,0.708183765411377,1204.6290283203125,325.89308166503906,1170.313232421875,291.7054138183594,1238.94482421875,360.08074951171875
212,8.48,8,2,car,0.6175432205200195,1039.0431213378906,254.20440673828125,1016.0213012695312,234.25982666015625,1062.06494140625,274.14898681640625
212,8.48,7,2,car,0.5517755150794983,1120.1400146484375,258.7541198730469,1097.63671875,242.54864501953125,1142.643310546875,274.9595947265625
212,8.48,6,2,car,0.4932788908481598,1164.2857055664062,272.7344512939453,1139.275634765625,254.24432373046875,1189.2957763671875,291.2245788574219
213,8.52,4,2,car,0.7503554821014404,1334.5780639648438,328.6792755126953,1303.1243896484375,300.4264831542969,1366.03173828125,356.93206787109375
213,8.52,9,2,car,0.7139462232589722,1807.6380615234375,398.0726623535156,1756.9888916015625,336.8156433105469,1858.2872314453125,459.3296813964844
213,8.52,8,2,car,0.5830397605895996,1041.38671875,255.34080505371094,1017.7646484375,235.34591674804688,1065.0087890625,275.335693359375
213,8.52,5,2,car,0.5808603167533875,1204.4368286132812,328.1352996826172,1171.1671142578125,293.85205078125,1237.70654296875,362.4185485839844
213,8.52,6,2,car,0.4506709575653076,1165.875732421875,276.3050079345703,1141.44287109375,255.005859375,1190.30859375,297.6041564941406
213,8.52,7,2,car,0.41558152437210083,1123.454345703125,258.90943908691406,1103.9110107421875,242.2642822265625,1142.9976806640625,275.5545959472656
214,8.56,4,2,car,0.7394076585769653,1337.509033203125,330.30931091308594,1306.0479736328125,303.2807922363281,1368.9700927734375,357.33782958984375
214,8.56,9,2,car,0.6644711494445801,1802.056640625,397.1107177734375,1750.3857421875,338.6663818359375,1853.7275390625,455.5550537109375
214,8.56,5,2,car,0.6458019018173218,1205.9765625,329.1009979248047,1171.1781005859375,294.3796691894531,1240.7750244140625,363.82232666015625
214,8.56,6,2,car,0.533295750617981,1168.5486450195312,278.40906524658203,1143.14111328125,255.52552795410156,1193.9561767578125,301.2926025390625
214,8.56,8,2,car,0.5087451934814453,1044.0946655273438,256.42655181884766,1019.5447998046875,235.46315002441406,1068.64453125,277.38995361328125
214,8.56,11,2,car,0.4213704764842987,1891.9200439453125,508.8078918457031,1864.658203125,467.60980224609375,1919.181884765625,550.0059814453125
215,8.6,4,2,car,0.7175269722938538,1339.0323486328125,332.490966796875,1307.3291015625,308.0054626464844,1370.735595703125,356.9764709472656
215,8.6,9,2,car,0.6736031770706177,1797.3834228515625,394.2410888671875,1747.065673828125,335.8448181152344,1847.701171875,452.6373596191406
215,8.6,5,2,car,0.580030083656311,1206.9874267578125,330.52870178222656,1172.33544921875,296.02984619140625,1241.639404296875,365.0275573730469
215,8.6,11,2,car,0.5127303004264832,1891.5374755859375,507.46531677246094,1863.8160400390625,467.4701843261719,1919.2589111328125,547.46044921875
215,8.6,6,2,car,0.4499833583831787,1169.5430908203125,277.36326599121094,1145.293701171875,256.4775695800781,1193.79248046875,298.24896240234375
215,8.6,8,2,car,0.3671477437019348,1047.3473510742188,256.9558792114258,1022.6824951171875,236.6374053955078,1072.01220703125,277.27435302734375
216,8.64,4,2,car,0.7239347100257874,1340.1212158203125,333.90220642089844,1309.328369140625,309.4588623046875,1370.9140625,358.3455505371094
216,8.64,9,2,car,0.6666500568389893,1794.55078125,393.91175842285156,1743.0963134765625,335.59613037109375,1846.0052490234375,452.2273864746094
216,8.64,5,2,car,0.5871073007583618,1208.2827758789062,330.9927062988281,1173.8668212890625,296.748779296875,1242.69873046875,365.23663330078125
216,8.64,11,2,car,0.5611637830734253,1887.66796875,502.6452941894531,1856.05078125,462.50848388671875,1919.28515625,542.7821044921875
216,8.64,6,2,car,0.46198198199272156,1172.304931640625,276.0299072265625,1146.422607421875,256.6605224609375,1198.187255859375,295.3992919921875
216,8.64,8,2,car,0.3814973831176758,1047.919189453125,258.00585174560547,1023.2677001953125,237.6075897216797,1072.5706787109375,278.40411376953125
217,8.68,4,2,car,0.763813853263855,1341.1724243164062,335.3274841308594,1310.2003173828125,312.1000061035156,1372.14453125,358.5549621582031
217,8.68,11,2,car,0.7019762992858887,1883.304931640625,498.2081298828125,1847.0863037109375,458.4456787109375,1919.5235595703125,537.9705810546875
217,8.68,9,2,car,0.6295860409736633,1789.5687866210938,396.61553955078125,1738.6795654296875,342.4491882324219,1840.4580078125,450.7818908691406
217,8.68,5,2,car,0.6203436255455017,1209.2144775390625,331.8675079345703,1174.559326171875,297.349853515625,1243.86962890625,366.3851623535156
217,8.68,8,2,car,0.3895271122455597,1051.2694702148438,258.0538330078125,1028.326904296875,238.5457763671875,1074.2120361328125,277.5618896484375
217,8.68,7,2,car,0.3844943940639496,1132.2595825195312,265.15081787109375,1106.91064453125,243.41107177734375,1157.6085205078125,286.89056396484375
217,8.68,6,2,car,0.3641131520271301,1174.1970825195312,274.4087600708008,1149.51025390625,253.9112091064453,1198.8839111328125,294.90631103515625
218,8.72,4,2,car,0.788916826248169,1342.637451171875,336.8314666748047,1311.083740234375,312.4410400390625,1374.191162109375,361.2218933105469
218,8.72,11,2,car,0.7065874338150024,1882.0517578125,494.1101989746094,1844.5634765625,453.400634765625,1919.5400390625,534.8197631835938
218,8.72,5,2,car,0.5774222612380981,1209.3800659179688,332.8914031982422,1174.8370361328125,298.27252197265625,1243.923095703125,367.5102844238281
218,8.72,9,2,car,0.5417467951774597,1784.914306640625,390.8677215576172,1734.009521484375,333.1390075683594,1835.819091796875,448.596435546875
218,8.72,8,2,car,0.42713940143585205,1052.3190307617188,258.3554916381836,1028.93994140625,238.08677673339844,1075.6981201171875,278.62420654296875
218,8.72,6,2,car,0.4254840612411499,1176.72314453125,279.39076232910156,1151.92822265625,258.948974609375,1201.51806640625,299.8325500488281
219,8.76,11,2,car,0.7477297186851501,1879.8284912109375,491.5279998779297,1840.1458740234375,451.0128479003906,1919.5111083984375,532.0431518554688
219,8.76,4,2,car,0.7101640701293945,1346.56494140625,337.8570098876953,1313.4700927734375,314.2555847167969,1379.6597900390625,361.45843505859375
219,8.76,9,2,car,0.6659989953041077,1779.7618408203125,390.01341247558594,1728.7314453125,333.75201416015625,1830.792236328125,446.2748107910156
219,8.76,5,2,car,0.5632808208465576,1211.6670532226562,334.5203094482422,1175.642333984375,299.1154479980469,1247.6917724609375,369.9251708984375
219,8.76,6,2,car,0.42075446248054504,1177.700439453125,276.5278778076172,1151.041748046875,256.9524841308594,1204.359130859375,296.103271484375
219,8.76,8,2,car,0.4124264121055603,1054.5153198242188,257.8433074951172,1031.236572265625,237.69424438476562,1077.7940673828125,277.99237060546875
219,8.76,7,2,car,0.38266006112098694,1135.59326171875,266.3469924926758,1114.642822265625,245.2576446533203,1156.543701171875,287.43634033203125
220,8.8,4,2,car,0.7400602698326111,1348.350341796875,338.8855438232422,1314.5582275390625,314.5957336425781,1382.1424560546875,363.17535400390625
220,8.8,11,2,car,0.7356603145599365,1877.920166015625,484.9954376220703,1836.400634765625,442.5616149902344,1919.439697265625,527.4292602539062
220,8.8,5,2,car,0.6688218712806702,1213.6572265625,335.1263885498047,1176.25439453125,298.89068603515625,1251.06005859375,371.3620910644531
220,8.8,9,2,car,0.6094961762428284,1775.6846923828125,386.93861389160156,1725.949951171875,331.0361022949219,1825.41943359375,442.84112548828125
220,8.8,7,2,car,0.49224504828453064,1137.7748413085938,265.3518295288086,1115.6009521484375,244.6460418701172,1159.94873046875,286.0576171875
220,8.8,6,2,car,0.3882838487625122,1180.99462890625,276.147705078125,1153.6473388671875,258.27239990234375,1208.3419189453125,294.02301025390625
221,8.84,11,2,car,0.7398310303688049,1874.44482421875,483.3487091064453,1829.48876953125,442.2074890136719,1919.40087890625,524.4899291992188
221,8.84,4,2,car,0.7339073419570923,1351.8621215820312,340.3736267089844,1317.166015625,315.7004089355469,1386.5582275390625,365.0468444824219
221,8.84,5,2,car,0.5989209413528442,1214.368408203125,335.5108947753906,1177.343017578125,298.89825439453125,1251.393798828125,372.12353515625
221,8.84,9,2,car,0.5600219368934631,1771.3253173828125,400.9072570800781,1722.630615234375,360.4140319824219,1820.02001953125,441.4004821777344
221,8.84,7,2,car,0.44001224637031555,1138.2640991210938,266.4608917236328,1115.50244140625,245.30630493164062,1161.0257568359375,287.615478515625
222,8.88,4,2,car,0.7975413203239441,1353.7757568359375,340.7497863769531,1321.0592041015625,315.9639892578125,1386.4923095703125,365.53558349609375
222,8.88,11,2,car,0.774786114692688,1872.296630859375,480.344970703125,1825.20849609375,440.742919921875,1919.384765625,519.947021484375
222,8.88,5,2,car,0.6165740489959717,1214.4423828125,339.2762756347656,1177.8568115234375,303.5246276855469,1251.0279541015625,375.0279235839844
222,8.88,9,2,car,0.5550488829612732,1768.3502197265625,398.9242858886719,1719.48046875,358.7668762207031,1817.219970703125,439.0816955566406
222,8.88,7,2,car,0.3929843306541443,1139.37890625,266.46573638916016,1117.8226318359375,247.2505645751953,1160.9351806640625,285.680908203125
223,8.92,4,2,car,0.8028101325035095,1354.8334350585938,342.44190979003906,1321.2835693359375,317.06536865234375,1388.38330078125,367.8184509277344
223,8.92,11,2,car,0.7467039823532104,1871.332763671875,475.72291564941406,1823.732666015625,434.7712097167969,1918.932861328125,516.6746215820312
223,8.92,9,2,car,0.6773375868797302,1762.66015625,395.8052673339844,1715.2398681640625,355.0289611816406,1810.0804443359375,436.5815734863281
223,8.92,5,2,car,0.6631703972816467,1214.79345703125,341.09014892578125,1179.4661865234375,305.98663330078125,1250.1207275390625,376.19366455078125
223,8.92,7,2,car,0.45924022793769836,1144.4312744140625,267.3621368408203,1124.5611572265625,247.29318237304688,1164.3013916015625,287.43109130859375
224,8.96,4,2,car,0.8173736929893494,1357.5326538085938,342.91087341308594,1323.392578125,317.69891357421875,1391.6727294921875,368.1228332519531
224,8.96,11,2,car,0.7696884870529175,1867.9440307617188,472.553466796875,1817.1767578125,432.16717529296875,1918.7113037109375,512.9397583007812
224,8.96,5,2,car,0.6993340849876404,1216.7015991210938,339.1833801269531,1180.582763671875,302.9204406738281,1252.8204345703125,375.4463195800781
224,8.96,9,2,car,0.6253427863121033,1759.5439453125,394.2069396972656,1711.7021484375,353.9700622558594,1807.3857421875,434.4438171386719
224,8.96,7,2,car,0.46073776483535767,1144.9637451171875,267.1867218017578,1123.6806640625,247.10458374023438,1166.246826171875,287.26885986328125
225,9.0,4,2,car,0.7880015969276428,1358.4832763671875,343.9668884277344,1324.4600830078125,318.8290100097656,1392.5064697265625,369.1047668457031
225,9.0,11,2,car,0.7678005695343018,1865.7484130859375,470.50286865234375,1812.861328125,430.2658996582031,1918.635498046875,510.7398376464844
225,9.0,9,2,car,0.6875879168510437,1753.65380859375,391.3413848876953,1705.76513671875,349.7754821777344,1801.54248046875,432.90728759765625
225,9.0,5,2,car,0.6818966269493103,1217.3944091796875,341.1361083984375,1179.99951171875,305.2731628417969,1254.789306640625,376.9990539550781
225,9.0,7,2,car,0.5106508135795593,1147.6859130859375,266.6488037109375,1127.7515869140625,247.0228271484375,1167.6202392578125,286.2747802734375
225,9.0,8,2,car,0.3759092390537262,1064.78955078125,260.6065902709961,1039.06640625,237.4936065673828,1090.5126953125,283.7195739746094
226,9.04,11,2,car,0.8491880297660828,1862.1397705078125,467.13519287109375,1807.6138916015625,426.4801940917969,1916.6656494140625,507.7901916503906
226,9.04,4,2,car,0.8217588663101196,1360.7367553710938,346.0572204589844,1326.41455078125,319.8204650878906,1395.0589599609375,372.2939758300781
226,9.04,5,2,car,0.6701167821884155,1217.4894409179688,343.2315979003906,1179.7784423828125,306.8511962890625,1255.200439453125,379.61199951171875
226,9.04,9,2,car,0.6249053478240967,1749.9169921875,392.9871368408203,1703.48291015625,354.9778747558594,1796.35107421875,430.99639892578125
226,9.04,12,2,car,0.45654553174972534,1771.5311279296875,348.02040100097656,1737.6405029296875,323.8802795410156,1805.4217529296875,372.1605224609375
226,9.04,7,2,car,0.379069447517395,1149.88623046875,265.7710418701172,1130.8992919921875,245.99697875976562,1168.8731689453125,285.54510498046875
227,9.08,11,2,car,0.8721903562545776,1857.71337890625,463.40863037109375,1802.1240234375,423.0531921386719,1913.302734375,503.7640686035156
227,9.08,4,2,car,0.8190722465515137,1362.152099609375,348.27191162109375,1328.633544921875,322.398193359375,1395.670654296875,374.1456298828125
227,9.08,5,2,car,0.6794772744178772,1218.4434814453125,343.8574676513672,1180.3568115234375,307.1810302734375,1256.5301513671875,380.5339050292969
227,9.08,9,2,car,0.6088787317276001,1747.0565185546875,388.0886535644531,1700.5645751953125,348.85015869140625,1793.5484619140625,427.3271484375
227,9.08,7,2,car,0.4021492302417755,1151.78955078125,268.0912094116211,1130.22265625,245.9788055419922,1173.3564453125,290.20361328125
227,9.08,8,2,car,0.401876837015152,1067.564208984375,261.38045501708984,1040.23388671875,238.5467987060547,1094.89453125,284.214111328125
227,9.08,12,2,car,0.3989448845386505,1769.2512817382812,349.4989318847656,1735.556396484375,322.65997314453125,1802.9461669921875,376.337890625
228,9.12,11,2,car,0.8273986577987671,1855.272216796875,461.72821044921875,1800.2581787109375,422.69342041015625,1910.2862548828125,500.76300048828125
228,9.12,4,2,car,0.8253483772277832,1364.1060180664062,348.27130126953125,1331.9459228515625,322.0299072265625,1396.26611328125,374.5126953125
228,9.12,5,2,car,0.6942014098167419,1218.9155883789062,345.21673583984375,1182.1126708984375,309.19805908203125,1255.718505859375,381.23541259765625
228,9.12,9,2,car,0.584139347076416,1743.1688232421875,387.1212463378906,1697.5341796875,349.5146789550781,1788.803466796875,424.7278137207031
228,9.12,12,2,car,0.5156128406524658,1763.7806396484375,347.19114685058594,1727.956787109375,320.8031005859375,1799.6044921875,373.5791931152344
228,9.12,8,2,car,0.4928041100502014,1068.3906860351562,262.3415832519531,1041.85205078125,239.690185546875,1094.9293212890625,284.99298095703125
228,9.12,7,2,car,0.4766509234905243,1153.4284057617188,268.0375213623047,1129.447265625,245.19314575195312,1177.4095458984375,290.88189697265625
229,9.16,4,2,car,0.8327332139015198,1366.6823120117188,350.72222900390625,1333.2659912109375,324.50244140625,1400.0986328125,376.9420166015625
229,9.16,11,2,car,0.7919729948043823,1849.8718872070312,458.35711669921875,1794.1461181640625,420.42242431640625,1905.59765625,496.29180908203125
229,9.16,5,2,car,0.7058317065238953,1219.7870483398438,346.7104034423828,1182.9581298828125,309.2071228027344,1256.615966796875,384.21368408203125
229,9.16,9,2,car,0.6628261208534241,1737.05859375,386.8699035644531,1691.3309326171875,350.9610900878906,1782.7862548828125,422.7787170410156
229,9.16,8,2,car,0.527560830116272,1070.3182983398438,261.9813919067383,1043.192138671875,239.02867126464844,1097.4444580078125,284.9341125488281
229,9.16,7,2,car,0.5192999243736267,1154.7926025390625,267.0246353149414,1131.480224609375,245.7196807861328,1178.10498046875,288.32958984375
229,9.16,12,2,car,0.44652456045150757,1761.5050048828125,344.90643310546875,1727.18115234375,319.3801574707031,1795.828857421875,370.4327087402344
230,9.2,4,2,car,0.8051650524139404,1368.8073120117188,352.0245666503906,1333.962890625,325.784912109375,1403.6517333984375,378.26422119140625
230,9.2,11,2,car,0.7906093001365662,1845.1871337890625,455.4290771484375,1790.633056640625,417.5581970214844,1899.7412109375,493.2999572753906
230,9.2,5,2,car,0.6954292058944702,1222.0942993164062,348.7246398925781,1185.096435546875,312.0252685546875,1259.0921630859375,385.42401123046875
230,9.2,7,2,car,0.5792150497436523,1157.6502075195312,266.98081970214844,1135.498046875,247.0517578125,1179.8023681640625,286.9098815917969
230,9.2,9,2,car,0.5620250105857849,1735.38720703125,381.8489227294922,1689.6705322265625,344.75335693359375,1781.1038818359375,418.9444885253906
230,9.2,8,2,car,0.5514063835144043,1072.2713012695312,262.5199661254883,1043.9989013671875,240.05897521972656,1100.543701171875,284.98095703125
230,9.2,12,2,car,0.46776220202445984,1756.1876220703125,344.6441192626953,1719.2662353515625,318.85247802734375,1793.1090087890625,370.4357604980469
230,9.2,6,2,car,0.4078541100025177,1199.4766845703125,282.4743957519531,1173.0164794921875,262.9184265136719,1225.9368896484375,302.0303649902344
231,9.24,4,2,car,0.8261402249336243,1370.5496826171875,352.2015686035156,1335.0684814453125,325.23297119140625,1406.0308837890625,379.170166015625
231,9.24,11,2,car,0.7720858454704285,1840.8621826171875,451.3757629394531,1787.677001953125,413.584716796875,1894.04736328125,489.16680908203125
231,9.24,5,2,car,0.6968815326690674,1222.5995483398438,349.7258605957031,1185.14501953125,313.4581604003906,1260.0540771484375,385.9935607910156
231,9.24,7,2,car,0.5716708898544312,1159.3204345703125,267.29076385498047,1138.0152587890625,249.01597595214844,1180.6256103515625,285.5655517578125
231,9.24,6,2,car,0.5569494962692261,1201.8745727539062,284.1734619140625,1175.36865234375,263.6602478027344,1228.3804931640625,304.6866760253906
231,9.24,9,2,car,0.5110957622528076,1733.1258544921875,380.8306121826172,1686.5687255859375,344.1619567871094,1779.6829833984375,417.499267578125
231,9.24,12,2,car,0.4418611228466034,1755.822509765625,343.36656188964844,1723.14697265625,318.3631896972656,1788.498046875,368.36993408203125
231,9.24,8,2,car,0.42345136404037476,1073.410888671875,262.0527572631836,1046.3760986328125,240.1538543701172,1100.4456787109375,283.95166015625
232,9.28,11,2,car,0.8108969330787659,1836.3841552734375,449.22340393066406,1781.6107177734375,411.7950439453125,1891.1575927734375,486.6517639160156
232,9.28,4,2,car,0.8066368699073792,1372.3146362304688,351.65577697753906,1337.091552734375,324.10577392578125,1407.5377197265625,379.2057800292969
232,9.28,9,2,car,0.6159849166870117,1725.2752075195312,380.72813415527344,1679.281494140625,345.3494567871094,1771.2689208984375,416.1068115234375
232,9.28,5,2,car,0.6065446138381958,1223.0307006835938,350.22528076171875,1185.6480712890625,313.8262023925781,1260.413330078125,386.6243591308594
232,9.28,8,2,car,0.6031715869903564,1073.8531494140625,262.7746047973633,1046.6151123046875,241.73085021972656,1101.0911865234375,283.818359375
232,9.28,7,2,car,0.5017647743225098,1161.0966796875,265.7327880859375,1140.00732421875,248.471435546875,1182.18603515625,282.994140625
232,9.28,6,2,car,0.4838659465312958,1203.3389892578125,285.62353515625,1178.5108642578125,265.2781982421875,1228.1671142578125,305.9688720703125
232,9.28,12,2,car,0.3546651303768158,1735.2264404296875,346.4086608886719,1686.671630859375,324.2975769042969,1783.78125,368.5197448730469
233,9.32,11,2,car,0.8185861110687256,1830.15087890625,447.1820068359375,1776.5277099609375,410.0234069824219,1883.7740478515625,484.3406066894531
233,9.32,4,2,car,0.8080906271934509,1374.89794921875,353.4329528808594,1339.4498291015625,325.1521301269531,1410.3460693359375,381.7137756347656
233,9.32,5,2,car,0.6234033107757568,1223.422607421875,351.1223907470703,1185.4798583984375,313.97674560546875,1261.3653564453125,388.2680358886719
233,9.32,12,2,car,0.5729343295097351,1738.2630615234375,340.4303741455078,1693.935791015625,313.4991760253906,1782.59033203125,367.361572265625
233,9.32,8,2,car,0.5241600275039673,1077.9219970703125,262.0447235107422,1049.151123046875,240.72488403320312,1106.69287109375,283.36456298828125
233,9.32,7,2,car,0.5228515863418579,1162.2797241210938,266.47705841064453,1141.46484375,249.25636291503906,1183.0946044921875,283.69775390625
233,9.32,6,2,car,0.4699784517288208,1203.4486083984375,285.2534942626953,1178.3133544921875,265.207763671875,1228.5838623046875,305.2992248535156
233,9.32,9,2,car,0.4038796126842499,1723.38134765625,378.6746063232422,1677.0362548828125,342.8349609375,1769.7264404296875,414.5142517089844
234,9.36,11,2,car,0.8090924024581909,1826.8090209960938,444.0714874267578,1773.8155517578125,407.2890319824219,1879.802490234375,480.85394287109375
234,9.36,4,2,car,0.8059242367744446,1376.2672729492188,354.4381103515625,1341.8363037109375,327.26910400390625,1410.6982421875,381.60711669921875
234,9.36,5,2,car,0.6625559329986572,1224.9427490234375,352.86962890625,1185.9921875,314.84814453125,1263.893310546875,390.89111328125
234,9.36,9,2,car,0.5808382630348206,1717.354248046875,377.68556213378906,1672.7471923828125,343.0036926269531,1761.9613037109375,412.367431640625
234,9.36,8,2,car,0.5625879168510437,1079.9901123046875,262.6281280517578,1050.497314453125,240.58767700195312,1109.48291015625,284.6685791015625
234,9.36,7,2,car,0.553874135017395,1164.019775390625,266.1462707519531,1143.24755859375,249.10272216796875,1184.7919921875,283.1898193359375
234,9.36,6,2,car,0.48957452178001404,1204.2899780273438,286.27394104003906,1178.1170654296875,266.2215576171875,1230.462890625,306.3263244628906
234,9.36,12,2,car,0.4282395541667938,1735.5234375,338.4837646484375,1690.93359375,312.97186279296875,1780.11328125,363.99566650390625
235,9.4,4,2,car,0.8568037152290344,1380.460205078125,358.07875061035156,1345.237060546875,331.0317687988281,1415.683349609375,385.125732421875
235,9.4,11,2,car,0.7830148339271545,1822.9913940429688,441.9284362792969,1770.40771484375,406.3849182128906,1875.5750732421875,477.4719543457031
235,9.4,5,2,car,0.6776829361915588,1225.5690307617188,353.9954071044922,1186.6640625,315.5780029296875,1264.4739990234375,392.4128112792969
235,9.4,9,2,car,0.6236677169799805,1714.2103271484375,376.6868438720703,1670.2335205078125,341.2391662597656,1758.1871337890625,412.134521484375
235,9.4,8,2,car,0.6069556474685669,1083.5079345703125,261.82191467285156,1053.6287841796875,240.0582275390625,1113.3870849609375,283.5856018066406
235,9.4,6,2,car,0.5701749920845032,1206.685302734375,286.3699493408203,1180.841552734375,267.6642150878906,1232.529052734375,305.07568359375
235,9.4,7,2,car,0.49221178889274597,1165.7262573242188,265.4681396484375,1145.28759765625,248.44500732421875,1186.1649169921875,282.49127197265625
236,9.44,4,2,car,0.8602701425552368,1381.5140380859375,359.43695068359375,1345.8231201171875,332.8684387207031,1417.2049560546875,386.0054626464844
236,9.44,5,2,car,0.7335577607154846,1227.6884155273438,355.5923767089844,1187.501708984375,317.6225280761719,1267.8751220703125,393.5622253417969
236,9.44,11,2,car,0.6395006775856018,1817.8875732421875,438.20196533203125,1766.32177734375,402.80584716796875,1869.453369140625,473.59808349609375
236,9.44,8,2,car,0.5055335164070129,1084.0293579101562,262.4126510620117,1052.645263671875,240.50148010253906,1115.4134521484375,284.3238220214844
236,9.44,6,2,car,0.5037562251091003,1207.7332763671875,287.8711242675781,1181.6978759765625,268.4971923828125,1233.7686767578125,307.24505615234375
236,9.44,9,2,car,0.5036956071853638,1711.070068359375,371.3917694091797,1667.9659423828125,333.19537353515625,1754.1741943359375,409.5881652832031
236,9.44,7,2,car,0.39362093806266785,1170.6122436523438,263.7611770629883,1151.8529052734375,247.8999481201172,1189.37158203125,279.6224060058594
237,9.48,4,2,car,0.8619012236595154,1383.1600341796875,360.6643981933594,1347.1812744140625,333.451171875,1419.1387939453125,387.87762451171875
237,9.48,11,2,car,0.7430895566940308,1814.0961303710938,436.5194549560547,1763.1029052734375,401.816162109375,1865.08935546875,471.2227478027344
237,9.48,5,2,car,0.6826722025871277,1227.779541015625,357.40199279785156,1188.763427734375,318.2497253417969,1266.795654296875,396.55426025390625
237,9.48,9,2,car,0.6645052433013916,1705.5380859375,371.8628387451172,1664.2518310546875,335.7901916503906,1746.8243408203125,407.93548583984375
237,9.48,8,2,car,0.47924715280532837,1088.041748046875,262.11273193359375,1057.20458984375,239.53436279296875,1118.87890625,284.69110107421875
237,9.48,6,2,car,0.44844064116477966,1208.4346923828125,287.6031799316406,1182.2169189453125,267.9563903808594,1234.6524658203125,307.2499694824219
237,9.48,7,2,car,0.405947744846344,1172.8807373046875,263.7974853515625,1153.818359375,248.2532958984375,1191.943115234375,279.3416748046875
238,9.52,4,2,car,0.8518836498260498,1383.1695556640625,361.84400939941406,1346.571533203125,334.35772705078125,1419.767578125,389.3302917480469
238,9.52,11,2,car,0.5896334648132324,1807.9013671875,433.2568359375,1756.636962890625,399.08953857421875,1859.165771484375,467.42413330078125
238,9.52,5,2,car,0.5391073226928711,1229.0589599609375,359.7607727050781,1190.837158203125,320.8858337402344,1267.28076171875,398.6357116699219
238,9.52,9,2,car,0.5190205574035645,1702.7037963867188,368.9121856689453,1659.87158203125,331.8521728515625,1745.5360107421875,405.9721984863281
239,9.56,4,2,car,0.8437620401382446,1385.2916259765625,362.9769287109375,1349.02099609375,334.965087890625,1421.562255859375,390.98876953125
239,9.56,5,2,car,0.66583251953125,1229.5632934570312,362.02796936035156,1190.9344482421875,322.390625,1268.192138671875,401.6653137207031
239,9.56,11,2,car,0.6159648299217224,1803.8363647460938,430.6824645996094,1752.8936767578125,395.5544128417969,1854.779052734375,465.8105163574219
239,9.56,9,2,car,0.5875779986381531,1699.9439697265625,369.343505859375,1657.1888427734375,332.7296447753906,1742.6990966796875,405.9573669433594
239,9.56,8,2,car,0.45482125878334045,1089.8642578125,261.8448715209961,1058.1240234375,240.0387725830078,1121.6044921875,283.6509704589844
240,9.6,4,2,car,0.8097783327102661,1388.7333374023438,363.32501220703125,1351.240478515625,335.21319580078125,1426.2261962890625,391.43682861328125
240,9.6,5,2,car,0.7436808347702026,1230.2469482421875,361.9573974609375,1191.722412109375,321.9082946777344,1268.771484375,402.0065002441406
240,9.6,11,2,car,0.6765692830085754,1801.0665283203125,429.5098876953125,1752.7464599609375,394.81927490234375,1849.3865966796875,464.20050048828125
240,9.6,8,2,car,0.5338796973228455,1091.7125854492188,263.69187927246094,1058.7498779296875,240.17340087890625,1124.67529296875,287.2103576660156
240,9.6,6,2,car,0.42147547006607056,1213.7820434570312,295.54344177246094,1185.85107421875,271.4827880859375,1241.7130126953125,319.6040954589844
240,9.6,9,2,car,0.407840758562088,1696.8529663085938,366.5106658935547,1656.06640625,330.4724426269531,1737.6395263671875,402.54888916015625
240,9.6,7,2,car,0.36367878317832947,1180.9412841796875,267.48705291748047,1160.654296875,252.6614227294922,1201.228271484375,282.31268310546875
241,9.64,4,2,car,0.808998703956604,1390.03369140625,364.44834899902344,1352.6123046875,335.6405029296875,1427.455078125,393.2561950683594
241,9.64,5,2,car,0.6913204193115234,1232.6435546875,363.51947021484375,1192.222900390625,323.6278381347656,1273.064208984375,403.4111022949219
241,9.64,11,2,car,0.6273070573806763,1795.91748046875,427.38995361328125,1747.70654296875,392.6064147949219,1844.12841796875,462.1734924316406
241,9.64,9,2,car,0.36995729804039,1696.10302734375,364.7132263183594,1654.060546875,328.6214904785156,1738.1455078125,400.8049621582031
242,9.68,4,2,car,0.7964678406715393,1394.5267944335938,367.6737976074219,1355.5985107421875,338.6072692871094,1433.455078125,396.7403259277344
242,9.68,11,2,car,0.713311493396759,1793.15185546875,423.25927734375,1743.71484375,389.07275390625,1842.5888671875,457.44580078125
242,9.68,5,2,car,0.7050741314888,1233.291259765625,364.66326904296875,1192.91845703125,323.9725646972656,1273.6640625,405.3539733886719
242,9.68,8,2,car,0.45403456687927246,1095.8007202148438,264.7707824707031,1062.7701416015625,240.04568481445312,1128.831298828125,289.4958801269531
242,9.68,9,2,car,0.4080769121646881,1687.90869140625,364.1407928466797,1645.465576171875,329.6472473144531,1730.351806640625,398.63433837890625
242,9.68,6,2,car,0.3589637577533722,1215.70361328125,296.6871643066406,1188.3355712890625,275.2387390136719,1243.0716552734375,318.1355895996094
243,9.72,4,2,car,0.8099828362464905,1396.1553955078125,371.0111846923828,1358.32177734375,342.3091735839844,1433.989013671875,399.71319580078125
243,9.72,5,2,car,0.7120959758758545,1233.3005981445312,367.0357360839844,1193.181640625,326.5492858886719,1273.4195556640625,407.5221862792969
243,9.72,11,2,car,0.6650494337081909,1787.9166259765625,421.59503173828125,1740.393798828125,387.5738525390625,1835.439453125,455.6162109375
243,9.72,9,2,car,0.600182056427002,1683.2346801757812,361.6819152832031,1641.061279296875,326.9409484863281,1725.4080810546875,396.4228820800781
243,9.72,6,2,car,0.5078124403953552,1215.967529296875,296.3881378173828,1189.5465087890625,273.8639221191406,1242.3885498046875,318.912353515625
243,9.72,8,2,car,0.4285251498222351,1098.921142578125,264.3762664794922,1064.8446044921875,239.89559936523438,1132.9976806640625,288.85693359375
243,9.72,7,2,car,0.352189302444458,1184.4783325195312,270.14871978759766,1163.1763916015625,255.5877227783203,1205.7802734375,284.709716796875
244,9.76,4,2,car,0.8162128329277039,1396.2709350585938,372.1175537109375,1358.1844482421875,343.21746826171875,1434.357421875,401.01763916015625
244,9.76,5,2,car,0.6978826522827148,1234.5834350585938,368.4419860839844,1194.1370849609375,327.62603759765625,1275.02978515625,409.2579345703125
244,9.76,11,2,car,0.6690608263015747,1783.0988159179688,420.8983154296875,1733.43017578125,387.04595947265625,1832.7674560546875,454.75067138671875
244,9.76,9,2,car,0.48313769698143005,1681.0986328125,362.7498779296875,1637.633056640625,331.4279479980469,1724.564208984375,394.0718078613281
244,9.76,6,2,car,0.4244190752506256,1215.9530029296875,296.5738525390625,1186.5850830078125,273.4974365234375,1245.3209228515625,319.6502685546875
244,9.76,8,2,car,0.3906506597995758,1097.832275390625,265.2585220336914,1065.6507568359375,240.64256286621094,1130.0137939453125,289.8744812011719
245,9.8,4,2,car,0.8235593438148499,1398.2379760742188,373.45960998535156,1359.417236328125,343.94793701171875,1437.0587158203125,402.9712829589844
245,9.8,11,2,car,0.6840763688087463,1778.1859130859375,418.62615966796875,1728.9957275390625,386.58984375,1827.3760986328125,450.6624755859375
245,9.8,5,2,car,0.5946929454803467,1234.3093872070312,369.5080261230469,1192.968017578125,329.19012451171875,1275.6507568359375,409.825927734375
245,9.8,6,2,car,0.4904266595840454,1216.0117797851562,296.5426025390625,1186.5887451171875,273.4842224121094,1245.434814453125,319.6009826660156
245,9.8,9,2,car,0.4525628387928009,1680.6796875,358.0101318359375,1636.3018798828125,323.30963134765625,1725.0574951171875,392.71063232421875
246,9.84,4,2,car,0.7977157235145569,1399.860107421875,373.6524200439453,1360.5028076171875,343.74090576171875,1439.2174072265625,403.5639343261719
246,9.84,5,2,car,0.6065453886985779,1236.5106811523438,371.90675354003906,1193.7352294921875,331.5528259277344,1279.2861328125,412.26068115234375
246,9.84,11,2,car,0.5742269158363342,1775.53125,415.3395080566406,1729.40625,384.54107666015625,1821.65625,446.137939453125
246,9.84,9,2,car,0.5298981666564941,1675.677978515625,356.7283630371094,1633.6171875,321.0672912597656,1717.73876953125,392.3894348144531
246,9.84,6,2,car,0.4740371108055115,1216.8564453125,296.4576721191406,1187.2420654296875,273.93597412109375,1246.4708251953125,318.9793701171875
247,9.88,4,2,car,0.7821519374847412,1404.0808715820312,374.36338806152344,1365.8109130859375,345.240966796875,1442.350830078125,403.4858093261719
247,9.88,11,2,car,0.7340153455734253,1770.3181762695312,414.2731475830078,1721.2025146484375,382.91912841796875,1819.433837890625,445.6271667480469
247,9.88,5,2,car,0.6400042176246643,1236.9356689453125,372.10394287109375,1193.6978759765625,329.7980651855469,1280.1734619140625,414.4098205566406
247,9.88,9,2,car,0.547947883605957,1670.5224609375,356.40692138671875,1627.2864990234375,322.3226623535156,1713.7584228515625,390.4911804199219
247,9.88,6,2,car,0.4960664212703705,1214.4843139648438,291.61659240722656,1181.5277099609375,263.3730773925781,1247.44091796875,319.860107421875
247,9.88,8,2,car,0.4116276204586029,1107.6619262695312,267.7812042236328,1067.151123046875,241.3555908203125,1148.1727294921875,294.2068176269531
247,9.88,12,2,car,0.3633972406387329,1687.31982421875,324.36985778808594,1640.499755859375,299.78790283203125,1734.139892578125,348.9518127441406
248,9.92,4,2,car,0.7954103946685791,1403.977783203125,375.8782043457031,1364.632080078125,346.34228515625,1443.323486328125,405.41412353515625
248,9.92,11,2,car,0.6359310150146484,1767.5830078125,410.82957458496094,1720.7398681640625,380.57025146484375,1814.4261474609375,441.0888977050781
248,9.92,5,2,car,0.6334863901138306,1236.6787109375,374.28614807128906,1194.257568359375,331.39495849609375,1279.099853515625,417.1773376464844
248,9.92,9,2,car,0.5497052669525146,1665.749267578125,356.62599182128906,1623.630615234375,323.8155517578125,1707.867919921875,389.4364318847656
248,9.92,6,2,car,0.5205589532852173,1212.8701782226562,290.0680389404297,1178.5089111328125,261.3776550292969,1247.2314453125,318.7584228515625
248,9.92,8,2,car,0.4476059377193451,1108.4542846679688,268.36779022216797,1069.2020263671875,243.0281524658203,1147.70654296875,293.7074279785156
248,9.92,12,2,car,0.41427090764045715,1692.7100219726562,323.1991729736328,1653.660400390625,301.94000244140625,1731.7596435546875,344.4583435058594
249,9.96,4,2,car,0.7852135300636292,1407.5316772460938,377.18882751464844,1369.4912109375,346.74456787109375,1445.5721435546875,407.6330871582031
249,9.96,5,2,car,0.7629128098487854,1236.7503051757812,376.452392578125,1194.5660400390625,334.8254699707031,1278.9345703125,418.0793151855469
249,9.96,11,2,car,0.715642511844635,1763.3922119140625,410.3456573486328,1716.9698486328125,380.02874755859375,1809.8145751953125,440.6625671386719
249,9.96,9,2,car,0.5935977101325989,1661.109130859375,353.8746643066406,1621.56201171875,320.4236755371094,1700.65625,387.3256530761719
249,9.96,8,2,car,0.5478001236915588,1108.5350952148438,270.0443572998047,1069.7811279296875,246.26531982421875,1147.2890625,293.8233947753906
249,9.96,6,2,car,0.4793933928012848,1214.18212890625,281.9645538330078,1180.077880859375,260.2624816894531,1248.286376953125,303.6666259765625
249,9.96,12,2,car,0.38492971658706665,1691.284912109375,324.1791229248047,1654.54150390625,303.8330383300781,1728.0283203125,344.52520751953125
250,10.0,4,2,car,0.761878252029419,1410.154296875,379.75433349609375,1369.69677734375,348.18951416015625,1450.61181640625,411.31915283203125
250,10.0,5,2,car,0.7401192784309387,1235.09912109375,377.0604248046875,1193.631591796875,335.3441467285156,1276.566650390625,418.7767028808594
250,10.0,11,2,car,0.7182906866073608,1760.1624755859375,409.80189514160156,1714.5322265625,379.9856872558594,1805.792724609375,439.61810302734375
250,10.0,9,2,car,0.5983089208602905,1657.6505126953125,353.6204071044922,1617.8551025390625,320.7210998535156,1697.4459228515625,386.51971435546875
250,10.0,6,2,car,0.4634339213371277,1214.7860717773438,278.4924774169922,1179.3104248046875,259.6463928222656,1250.26171875,297.33856201171875
251,10.04,4,2,car,0.7861786484718323,1408.7646484375,381.0081024169922,1369.1068115234375,351.3183288574219,1448.4224853515625,410.6978759765625
251,10.04,11,2,car,0.7599223256111145,1755.460693359375,408.1989440917969,1709.9879150390625,378.2311706542969,1800.9334716796875,438.1667175292969
251,10.04,5,2,car,0.6903475522994995,1237.5988159179688,377.56520080566406,1196.142578125,333.92510986328125,1279.0550537109375,421.2052917480469
251,10.04,9,2,car,0.5235053300857544,1654.2557373046875,351.4847717285156,1614.01904296875,319.03839111328125,1694.492431640625,383.93115234375
251,10.04,6,2,car,0.43500155210494995,1211.2442626953125,276.6105194091797,1177.1580810546875,257.9153137207031,1245.3304443359375,295.30572509765625
251,10.04,8,2,car,0.419362872838974,1111.4210205078125,269.6541976928711,1074.5135498046875,244.74147033691406,1148.3284912109375,294.5669250488281
252,10.08,4,2,car,0.7143480181694031,1412.6857299804688,383.46185302734375,1371.8109130859375,352.8115539550781,1453.560546875,414.1121520996094
252,10.08,5,2,car,0.7041800022125244,1239.0589599609375,380.1253967285156,1196.4521484375,337.1607971191406,1281.665771484375,423.0899963378906
252,10.08,11,2,car,0.6944437026977539,1750.956298828125,405.1002502441406,1705.969482421875,375.75933837890625,1795.943115234375,434.441162109375
252,10.08,6,2,car,0.5225440859794617,1217.4820556640625,280.7751159667969,1179.998779296875,259.1605224609375,1254.96533203125,302.38970947265625
252,10.08,8,2,car,0.45411428809165955,1114.6096801757812,271.23765563964844,1077.5467529296875,247.65655517578125,1151.672607421875,294.8187561035156
252,10.08,9,2,car,0.39247626066207886,1650.623291015625,350.5796661376953,1611.5504150390625,317.74462890625,1689.6961669921875,383.4147033691406
253,10.12,4,2,car,0.7388557195663452,1415.7789916992188,384.57183837890625,1373.5704345703125,354.1841125488281,1457.987548828125,414.9595642089844
253,10.12,11,2,car,0.6743329167366028,1747.2916259765625,402.3364562988281,1700.9190673828125,372.34918212890625,1793.6641845703125,432.32373046875
253,10.12,5,2,car,0.5837157368659973,1238.4647216796875,382.7174377441406,1197.2528076171875,339.3357238769531,1279.6766357421875,426.0991516113281
253,10.12,6,2,car,0.542781412601471,1219.2788696289062,291.15435791015625,1182.33349609375,260.373046875,1256.2242431640625,321.9356689453125
253,10.12,9,2,car,0.497348427772522,1650.5606079101562,351.74806213378906,1608.8863525390625,320.63189697265625,1692.23486328125,382.8642272949219
253,10.12,12,2,car,0.3929447531700134,1683.3088989257812,318.6061248779297,1655.6103515625,299.1867370605469,1711.0074462890625,338.0255126953125
253,10.12,8,2,car,0.3658830225467682,1113.7911376953125,270.73815155029297,1076.447509765625,246.9658966064453,1151.134765625,294.5104064941406
254,10.16,4,2,car,0.7486010789871216,1417.030029296875,387.922119140625,1375.959228515625,356.8788757324219,1458.100830078125,418.9653625488281
254,10.16,11,2,car,0.6965498924255371,1741.5010986328125,401.0335998535156,1696.160888671875,371.095947265625,1786.84130859375,430.97125244140625
254,10.16,5,2,car,0.6230348944664001,1238.6021728515625,384.42982482910156,1196.0712890625,340.6324462890625,1281.133056640625,428.2272033691406
254,10.16,6,2,car,0.5271579623222351,1220.7880859375,290.9874725341797,1184.4925537109375,260.7734069824219,1257.0836181640625,321.2015380859375
254,10.16,9,2,car,0.4375617206096649,1645.7361450195312,348.98387145996094,1606.6015625,317.39703369140625,1684.8707275390625,380.5707092285156
254,10.16,12,2,car,0.3718821704387665,1677.8365478515625,318.5200500488281,1648.1719970703125,300.03485107421875,1707.5010986328125,337.0052490234375
254,10.16,8,2,car,0.368219792842865,1116.8203125,270.82621002197266,1080.00439453125,247.5011444091797,1153.63623046875,294.1512756347656
255,10.2,4,2,car,0.7613794207572937,1419.8618774414062,390.48072814941406,1378.8372802734375,357.44195556640625,1460.886474609375,423.5195007324219
255,10.2,11,2,car,0.7500453591346741,1738.5263671875,398.3984069824219,1694.3895263671875,367.85211181640625,1782.6632080078125,428.9447021484375
255,10.2,5,2,car,0.6665616631507874,1240.2320556640625,387.03515625,1198.055908203125,343.5066833496094,1282.408203125,430.5636291503906
255,10.2,6,2,car,0.5428483486175537,1221.3801879882812,283.60394287109375,1186.2259521484375,261.8672180175781,1256.534423828125,305.3406677246094
255,10.2,9,2,car,0.5115739107131958,1642.0405883789062,347.5097198486328,1603.2139892578125,318.755615234375,1680.8671875,376.2638244628906
255,10.2,8,2,car,0.4376399517059326,1117.12060546875,272.8507385253906,1081.068603515625,249.30596923828125,1153.172607421875,296.3955078125
255,10.2,12,2,car,0.38680386543273926,1667.0965576171875,319.23045349121094,1628.08154296875,298.07403564453125,1706.111572265625,340.3868713378906
256,10.24,11,2,car,0.6877918839454651,1735.3881225585938,396.7729797363281,1690.5758056640625,367.9566650390625,1780.200439453125,425.58929443359375
256,10.24,4,2,car,0.6787562370300293,1421.4681396484375,393.0763397216797,1380.7364501953125,361.6956787109375,1462.1998291015625,424.4570007324219
256,10.24,5,2,car,0.5662325024604797,1240.9125366210938,388.5581359863281,1199.413330078125,345.1555480957031,1282.4117431640625,431.9607238769531
256,10.24,9,2,car,0.4538502097129822,1637.7267456054688,346.6003875732422,1598.4888916015625,316.16015625,1676.964599609375,377.0406188964844
256,10.24,6,2,car,0.3907877802848816,1223.915771484375,295.9347686767578,1189.4776611328125,263.8701171875,1258.3538818359375,327.9994201660156
256,10.24,12,2,car,0.3870200216770172,1664.1456298828125,318.2522430419922,1626.760986328125,299.08502197265625,1701.5302734375,337.4194641113281
257,10.28,4,2,car,0.8006772994995117,1422.2594604492188,393.82679748535156,1381.906494140625,361.7225036621094,1462.6124267578125,425.93109130859375
257,10.28,11,2,car,0.7349228262901306,1731.6558837890625,393.8833770751953,1686.3900146484375,365.3311462402344,1776.9217529296875,422.43560791015625
257,10.28,5,2,car,0.608863115310669,1240.849853515625,389.10816955566406,1198.84375,345.0132141113281,1282.85595703125,433.203125
257,10.28,8,2,car,0.4695965051651001,1106.7505493164062,278.1005096435547,1082.5625,257.1015319824219,1130.9385986328125,299.0994873046875
257,10.28,12,2,car,0.4266013503074646,1659.5936279296875,316.8472595214844,1620.342041015625,298.11309814453125,1698.84521484375,335.5814208984375
258,10.32,11,2,car,0.7704770565032959,1727.88720703125,391.54083251953125,1683.507568359375,362.9017639160156,1772.266845703125,420.1799011230469
258,10.32,4,2,car,0.7161389589309692,1425.6439819335938,397.2620544433594,1383.25048828125,365.9034118652344,1468.0374755859375,428.6206970214844
258,10.32,5,2,car,0.5846828818321228,1241.3043823242188,391.9646301269531,1198.3685302734375,349.2618713378906,1284.240234375,434.6673889160156
258,10.32,8,2,car,0.481192409992218,1108.2142944335938,276.3807373046875,1083.5216064453125,253.74563598632812,1132.906982421875,299.0158386230469
258,10.32,12,2,car,0.4727354943752289,1648.428955078125,316.47315979003906,1601.384033203125,297.1607360839844,1695.473876953125,335.78558349609375
258,10.32,6,2,car,0.4616449177265167,1224.0850830078125,285.1697998046875,1190.392333984375,266.1428527832031,1257.77783203125,304.1967468261719
258,10.32,9,2,car,0.3748672902584076,1642.8731689453125,332.794921875,1592.19873046875,303.2882995605469,1693.547607421875,362.3015441894531
259,10.36,4,2,car,0.7402041554450989,1427.2486572265625,399.6244354248047,1383.0460205078125,366.80419921875,1471.4512939453125,432.4446716308594
259,10.36,11,2,car,0.706088125705719,1724.2012939453125,389.98255920410156,1681.3809814453125,361.71697998046875,1767.0216064453125,418.2481384277344
259,10.36,5,2,car,0.6428799629211426,1241.6986694335938,392.4774475097656,1197.4788818359375,348.2507019042969,1285.91845703125,436.7041931152344
259,10.36,8,2,car,0.5030120611190796,1109.3194580078125,278.7939453125,1083.070068359375,256.516845703125,1135.56884765625,301.071044921875
259,10.36,6,2,car,0.4245683252811432,1232.89892578125,315.27691650390625,1203.065185546875,292.60028076171875,1262.732666015625,337.95355224609375
259,10.36,9,2,car,0.4041246771812439,1640.316650390625,322.38624572753906,1590.381591796875,303.4404602050781,1690.251708984375,341.33203125
260,10.4,4,2,car,0.7399150729179382,1432.3724975585938,401.2482604980469,1387.2254638671875,368.8514099121094,1477.51953125,433.6451110839844
260,10.4,11,2,car,0.6903177499771118,1719.643798828125,388.5590362548828,1675.7984619140625,359.70623779296875,1763.4891357421875,417.4118347167969
260,10.4,5,2,car,0.5677942037582397,1242.3480224609375,393.1506805419922,1197.3447265625,346.75347900390625,1287.351318359375,439.5478820800781
260,10.4,13,2,car,0.519442617893219,1009.1423950195312,239.5591278076172,992.8428955078125,225.63995361328125,1025.44189453125,253.47830200195312
260,10.4,12,2,car,0.5029047727584839,1639.1993408203125,317.2329406738281,1589.5323486328125,298.7213134765625,1688.8663330078125,335.74456787109375
260,10.4,8,2,car,0.4638150930404663,1111.5594482421875,279.13592529296875,1084.874755859375,256.7717590332031,1138.244140625,301.5000915527344
260,10.4,6,2,car,0.3846704661846161,1233.0133056640625,315.6649627685547,1202.0826416015625,293.1341247558594,1263.9439697265625,338.19580078125
260,10.4,9,2,car,0.36421480774879456,1627.7515258789062,337.45997619628906,1585.6934814453125,306.86932373046875,1669.8095703125,368.0506286621094
261,10.44,14,2,car,0.8266415596008301,1898.57373046875,397.6932678222656,1877.9930419921875,364.35205078125,1919.1544189453125,431.03448486328125
261,10.44,4,2,car,0.7798261046409607,1434.2394409179688,403.2776184082031,1388.122314453125,371.73101806640625,1480.3565673828125,434.82421875
261,10.44,11,2,car,0.741919755935669,1716.5650634765625,387.2314453125,1673.6597900390625,360.2559814453125,1759.4703369140625,414.2069091796875
261,10.44,5,2,car,0.6172603964805603,1243.3057861328125,396.3957824707031,1198.1788330078125,351.1304626464844,1288.4327392578125,441.6611022949219
261,10.44,13,2,car,0.5533148050308228,1011.8651733398438,239.990478515625,992.9710693359375,226.3128204345703,1030.75927734375,253.6681365966797
261,10.44,8,2,car,0.46246182918548584,1111.5430297851562,279.9765930175781,1084.6226806640625,257.7618713378906,1138.46337890625,302.1913146972656
261,10.44,12,2,car,0.4085082411766052,1636.3610229492188,316.7771301269531,1587.6112060546875,294.70623779296875,1685.11083984375,338.8480224609375
261,10.44,6,2,car,0.38074547052383423,1234.2320556640625,316.3603210449219,1203.200439453125,293.63677978515625,1265.263671875,339.0838623046875
262,10.48,4,2,car,0.7466973066329956,1434.9520874023438,405.82960510253906,1390.0960693359375,372.884765625,1479.80810546875,438.7744445800781
262,10.48,14,2,car,0.7462940216064453,1897.1077880859375,394.5609588623047,1875.0867919921875,363.1994323730469,1919.1287841796875,425.9224853515625
262,10.48,11,2,car,0.7428374886512756,1712.0198364257812,385.6319580078125,1669.6168212890625,358.8231201171875,1754.4228515625,412.4407958984375
262,10.48,5,2,car,0.5883380174636841,1243.1317138671875,399.08856201171875,1197.9302978515625,352.71563720703125,1288.3331298828125,445.46148681640625
262,10.48,13,2,car,0.5512857437133789,1013.6650695800781,240.13973236083984,995.0681762695312,226.5220184326172,1032.261962890625,253.7574462890625
262,10.48,12,2,car,0.5006449818611145,1634.98974609375,314.03392028808594,1588.1641845703125,293.0038757324219,1681.8153076171875,335.06396484375
262,10.48,6,2,car,0.44869521260261536,1232.9283447265625,315.6150817871094,1200.9189453125,291.43170166015625,1264.937744140625,339.7984619140625
262,10.48,9,2,car,0.3768117129802704,1628.854248046875,330.4135437011719,1582.5098876953125,300.92230224609375,1675.1986083984375,359.90478515625
262,10.48,8,2,car,0.3633135259151459,1119.4329833984375,278.09825134277344,1088.06884765625,254.72149658203125,1150.797119140625,301.4750061035156
263,10.52,11,2,car,0.7456785440444946,1709.955322265625,384.2339172363281,1666.9420166015625,357.535400390625,1752.9686279296875,410.93243408203125
263,10.52,4,2,car,0.7390708327293396,1437.7234497070312,405.89268493652344,1393.346923828125,371.8766784667969,1482.0999755859375,439.90869140625
263,10.52,14,2,car,0.7223410606384277,1896.064208984375,393.19281005859375,1872.992919921875,362.10076904296875,1919.135498046875,424.28485107421875
263,10.52,5,2,car,0.6017762422561646,1243.7567138671875,401.8970031738281,1197.6192626953125,355.7802429199219,1289.8941650390625,448.0137634277344
263,10.52,13,2,car,0.5916887521743774,1015.015380859375,240.13833618164062,996.067626953125,226.20648193359375,1033.963134765625,254.0701904296875
263,10.52,9,2,car,0.4331786334514618,1626.2354736328125,330.32408142089844,1575.3197021484375,303.0811462402344,1677.1512451171875,357.5670166015625
263,10.52,12,2,car,0.38788023591041565,1628.9249267578125,314.94859313964844,1578.943359375,293.4108581542969,1678.906494140625,336.486328125
263,10.52,8,2,car,0.37730300426483154,1120.9761962890625,278.3550109863281,1092.371826171875,255.3768310546875,1149.58056640625,301.33319091796875
263,10.52,6,2,car,0.3762398958206177,1233.89111328125,313.73255920410156,1201.1910400390625,287.60540771484375,1266.5911865234375,339.8597106933594
264,10.56,4,2,car,0.723051130771637,1439.8171997070312,406.6304473876953,1394.5927734375,373.64971923828125,1485.0416259765625,439.6111755371094
264,10.56,11,2,car,0.7079615592956543,1704.6384887695312,382.19036865234375,1662.5064697265625,355.04132080078125,1746.7705078125,409.33941650390625
264,10.56,14,2,car,0.6543580889701843,1894.2258911132812,392.5335388183594,1869.1512451171875,360.3545837402344,1919.300537109375,424.7124938964844
264,10.56,5,2,car,0.6433120965957642,1243.603271484375,404.9980773925781,1197.257080078125,358.32513427734375,1289.949462890625,451.6710205078125
264,10.56,12,2,car,0.47441962361335754,1623.1644287109375,322.1927947998047,1574.3221435546875,292.0283203125,1672.0067138671875,352.3572692871094
264,10.56,13,2,car,0.4682082533836365,1015.8686218261719,241.24314880371094,996.7965698242188,226.7142791748047,1034.940673828125,255.7720184326172
264,10.56,8,2,car,0.43703949451446533,1118.5486450195312,282.2090148925781,1093.443603515625,257.42523193359375,1143.6536865234375,306.9927978515625
264,10.56,6,2,car,0.4111595153808594,1235.1183471679688,310.08424377441406,1201.579833984375,281.12908935546875,1268.6568603515625,339.0393981933594
265,10.6,11,2,car,0.7204201221466064,1700.8656005859375,379.8988037109375,1660.318359375,353.71929931640625,1741.412841796875,406.07830810546875
265,10.6,4,2,car,0.7067720890045166,1439.2228393554688,408.158935546875,1394.641357421875,372.9209289550781,1483.8043212890625,443.3969421386719
265,10.6,14,2,car,0.6746254563331604,1892.9679565429688,391.6122283935547,1866.787353515625,360.1421203613281,1919.1485595703125,423.08233642578125
265,10.6,5,2,car,0.6116034984588623,1243.7898559570312,406.8354034423828,1197.1724853515625,359.8959045410156,1290.4072265625,453.77490234375
265,10.6,8,2,car,0.5885607004165649,1119.8892822265625,283.9895782470703,1095.0418701171875,259.9188537597656,1144.7366943359375,308.060302734375
265,10.6,12,2,car,0.5835142731666565,1619.485595703125,323.77972412109375,1569.08984375,291.0970458984375,1669.88134765625,356.46240234375
265,10.6,6,2,car,0.5296924710273743,1236.1749267578125,314.58343505859375,1204.296142578125,289.54962158203125,1268.0537109375,339.61724853515625
265,10.6,13,2,car,0.41693997383117676,1018.9608764648438,242.80990600585938,999.1483154296875,228.29507446289062,1038.7734375,257.3247375488281
266,10.64,4,2,car,0.6860463619232178,1440.9164428710938,412.55006408691406,1396.468505859375,377.2804260253906,1485.3643798828125,447.8197021484375
266,10.64,14,2,car,0.6664438247680664,1891.1417846679688,390.4882507324219,1863.1392822265625,358.6095886230469,1919.144287109375,422.3669128417969
266,10.64,5,2,car,0.5795037150382996,1245.2843627929688,408.7427673339844,1198.8251953125,361.33062744140625,1291.7435302734375,456.1549072265625
266,10.64,11,2,car,0.5661417841911316,1696.9453125,378.33209228515625,1656.6416015625,349.9446105957031,1737.2490234375,406.7195739746094
266,10.64,9,2,car,0.5348866581916809,1613.0977783203125,326.86976623535156,1566.1385498046875,296.4280700683594,1660.0570068359375,357.31146240234375
266,10.64,8,2,car,0.4532400667667389,1120.8803100585938,284.35955810546875,1096.52783203125,261.4040222167969,1145.2327880859375,307.3150939941406
266,10.64,13,2,car,0.44245511293411255,1022.842041015625,243.3902359008789,1001.8856201171875,228.8130340576172,1043.7984619140625,257.9674377441406
266,10.64,6,2,car,0.41092103719711304,1237.1669311523438,319.6601257324219,1205.7352294921875,297.3807678222656,1268.5986328125,341.9394836425781
267,10.68,4,2,car,0.6885790824890137,1445.5808715820312,415.88214111328125,1400.1280517578125,379.8233642578125,1491.03369140625,451.94091796875
267,10.68,14,2,car,0.6857330203056335,1887.8338623046875,388.2783508300781,1857.24462890625,357.27227783203125,1918.423095703125,419.284423828125
267,10.68,5,2,car,0.5834856629371643,1245.463623046875,410.0009765625,1198.3355712890625,361.6372375488281,1292.5916748046875,458.3647155761719
267,10.68,11,2,car,0.4995100498199463,1691.7359619140625,376.6644287109375,1650.0809326171875,348.45391845703125,1733.3909912109375,404.87493896484375
267,10.68,8,2,car,0.4494704306125641,1122.6690673828125,285.3851776123047,1099.4403076171875,263.3206787109375,1145.8978271484375,307.4496765136719
267,10.68,6,2,car,0.40958884358406067,1238.7416381835938,317.6624450683594,1207.7135009765625,293.1859130859375,1269.769775390625,342.13897705078125
267,10.68,13,2,car,0.37251272797584534,1026.42626953125,243.08177185058594,1007.1068115234375,229.32144165039062,1045.7457275390625,256.84210205078125
268,10.72,4,2,car,0.6987337470054626,1446.3728637695312,417.8472137451172,1401.2154541015625,381.84185791015625,1491.5302734375,453.8525695800781
268,10.72,14,2,car,0.6922780871391296,1886.5841674804688,387.02508544921875,1853.92529296875,356.0021667480469,1919.2430419921875,418.0480041503906
268,10.72,11,2,car,0.627045214176178,1689.4552001953125,373.3114471435547,1649.8125,346.2712097167969,1729.097900390625,400.3516845703125
268,10.72,5,2,car,0.5723535418510437,1246.1082153320312,412.6754150390625,1198.3626708984375,364.5531921386719,1293.853759765625,460.7976379394531
268,10.72,8,2,car,0.5035611391067505,1124.3675537109375,286.14292907714844,1100.6744384765625,263.7342529296875,1148.0606689453125,308.5516052246094
268,10.72,9,2,car,0.4272727370262146,1612.1734619140625,322.5037384033203,1564.628662109375,294.78802490234375,1659.71826171875,350.2194519042969
268,10.72,13,2,car,0.38450902700424194,1027.4983520507812,243.61485290527344,1008.5643310546875,229.30615234375,1046.432373046875,257.9235534667969
269,10.76,14,2,car,0.6842149496078491,1883.2684936523438,385.5015869140625,1848.7056884765625,354.189453125,1917.831298828125,416.813720703125
269,10.76,4,2,car,0.678179144859314,1448.40283203125,418.0591735839844,1404.265625,381.3856201171875,1492.5400390625,454.73272705078125
269,10.76,11,2,car,0.603709876537323,1686.5364990234375,372.1899719238281,1645.6102294921875,345.0716857910156,1727.4627685546875,399.3082580566406
269,10.76,5,2,car,0.5832817554473877,1243.6419067382812,414.19505310058594,1196.946533203125,365.6651916503906,1290.3372802734375,462.72491455078125
269,10.76,8,2,car,0.4389389455318451,1126.8377075195312,285.85260009765625,1101.6256103515625,263.7103271484375,1152.0498046875,307.994873046875
269,10.76,6,2,car,0.3697836399078369,1241.5567016601562,313.3396911621094,1211.649169921875,283.8016662597656,1271.4642333984375,342.8777160644531
270,10.8,4,2,car,0.7182262539863586,1449.7552490234375,420.775634765625,1405.5682373046875,384.09503173828125,1493.9422607421875,457.45623779296875
270,10.8,14,2,car,0.6253758668899536,1881.8480834960938,383.90065002441406,1846.5521240234375,352.5794982910156,1917.14404296875,415.2218017578125
270,10.8,11,2,car,0.6033235192298889,1684.1921997070312,370.39581298828125,1644.875244140625,342.93475341796875,1723.5091552734375,397.85687255859375
270,10.8,5,2,car,0.49891945719718933,1242.9006958007812,416.67478942871094,1195.9552001953125,368.10858154296875,1289.84619140625,465.2409973144531
270,10.8,13,2,car,0.4114982485771179,1032.783447265625,243.98085021972656,1011.066162109375,228.11737060546875,1054.500732421875,259.8443298339844
270,10.8,8,2,car,0.3923881947994232,1128.4630126953125,286.5444030761719,1102.9442138671875,264.3988037109375,1153.9818115234375,308.69000244140625
271,10.84,14,2,car,0.7085851430892944,1878.9718627929688,381.7403869628906,1841.0706787109375,349.90777587890625,1916.873046875,413.572998046875
271,10.84,4,2,car,0.6848307847976685,1451.3263549804688,424.60107421875,1407.9583740234375,388.2652587890625,1494.6943359375,460.9368896484375
271,10.84,11,2,car,0.6764896512031555,1679.842529296875,368.8404083251953,1640.6502685546875,341.95452880859375,1719.0347900390625,395.7262878417969
271,10.84,5,2,car,0.6209201216697693,1244.9103393554688,420.2185821533203,1195.3919677734375,371.8757629394531,1294.4287109375,468.5614013671875
271,10.84,8,2,car,0.4998515546321869,1129.8726196289062,287.3449249267578,1104.876708984375,264.844970703125,1154.8685302734375,309.8448791503906
271,10.84,6,2,car,0.47144925594329834,1243.0562744140625,319.06813049316406,1213.83935546875,292.67535400390625,1272.273193359375,345.4609069824219
271,10.84,13,2,car,0.4539649784564972,1035.2125244140625,243.5735321044922,1013.25537109375,227.5810546875,1057.169677734375,259.5660095214844
271,10.84,12,2,car,0.41505175828933716,1596.5233154296875,325.5201873779297,1550.30419921875,292.8384704589844,1642.742431640625,358.201904296875
272,10.88,14,2,car,0.7734429240226746,1876.9784545898438,381.0306701660156,1838.41845703125,349.5453186035156,1915.5384521484375,412.5160217285156
272,10.88,4,2,car,0.6952579021453857,1453.5249633789062,428.01983642578125,1406.9522705078125,391.1430358886719,1500.09765625,464.8966369628906
272,10.88,11,2,car,0.691744327545166,1675.779052734375,367.9415588378906,1637.1046142578125,341.3487854003906,1714.4534912109375,394.5343322753906
272,10.88,5,2,car,0.6000469923019409,1243.4109497070312,422.9219970703125,1194.38720703125,373.7167053222656,1292.4346923828125,472.1272888183594
272,10.88,8,2,car,0.582367479801178,1130.8258666992188,288.95263671875,1106.2100830078125,266.7323303222656,1155.441650390625,311.1729431152344
272,10.88,13,2,car,0.5063015818595886,1037.1889953613281,244.2472686767578,1016.0112915039062,229.03179931640625,1058.36669921875,259.4627380371094
272,10.88,6,2,car,0.43656718730926514,1243.6165161132812,314.1814727783203,1214.6866455078125,286.1351623535156,1272.54638671875,342.227783203125
272,10.88,12,2,car,0.3875458538532257,1594.3179931640625,324.00904846191406,1548.2314453125,292.90643310546875,1640.404541015625,355.1116638183594
273,10.92,14,2,car,0.7857232093811035,1874.7357177734375,379.6300964355469,1835.9810791015625,349.0373840332031,1913.4903564453125,410.2228088378906
273,10.92,4,2,car,0.7164143919944763,1455.5470581054688,430.3927917480469,1407.1822509765625,392.5177001953125,1503.911865234375,468.26788330078125
273,10.92,11,2,car,0.6759805679321289,1672.8160400390625,365.63258361816406,1634.0921630859375,338.67071533203125,1711.5399169921875,392.5944519042969
273,10.92,5,2,car,0.6538050174713135,1245.3001098632812,425.09934997558594,1195.0843505859375,374.47174072265625,1295.515869140625,475.7269592285156
273,10.92,8,2,car,0.5738623738288879,1131.473876953125,289.49627685546875,1106.9696044921875,267.1565856933594,1155.9781494140625,311.8359680175781
273,10.92,13,2,car,0.5360569357872009,1038.3216857910156,245.1245880126953,1017.1173706054688,230.606201171875,1059.5260009765625,259.6429748535156
273,10.92,6,2,car,0.414972186088562,1245.03076171875,316.2087097167969,1216.23193359375,290.76214599609375,1273.82958984375,341.6552734375
273,10.92,12,2,car,0.3936085104942322,1583.0753173828125,323.7010040283203,1544.34521484375,294.9767150878906,1621.805419921875,352.42529296875
274,10.96,4,2,car,0.7060032486915588,1458.3245849609375,431.1288299560547,1410.8675537109375,391.95135498046875,1505.7816162109375,470.3063049316406
274,10.96,14,2,car,0.702109158039093,1871.1641235351562,378.1044616699219,1832.381103515625,347.9457092285156,1909.9471435546875,408.2632141113281
274,10.96,5,2,car,0.6698566675186157,1244.9212646484375,427.1428527832031,1195.35791015625,376.9391784667969,1294.484619140625,477.3465270996094
274,10.96,11,2,car,0.6669149994850159,1668.2160034179688,361.93162536621094,1629.2777099609375,335.29541015625,1707.154296875,388.5678405761719
274,10.96,13,2,car,0.5422528386116028,1040.0784912109375,245.424072265625,1020.2635498046875,230.85092163085938,1059.8934326171875,259.9972229003906
274,10.96,8,2,car,0.539694607257843,1132.7008666992188,290.2090606689453,1108.1107177734375,268.22076416015625,1157.291015625,312.1973571777344
274,10.96,6,2,car,0.5068830251693726,1245.6254272460938,314.9541778564453,1216.1712646484375,287.1283264160156,1275.07958984375,342.780029296875
275,11.0,14,2,car,0.7353595495223999,1868.2723388671875,377.2970886230469,1828.57763671875,346.967041015625,1907.967041015625,407.62713623046875
275,11.0,4,2,car,0.727551281452179,1459.3272705078125,433.6774139404297,1411.7073974609375,393.1939392089844,1506.9471435546875,474.160888671875
275,11.0,11,2,car,0.6712787747383118,1664.4342041015625,361.7374267578125,1624.3406982421875,335.98345947265625,1704.5277099609375,387.49139404296875
275,11.0,5,2,car,0.6323909163475037,1243.6993408203125,429.9022521972656,1193.9676513671875,380.3372497558594,1293.4310302734375,479.4672546386719
275,11.0,13,2,car,0.6177682876586914,1043.7156372070312,247.24298858642578,1022.184814453125,233.6066436767578,1065.2464599609375,260.87933349609375
275,11.0,8,2,car,0.4771283268928528,1134.17529296875,291.10386657714844,1108.510498046875,269.0321960449219,1159.840087890625,313.175537109375
275,11.0,6,2,car,0.4175512492656708,1246.00341796875,307.0950469970703,1217.279296875,283.61651611328125,1274.7275390625,330.5735778808594
275,11.0,12,2,car,0.4162503778934479,1587.498779296875,319.42608642578125,1538.0452880859375,286.6369934082031,1636.9522705078125,352.2151794433594
276,11.04,4,2,car,0.6650771498680115,1458.978515625,434.7209777832031,1413.4024658203125,393.4359130859375,1504.5545654296875,476.00604248046875
276,11.04,11,2,car,0.6528481841087341,1660.892578125,360.7035827636719,1621.20263671875,334.8079833984375,1700.58251953125,386.59918212890625
276,11.04,13,2,car,0.6439552307128906,1047.0869750976562,247.41806030273438,1024.499267578125,234.122314453125,1069.6746826171875,260.71380615234375
276,11.04,5,2,car,0.5567587018013,1244.9332885742188,431.65858459472656,1193.8154296875,381.4241943359375,1296.0511474609375,481.8929748535156
276,11.04,14,2,car,0.5472084879875183,1865.9144897460938,375.1070098876953,1825.1246337890625,346.0330505371094,1906.704345703125,404.18096923828125
276,11.04,8,2,car,0.5028480887413025,1137.6123046875,291.9429168701172,1110.725830078125,269.9056396484375,1164.498779296875,313.9801940917969
276,11.04,6,2,car,0.4840266704559326,1247.3240966796875,325.4827423095703,1214.9342041015625,293.8135070800781,1279.7139892578125,357.1519775390625
276,11.04,12,2,car,0.39458125829696655,1574.1943359375,319.5604553222656,1537.08984375,288.91839599609375,1611.298828125,350.2025146484375
277,11.08,11,2,car,0.7101758122444153,1657.6224975585938,359.65928649902344,1620.7650146484375,334.305908203125,1694.47998046875,385.0126647949219
277,11.08,13,2,car,0.6704216599464417,1048.5621337890625,247.73512268066406,1025.3887939453125,234.06826782226562,1071.7354736328125,261.4019775390625
277,11.08,4,2,car,0.636034369468689,1462.2383422851562,439.28155517578125,1413.8638916015625,396.8678283691406,1510.61279296875,481.6952819824219
277,11.08,8,2,car,0.6006710529327393,1139.4003295898438,292.59100341796875,1111.83544921875,270.19903564453125,1166.9652099609375,314.98297119140625
277,11.08,14,2,car,0.582186758518219,1863.072265625,374.1682891845703,1822.2166748046875,344.8193664550781,1903.9278564453125,403.5172119140625
277,11.08,5,2,car,0.5516589879989624,1245.2318725585938,434.27783203125,1193.4476318359375,383.2518310546875,1297.01611328125,485.3038330078125
277,11.08,6,2,car,0.5192225575447083,1247.5020141601562,321.5535125732422,1217.24560546875,286.300537109375,1277.7584228515625,356.8064880371094
277,11.08,12,2,car,0.4281091094017029,1567.0166015625,319.5182189941406,1533.3515625,292.6314697265625,1600.681640625,346.40496826171875
278,11.12,4,2,car,0.7325938940048218,1465.10791015625,441.9100646972656,1415.799560546875,400.3127136230469,1514.416259765625,483.5074157714844
278,11.12,11,2,car,0.6517862677574158,1653.4799194335938,356.9853057861328,1616.9534912109375,332.5249328613281,1690.00634765625,381.4456787109375
278,11.12,13,2,car,0.6355606913566589,1050.5326538085938,247.9573516845703,1029.32958984375,234.10848999023438,1071.7357177734375,261.80621337890625
278,11.12,8,2,car,0.5845869779586792,1141.097900390625,292.32044982910156,1113.74560546875,269.9163513183594,1168.4501953125,314.72454833984375
278,11.12,5,2,car,0.5813472867012024,1245.5487670898438,435.5375518798828,1194.3226318359375,383.1371154785156,1296.77490234375,487.93798828125
278,11.12,14,2,car,0.5768819451332092,1859.2686767578125,372.5845642089844,1819.4307861328125,343.5244445800781,1899.1065673828125,401.6446838378906
278,11.12,6,2,car,0.490507036447525,1250.2817993164062,308.5870361328125,1220.788818359375,283.94158935546875,1279.7747802734375,333.23248291015625
278,11.12,12,2,car,0.463073194026947,1563.3076171875,321.1325988769531,1528.52490234375,294.1159362792969,1598.09033203125,348.1492614746094
279,11.16,4,2,car,0.6972793936729431,1467.233642578125,444.08729553222656,1417.235595703125,403.6163635253906,1517.231689453125,484.5582275390625
279,11.16,11,2,car,0.6635201573371887,1649.6495361328125,356.3407745361328,1613.26318359375,331.5782775878906,1686.035888671875,381.103271484375
279,11.16,8,2,car,0.6597140431404114,1142.0823974609375,292.3497772216797,1114.617919921875,269.23492431640625,1169.546875,315.4646301269531
279,11.16,5,2,car,0.6409555077552795,1244.2610473632812,438.8123474121094,1190.9383544921875,386.214111328125,1297.583740234375,491.41058349609375
279,11.16,13,2,car,0.6137874126434326,1053.2526245117188,248.06429290771484,1032.80908203125,234.3646697998047,1073.6961669921875,261.763916015625
279,11.16,14,2,car,0.5300240516662598,1854.2396240234375,371.78977966308594,1816.2884521484375,342.630859375,1892.1907958984375,400.9486999511719
279,11.16,6,2,car,0.4810469448566437,1251.0866088867188,327.1256408691406,1217.7117919921875,294.4070739746094,1284.46142578125,359.8442077636719
280,11.2,11,2,car,0.7391656637191772,1647.69873046875,356.0654754638672,1612.245849609375,329.5395812988281,1683.151611328125,382.59136962890625
280,11.2,8,2,car,0.6635071039199829,1142.9967041015625,293.4303741455078,1115.3448486328125,270.40093994140625,1170.6485595703125,316.4598083496094
280,11.2,4,2,car,0.6513944268226624,1468.0219116210938,447.68980407714844,1417.946044921875,406.96673583984375,1518.0977783203125,488.4128723144531
280,11.2,14,2,car,0.6345930695533752,1850.2882080078125,370.1636657714844,1812.5439453125,341.67730712890625,1888.032470703125,398.6500244140625
280,11.2,5,2,car,0.6149280667304993,1244.1163330078125,442.40570068359375,1191.0992431640625,389.57537841796875,1297.1334228515625,495.23602294921875
280,11.2,13,2,car,0.5682600140571594,1055.0946655273438,248.0389633178711,1034.5875244140625,234.0363006591797,1075.601806640625,262.0416259765625
280,11.2,6,2,car,0.5314399600028992,1251.7761840820312,326.45594787597656,1218.114990234375,292.46905517578125,1285.4373779296875,360.4428405761719
280,11.2,12,2,car,0.4254729747772217,1562.3147583007812,317.6781921386719,1525.8212890625,290.25677490234375,1598.8082275390625,345.099609375
280,11.2,9,2,car,0.3914409577846527,1593.573486328125,295.0662841796875,1568.763427734375,279.7485656738281,1618.383544921875,310.3840026855469
281,11.24,5,2,car,0.7574703097343445,1244.411376953125,446.247802734375,1190.7669677734375,392.41680908203125,1298.0557861328125,500.07879638671875
281,11.24,11,2,car,0.7189565300941467,1644.7613525390625,354.89756774902344,1607.9058837890625,330.04864501953125,1681.6168212890625,379.7464904785156
281,11.24,4,2,car,0.6778647899627686,1470.2538452148438,450.15870666503906,1419.0302734375,409.0242919921875,1521.4774169921875,491.2931213378906
281,11.24,8,2,car,0.6516088247299194,1143.8936767578125,294.3964538574219,1116.834716796875,270.09185791015625,1170.95263671875,318.7010498046875
281,11.24,14,2,car,0.5769518613815308,1846.824462890625,368.84326171875,1808.7659912109375,340.7837219238281,1884.8829345703125,396.9028015136719
281,11.24,13,2,car,0.5555892586708069,1058.9965209960938,249.1392364501953,1036.25390625,235.64572143554688,1081.7391357421875,262.63275146484375
281,11.24,12,2,car,0.5230347514152527,1555.1800537109375,321.0689697265625,1522.609619140625,298.50982666015625,1587.75048828125,343.62811279296875
281,11.24,6,2,car,0.5082003474235535,1253.3306884765625,339.5131530761719,1219.9158935546875,318.1306457519531,1286.7454833984375,360.8956604003906
281,11.24,9,2,car,0.4341049790382385,1590.5631713867188,296.0542907714844,1564.455810546875,280.7327575683594,1616.6705322265625,311.3758239746094
282,11.28,5,2,car,0.8142794966697693,1244.9696044921875,448.3971862792969,1190.468994140625,394.4360046386719,1299.47021484375,502.3583679199219
282,11.28,11,2,car,0.8003349304199219,1640.35546875,352.72474670410156,1603.508056640625,329.076904296875,1677.202880859375,376.3725891113281
282,11.28,4,2,car,0.7239821553230286,1473.0321655273438,454.8208312988281,1422.8922119140625,414.3411560058594,1523.172119140625,495.3005065917969
282,11.28,14,2,car,0.6571125388145447,1843.7490234375,367.2173614501953,1805.80224609375,339.80743408203125,1881.69580078125,394.6272888183594
282,11.28,8,2,car,0.6411125063896179,1145.0830078125,294.8402099609375,1118.0972900390625,271.14398193359375,1172.0687255859375,318.53643798828125
282,11.28,6,2,car,0.5986300110816956,1252.860107421875,338.1330261230469,1218.836181640625,313.3610534667969,1286.884033203125,362.9049987792969
282,11.28,13,2,car,0.5772399306297302,1060.8374633789062,249.18753814697266,1039.459716796875,235.6394805908203,1082.2152099609375,262.735595703125
282,11.28,12,2,car,0.5145531296730042,1551.8834228515625,316.71099853515625,1519.9593505859375,290.9520263671875,1583.8074951171875,342.469970703125
282,11.28,9,2,car,0.37821054458618164,1574.2217407226562,308.3208465576172,1533.0301513671875,281.6197204589844,1615.413330078125,335.02197265625
282,11.28,15,2,car,0.36032605171203613,1584.7298583984375,298.46380615234375,1556.416259765625,281.80877685546875,1613.04345703125,315.11883544921875
283,11.32,5,2,car,0.7914074659347534,1244.3917236328125,450.5697326660156,1190.17822265625,395.91888427734375,1298.605224609375,505.2205810546875
283,11.32,4,2,car,0.7634459137916565,1474.666748046875,457.8633728027344,1424.16845703125,417.7341613769531,1525.1650390625,497.9925842285156
283,11.32,11,2,car,0.6671534776687622,1635.79248046875,351.3761444091797,1598.0072021484375,327.24884033203125,1673.5777587890625,375.5034484863281
283,11.32,8,2,car,0.6337699294090271,1147.5518188476562,296.0925598144531,1119.799072265625,271.94580078125,1175.3045654296875,320.23931884765625
283,11.32,13,2,car,0.6204647421836853,1061.6890869140625,249.99956512451172,1040.4664306640625,236.42820739746094,1082.9117431640625,263.5709228515625
283,11.32,14,2,car,0.6128804087638855,1840.2064208984375,366.2837219238281,1802.3057861328125,338.4309997558594,1878.1070556640625,394.1364440917969
283,11.32,6,2,car,0.5827341079711914,1254.4537353515625,336.8847961425781,1220.4686279296875,310.5455322265625,1288.4388427734375,363.22406005859375
283,11.32,12,2,car,0.4350222051143646,1557.7741088867188,315.3113250732422,1515.7674560546875,287.841796875,1599.78076171875,342.7808532714844
283,11.32,15,2,car,0.38897526264190674,1582.874267578125,297.4349670410156,1555.9237060546875,281.79638671875,1609.8248291015625,313.07354736328125
284,11.36,5,2,car,0.7522693276405334,1244.6314697265625,452.44427490234375,1189.592041015625,397.08544921875,1299.6708984375,507.8031005859375
284,11.36,4,2,car,0.7235384583473206,1474.9180908203125,460.77239990234375,1424.623291015625,419.1127014160156,1525.212890625,502.4320983886719
284,11.36,11,2,car,0.6580694913864136,1633.8778686523438,348.4904479980469,1598.637939453125,325.36358642578125,1669.1177978515625,371.6173095703125
284,11.36,6,2,car,0.5719117522239685,1254.177001953125,339.8773956298828,1220.936767578125,313.2794494628906,1287.417236328125,366.475341796875
284,11.36,13,2,car,0.5707352757453918,1064.4744262695312,249.51663208007812,1042.691650390625,236.29293823242188,1086.2572021484375,262.7403259277344
284,11.36,8,2,car,0.546942412853241,1149.7203369140625,297.9237518310547,1121.6575927734375,274.5626525878906,1177.7830810546875,321.28485107421875
284,11.36,14,2,car,0.545239269733429,1837.165283203125,365.17230224609375,1799.1793212890625,336.8753662109375,1875.1512451171875,393.46923828125
284,11.36,9,2,car,0.5094825029373169,1565.3959350585938,299.39984130859375,1525.201904296875,279.94879150390625,1605.5899658203125,318.85089111328125
284,11.36,12,2,car,0.40896108746528625,1556.1337280273438,314.85516357421875,1511.8231201171875,287.2308654785156,1600.4443359375,342.4794616699219
285,11.4,5,2,car,0.7668918371200562,1244.7159423828125,455.132080078125,1189.5433349609375,398.8814392089844,1299.8885498046875,511.3827209472656
285,11.4,4,2,car,0.7300322651863098,1479.0525512695312,462.90399169921875,1426.160888671875,419.41937255859375,1531.9442138671875,506.38861083984375
285,11.4,11,2,car,0.6590295433998108,1628.9730224609375,347.2142333984375,1592.7064208984375,322.6117248535156,1665.2396240234375,371.8167419433594
285,11.4,13,2,car,0.59345543384552,1068.2426147460938,249.65843963623047,1044.2464599609375,236.09703063964844,1092.23876953125,263.2198486328125
285,11.4,8,2,car,0.5879202485084534,1151.3668823242188,297.94419860839844,1122.6058349609375,274.2777099609375,1180.1279296875,321.6106872558594
285,11.4,14,2,car,0.5217908620834351,1833.5093994140625,364.16448974609375,1796.5458984375,335.15509033203125,1870.472900390625,393.17388916015625
285,11.4,6,2,car,0.5109487771987915,1256.4589233398438,339.7941436767578,1221.6624755859375,314.38763427734375,1291.25537109375,365.2006530761719
285,11.4,9,2,car,0.4724355936050415,1565.068359375,296.12025451660156,1530.0516357421875,280.41754150390625,1600.0850830078125,311.8229675292969
285,11.4,12,2,car,0.4263310730457306,1550.039794921875,313.0496368408203,1508.3067626953125,285.8055114746094,1591.7728271484375,340.29376220703125
286,11.44,5,2,car,0.7861697673797607,1244.10546875,457.816162109375,1188.8218994140625,401.68194580078125,1299.3890380859375,513.9503784179688
286,11.44,4,2,car,0.7489097118377686,1479.5728759765625,466.6258850097656,1425.9046630859375,421.8132019042969,1533.2410888671875,511.4385681152344
286,11.44,11,2,car,0.7168337106704712,1626.0399169921875,346.56178283691406,1591.307373046875,322.78173828125,1660.7724609375,370.3418273925781
286,11.44,6,2,car,0.6544216871261597,1256.7272338867188,341.0528869628906,1222.42333984375,314.24029541015625,1291.0311279296875,367.865478515625
286,11.44,8,2,car,0.6385980844497681,1152.2881469726562,298.88140869140625,1123.865966796875,275.2294921875,1180.7103271484375,322.5333251953125
286,11.44,13,2,car,0.6170712113380432,1071.1619262695312,249.4931182861328,1048.191650390625,236.1158447265625,1094.1322021484375,262.8703918457031
286,11.44,9,2,car,0.5187210440635681,1566.6546020507812,296.6620178222656,1535.126953125,279.9495544433594,1598.1822509765625,313.3744812011719
286,11.44,12,2,car,0.436991423368454,1543.4838256835938,309.9363098144531,1507.3966064453125,283.915283203125,1579.571044921875,335.95733642578125
286,11.44,14,2,car,0.41017013788223267,1828.1297607421875,361.3797912597656,1791.3819580078125,332.1323547363281,1864.8775634765625,390.6272277832031
287,11.48,5,2,car,0.7651006579399109,1245.0576782226562,461.32398986816406,1189.335205078125,404.6023254394531,1300.7801513671875,518.045654296875
287,11.48,4,2,car,0.7282192707061768,1479.9552001953125,469.9563751220703,1426.0284423828125,424.7106628417969,1533.8819580078125,515.2020874023438
287,11.48,14,2,car,0.7106095552444458,1825.8409423828125,360.0768127441406,1788.333251953125,331.6775207519531,1863.3486328125,388.4761047363281
287,11.48,6,2,car,0.7037389874458313,1255.8287963867188,343.12696838378906,1222.1807861328125,316.83197021484375,1289.476806640625,369.4219665527344
287,11.48,11,2,car,0.6788409948348999,1623.418212890625,344.78192138671875,1589.1207275390625,320.5196228027344,1657.7156982421875,369.0442199707031
287,11.48,8,2,car,0.6577211022377014,1153.2191162109375,299.83868408203125,1124.7923583984375,276.1207580566406,1181.6458740234375,323.5566101074219
287,11.48,13,2,car,0.6311311721801758,1072.269775390625,249.91463470458984,1048.896728515625,235.8856658935547,1095.642822265625,263.943603515625
287,11.48,12,2,car,0.5690667033195496,1537.4658813476562,310.5873565673828,1503.13525390625,284.5428161621094,1571.7965087890625,336.63189697265625
287,11.48,9,2,car,0.45451170206069946,1554.60791015625,298.89984130859375,1514.3426513671875,279.1341552734375,1594.8731689453125,318.66552734375
288,11.52,5,2,car,0.7886520028114319,1245.3797607421875,464.2160339355469,1188.6199951171875,406.25830078125,1302.1395263671875,522.1737670898438
288,11.52,4,2,car,0.7284882068634033,1481.04345703125,473.70912170410156,1426.9207763671875,427.9926452636719,1535.1661376953125,519.4255981445312
288,11.52,14,2,car,0.6963558793067932,1822.43408203125,358.7034606933594,1784.9168701171875,329.9234924316406,1859.9512939453125,387.4834289550781
288,11.52,8,2,car,0.6823498010635376,1153.6570434570312,300.2331085205078,1125.1927490234375,276.5410461425781,1182.121337890625,323.9251708984375
288,11.52,11,2,car,0.681614100933075,1619.734130859375,343.51695251464844,1586.203125,319.3376770019531,1653.26513671875,367.69622802734375
288,11.52,13,2,car,0.609809160232544,1074.3582763671875,250.63191986083984,1053.1026611328125,236.46290588378906,1095.6138916015625,264.8009338378906
288,11.52,12,2,car,0.541279673576355,1535.7503051757812,311.53782653808594,1501.798828125,284.4222412109375,1569.7017822265625,338.6534118652344
288,11.52,6,2,car,0.5399936437606812,1258.3939208984375,345.46852111816406,1222.5477294921875,318.7774658203125,1294.2401123046875,372.1595764160156
288,11.52,9,2,car,0.4637443721294403,1557.6658935546875,294.71974182128906,1524.087646484375,278.16650390625,1591.244140625,311.2729797363281
288,11.52,16,2,car,0.41537711024284363,1204.4985961914062,281.8230743408203,1181.2452392578125,265.3505859375,1227.751953125,298.2955627441406
289,11.56,5,2,car,0.7786732316017151,1245.1099853515625,467.1094665527344,1187.264404296875,407.73431396484375,1302.95556640625,526.484619140625
289,11.56,4,2,car,0.7148960828781128,1484.9681396484375,475.8564910888672,1430.7681884765625,429.6892395019531,1539.1680908203125,522.0237426757812
289,11.56,11,2,car,0.7040718793869019,1617.6796875,343.3691101074219,1584.343505859375,318.64190673828125,1651.015869140625,368.0963134765625
289,11.56,14,2,car,0.6982091069221497,1819.5908203125,357.61668395996094,1782.3673095703125,329.3358459472656,1856.8143310546875,385.89752197265625
289,11.56,8,2,car,0.6412485241889954,1155.3388671875,300.8221740722656,1126.902587890625,278.0823059082031,1183.775146484375,323.5620422363281
289,11.56,6,2,car,0.6338241696357727,1258.3778076171875,344.9265594482422,1224.2286376953125,318.89166259765625,1292.5269775390625,370.9614562988281
289,11.56,13,2,car,0.50376957654953,1077.2368774414062,250.96906280517578,1056.862548828125,236.55555725097656,1097.6112060546875,265.382568359375
289,11.56,12,2,car,0.4261816143989563,1530.4318237304688,310.0556945800781,1498.940185546875,286.0480041503906,1561.9234619140625,334.0633850097656
289,11.56,9,2,car,0.38041165471076965,1559.6661376953125,292.6055908203125,1530.7244873046875,276.6783142089844,1588.6077880859375,308.5328674316406
289,11.56,16,2,car,0.3527877926826477,1205.8588256835938,282.8602294921875,1181.4840087890625,265.9342346191406,1230.233642578125,299.7862243652344
290,11.6,5,2,car,0.8460559844970703,1244.1962890625,470.9561462402344,1186.433837890625,413.0712890625,1301.958740234375,528.8410034179688
290,11.6,14,2,car,0.7491798400878906,1816.1530151367188,357.0210418701172,1779.5372314453125,329.0707702636719,1852.768798828125,384.9713134765625
290,11.6,4,2,car,0.7277534008026123,1486.6298828125,479.6155090332031,1431.604736328125,432.625244140625,1541.655029296875,526.6057739257812
290,11.6,8,2,car,0.6943843960762024,1158.7979736328125,302.2124938964844,1129.061279296875,279.1646423339844,1188.53466796875,325.2603454589844
290,11.6,11,2,car,0.6559065580368042,1613.3772583007812,340.9501647949219,1579.3883056640625,316.0946960449219,1647.3662109375,365.8056335449219
290,11.6,6,2,car,0.6308039426803589,1259.2952270507812,346.4966583251953,1224.4156494140625,318.2266845703125,1294.1748046875,374.7666320800781
290,11.6,13,2,car,0.5034739375114441,1080.9263305664062,251.95240783691406,1058.996337890625,236.88656616210938,1102.8563232421875,267.01824951171875
290,11.6,9,2,car,0.3985912501811981,1560.6285400390625,291.08509826660156,1535.02490234375,274.16766357421875,1586.232177734375,308.0025329589844
291,11.64,5,2,car,0.8044023513793945,1244.6942138671875,473.3654327392578,1186.330078125,415.1521911621094,1303.058349609375,531.5786743164062
291,11.64,14,2,car,0.7692046165466309,1815.139892578125,355.1922302246094,1777.525634765625,328.2424011230469,1852.754150390625,382.1420593261719
291,11.64,11,2,car,0.7583457231521606,1609.6307373046875,339.8166198730469,1575.2347412109375,316.04827880859375,1644.0267333984375,363.5849609375
291,11.64,8,2,car,0.7035897970199585,1159.56982421875,303.91065979003906,1130.119384765625,279.7933349609375,1189.020263671875,328.0279846191406
291,11.64,4,2,car,0.694905161857605,1485.6283569335938,482.65118408203125,1430.561767578125,435.8243408203125,1540.6949462890625,529.47802734375
291,11.64,6,2,car,0.6366773843765259,1258.0938720703125,349.1771697998047,1222.906494140625,321.6715087890625,1293.28125,376.6828308105469
291,11.64,13,2,car,0.49145904183387756,1082.3228149414062,251.81211853027344,1059.2015380859375,237.02752685546875,1105.444091796875,266.5967102050781
291,11.64,16,2,car,0.3675352931022644,1208.0560302734375,282.5298614501953,1186.0174560546875,264.7883605957031,1230.0946044921875,300.2713623046875
292,11.68,5,2,car,0.8388690948486328,1244.408203125,476.6075744628906,1185.7210693359375,415.950927734375,1303.0953369140625,537.2642211914062
292,11.68,14,2,car,0.7489692568778992,1811.4437255859375,353.53929138183594,1774.5626220703125,325.64324951171875,1848.3248291015625,381.4353332519531
292,11.68,4,2,car,0.7185109257698059,1487.718994140625,486.5748596191406,1434.11181640625,439.9720458984375,1541.326171875,533.1776733398438
292,11.68,8,2,car,0.7091203331947327,1161.2368774414062,303.7384490966797,1131.1978759765625,279.1415710449219,1191.27587890625,328.3353271484375
292,11.68,11,2,car,0.7075375914573669,1607.537841796875,340.1309051513672,1573.1923828125,316.7811584472656,1641.88330078125,363.48065185546875
292,11.68,6,2,car,0.6442710161209106,1258.3816528320312,351.4549102783203,1223.0966796875,322.8525390625,1293.6666259765625,380.0572814941406
292,11.68,13,2,car,0.5363909006118774,1085.60791015625,251.58212280273438,1062.1173095703125,236.72525024414062,1109.0985107421875,266.4389953613281
293,11.72,5,2,car,0.7562154531478882,1244.4782104492188,481.32861328125,1185.9315185546875,420.94940185546875,1303.02490234375,541.7078247070312
293,11.72,4,2,car,0.7494768500328064,1488.9320068359375,489.58189392089844,1435.062744140625,442.3100280761719,1542.80126953125,536.853759765625
293,11.72,14,2,car,0.7349998354911804,1808.458740234375,353.0625762939453,1774.924072265625,326.34515380859375,1841.993408203125,379.7799987792969
293,11.72,6,2,car,0.7276550531387329,1259.936279296875,352.13047790527344,1223.63232421875,323.06695556640625,1296.240234375,381.1940002441406
293,11.72,11,2,car,0.704871416091919,1603.5734252929688,337.9885711669922,1568.0760498046875,313.8998107910156,1639.07080078125,362.07733154296875
293,11.72,8,2,car,0.5922989249229431,1162.4669799804688,303.6373291015625,1131.9002685546875,277.3251647949219,1193.03369140625,329.9494934082031
293,11.72,13,2,car,0.5892643332481384,1088.4276123046875,251.9410858154297,1064.0335693359375,236.63662719726562,1112.8216552734375,267.24554443359375
293,11.72,12,2,car,0.37669554352760315,1519.2594604492188,307.43067932128906,1484.7784423828125,282.8316955566406,1553.740478515625,332.0296630859375
294,11.76,4,2,car,0.7657638788223267,1489.8504638671875,492.92852783203125,1434.6339111328125,443.4290771484375,1545.0670166015625,542.427978515625
294,11.76,5,2,car,0.735424280166626,1244.359130859375,485.2344970703125,1185.4332275390625,423.4886474609375,1303.2850341796875,546.9803466796875
294,11.76,11,2,car,0.6718326807022095,1600.3443603515625,337.5285949707031,1564.8145751953125,312.2689208984375,1635.8741455078125,362.78826904296875
294,11.76,6,2,car,0.6472271680831909,1261.8548583984375,353.4813537597656,1225.9002685546875,324.5616760253906,1297.8094482421875,382.4010314941406
294,11.76,14,2,car,0.6431231498718262,1803.566162109375,352.13230895996094,1768.5413818359375,325.14617919921875,1838.5909423828125,379.1184387207031
294,11.76,8,2,car,0.6182952523231506,1164.6474609375,305.0080871582031,1134.577880859375,276.9942626953125,1194.717041015625,333.02191162109375
294,11.76,13,2,car,0.5040560960769653,1090.9423217773438,252.6604995727539,1066.6971435546875,236.4374542236328,1115.1875,268.883544921875
294,11.76,16,2,car,0.3669777512550354,1215.2658081054688,284.3771209716797,1188.90869140625,265.892578125,1241.6229248046875,302.8616638183594
295,11.8,5,2,car,0.7528449296951294,1243.9890747070312,488.6799621582031,1183.981201171875,425.99078369140625,1303.9969482421875,551.369140625
295,11.8,14,2,car,0.7212419509887695,1799.8291625976562,351.7648162841797,1763.8223876953125,324.8617248535156,1835.8359375,378.66790771484375
295,11.8,6,2,car,0.7113258242607117,1263.3370361328125,354.39141845703125,1226.4365234375,324.8135681152344,1300.237548828125,383.9692687988281
295,11.8,4,2,car,0.6383057832717896,1491.03125,497.56480407714844,1434.9639892578125,448.2657165527344,1547.0985107421875,546.8638916015625
295,11.8,11,2,car,0.6313323974609375,1598.7000732421875,335.78965759277344,1564.3125,312.1661682128906,1633.087646484375,359.41314697265625
295,11.8,8,2,car,0.5614503026008606,1166.0230712890625,304.7807312011719,1135.6162109375,277.10955810546875,1196.429931640625,332.451904296875
295,11.8,13,2,car,0.5354103446006775,1093.4950561523438,253.41370391845703,1069.43994140625,236.10520935058594,1117.5501708984375,270.7221984863281
295,11.8,17,2,car,0.41192740201950073,1288.0733032226562,309.5368194580078,1263.011474609375,288.1954650878906,1313.1351318359375,330.878173828125
296,11.84,5,2,car,0.7648020386695862,1244.3308715820312,489.7021179199219,1182.6324462890625,427.4674072265625,1306.029296875,551.9368286132812
296,11.84,6,2,car,0.7436935901641846,1263.6767578125,356.5981750488281,1228.314697265625,327.54638671875,1299.038818359375,385.64996337890625
296,11.84,14,2,car,0.7409784197807312,1796.74365234375,350.5324401855469,1760.630859375,323.8135986328125,1832.8564453125,377.25128173828125
296,11.84,11,2,car,0.6968900561332703,1592.4671020507812,334.58876037597656,1557.222412109375,311.65118408203125,1627.7117919921875,357.5263366699219
296,11.84,4,2,car,0.6604650020599365,1494.6851806640625,501.45692443847656,1437.8485107421875,454.0456237792969,1551.5218505859375,548.8682250976562
296,11.84,17,2,car,0.5735102891921997,1289.8366088867188,310.87452697753906,1264.419189453125,289.2818298339844,1315.2540283203125,332.46722412109375
296,11.84,8,2,car,0.5611715316772461,1165.6417236328125,305.39866638183594,1136.4012451171875,279.1209716796875,1194.8822021484375,331.6763610839844
296,11.84,13,2,car,0.5539900064468384,1096.3031005859375,252.93799591064453,1071.3157958984375,236.09666442871094,1121.2904052734375,269.7793273925781
296,11.84,16,2,car,0.3903740644454956,1218.7049560546875,285.88319396972656,1191.0194091796875,265.57464599609375,1246.3905029296875,306.1917419433594
296,11.84,12,2,car,0.36958813667297363,1517.26171875,305.0914306640625,1479.227783203125,280.2898864746094,1555.295654296875,329.8929748535156
297,11.88,5,2,car,0.7883847951889038,1243.5435791015625,493.49609375,1182.579345703125,430.01068115234375,1304.5078125,556.9815063476562
297,11.88,11,2,car,0.7479255199432373,1589.2305908203125,333.814453125,1555.0975341796875,311.3172912597656,1623.3636474609375,356.3116149902344
297,11.88,4,2,car,0.7311232686042786,1496.294921875,504.72901916503906,1438.896728515625,455.8254089355469,1553.693115234375,553.6326293945312
297,11.88,14,2,car,0.7287549376487732,1794.5906982421875,349.543212890625,1758.802734375,322.9789123535156,1830.378662109375,376.1075134277344
297,11.88,6,2,car,0.6837415099143982,1264.5878295898438,358.1710510253906,1228.4517822265625,330.4764404296875,1300.723876953125,385.86566162109375
297,11.88,17,2,car,0.6305683851242065,1290.8486328125,312.14532470703125,1263.6497802734375,290.6446838378906,1318.0474853515625,333.6459655761719
297,11.88,13,2,car,0.5401180982589722,1097.6040649414062,252.75919342041016,1072.4906005859375,235.93113708496094,1122.717529296875,269.5872497558594
297,11.88,8,2,car,0.48753833770751953,1166.77587890625,306.0024719238281,1137.1636962890625,279.6705322265625,1196.3880615234375,332.33441162109375
297,11.88,12,2,car,0.3950015604496002,1528.109619140625,291.52586364746094,1489.5802001953125,272.5302734375,1566.6390380859375,310.5214538574219
297,11.88,18,2,car,0.3896920680999756,1506.9512329101562,305.1043243408203,1475.8399658203125,283.5643005371094,1538.0625,326.64434814453125
297,11.88,16,2,car,0.3767067790031433,1218.1658325195312,285.67637634277344,1187.2003173828125,264.5229797363281,1249.13134765625,306.82977294921875
298,11.92,14,2,car,0.7986548542976379,1791.1768798828125,347.66954040527344,1755.037353515625,320.76947021484375,1827.31640625,374.5696105957031
298,11.92,5,2,car,0.7896783947944641,1243.5517578125,497.49420166015625,1181.5899658203125,431.92559814453125,1305.5135498046875,563.0628051757812
298,11.92,4,2,car,0.7687891721725464,1496.5055541992188,508.59547424316406,1439.302490234375,458.5710144042969,1553.7086181640625,558.6199340820312
298,11.92,11,2,car,0.7138486504554749,1586.0529174804688,332.9956359863281,1552.4202880859375,309.8094482421875,1619.685546875,356.18182373046875
298,11.92,6,2,car,0.6540391445159912,1264.7925415039062,359.0937194824219,1228.47998046875,330.42095947265625,1301.1051025390625,387.7664794921875
298,11.92,17,2,car,0.5697177052497864,1293.7376098632812,312.571044921875,1266.43408203125,290.5746765136719,1321.0411376953125,334.5674133300781
298,11.92,13,2,car,0.5481162071228027,1099.4185180664062,252.92909240722656,1076.01123046875,236.02932739257812,1122.8258056640625,269.828857421875
298,11.92,8,2,car,0.4904157221317291,1170.2938842773438,307.9947814941406,1140.5628662109375,281.58819580078125,1200.02490234375,334.4013671875
298,11.92,16,2,car,0.39855632185935974,1218.6904907226562,286.4706726074219,1186.283935546875,265.15924072265625,1251.0970458984375,307.7821044921875
299,11.96,4,2,car,0.7786939740180969,1495.1105346679688,515.4375,1438.2919921875,467.2353515625,1551.9290771484375,563.6396484375
299,11.96,5,2,car,0.7576614618301392,1242.4417724609375,501.1482849121094,1181.4595947265625,436.186279296875,1303.4239501953125,566.1102905273438
299,11.96,14,2,car,0.7546378374099731,1788.52880859375,347.3544464111328,1753.271484375,321.013671875,1823.7861328125,373.6952209472656
299,11.96,6,2,car,0.7000923752784729,1266.359619140625,360.3390197753906,1229.4345703125,331.7910461425781,1303.28466796875,388.8869934082031
299,11.96,13,2,car,0.6298536062240601,1102.0525512695312,253.0860137939453,1079.684814453125,236.47491455078125,1124.4202880859375,269.6971130371094
299,11.96,11,2,car,0.6031999588012695,1582.9310302734375,330.3973693847656,1549.35791015625,307.8190002441406,1616.504150390625,352.9757385253906
299,11.96,17,2,car,0.4789857566356659,1295.0972290039062,313.6094207763672,1269.278076171875,291.6919250488281,1320.9163818359375,335.52691650390625
299,11.96,8,2,car,0.47634580731391907,1172.2742919921875,307.9840393066406,1141.9930419921875,280.9629821777344,1202.5555419921875,335.0050964355469
300,12.0,4,2,car,0.8007187247276306,1499.3480224609375,518.2324371337891,1440.4947509765625,468.5063171386719,1558.2012939453125,567.9585571289062
300,12.0,5,2,car,0.7724397778511047,1240.505615234375,504.78656005859375,1177.291748046875,437.60906982421875,1303.719482421875,571.9640502929688
300,12.0,11,2,car,0.687768280506134,1581.72216796875,329.35443115234375,1549.524169921875,307.05206298828125,1613.920166015625,351.65679931640625
300,12.0,14,2,car,0.6742434501647949,1785.1929931640625,346.0364990234375,1750.2125244140625,319.5267639160156,1820.1734619140625,372.5462341308594
300,12.0,6,2,car,0.6213981509208679,1266.52490234375,361.2000732421875,1230.6153564453125,331.7740173339844,1302.4344482421875,390.6261291503906
300,12.0,17,2,car,0.5865815877914429,1296.7222900390625,314.2459259033203,1269.3450927734375,291.6834411621094,1324.0994873046875,336.80841064453125
300,12.0,13,2,car,0.5733098983764648,1104.9999389648438,254.46470642089844,1083.3896484375,236.88995361328125,1126.6102294921875,272.0394592285156
300,12.0,8,2,car,0.45516636967658997,1172.8069458007812,309.6210479736328,1142.5792236328125,282.8873291015625,1203.03466796875,336.3547668457031
300,12.0,16,2,car,0.4420537054538727,1224.6165161132812,288.4278106689453,1192.5047607421875,265.5716247558594,1256.728271484375,311.28399658203125
301,12.04,5,2,car,0.8213043808937073,1240.6111450195312,507.9518737792969,1177.2762451171875,441.154541015625,1303.946044921875,574.7492065429688
301,12.04,4,2,car,0.7307955622673035,1502.840087890625,522.5857391357422,1440.298583984375,470.6287536621094,1565.381591796875,574.542724609375
301,12.04,6,2,car,0.7181075215339661,1267.3633422851562,361.9588928222656,1231.0504150390625,333.24072265625,1303.67626953125,390.67706298828125
301,12.04,11,2,car,0.6554697155952454,1576.5882568359375,328.22125244140625,1543.7391357421875,306.07958984375,1609.4373779296875,350.3629150390625
301,12.04,14,2,car,0.6294479370117188,1782.8577880859375,345.0073699951172,1747.28955078125,318.6507568359375,1818.426025390625,371.3639831542969
301,12.04,13,2,car,0.5776137113571167,1106.68896484375,254.39940643310547,1083.53955078125,237.0479278564453,1129.83837890625,271.7508850097656
301,12.04,17,2,car,0.5637595057487488,1297.306884765625,313.6040802001953,1270.3363037109375,290.4159240722656,1324.2774658203125,336.792236328125
301,12.04,8,2,car,0.5149747729301453,1173.3248901367188,310.3794708251953,1143.06689453125,283.292724609375,1203.5828857421875,337.4662170410156
301,12.04,16,2,car,0.4848698377609253,1225.3237915039062,287.5267333984375,1191.795166015625,265.1322021484375,1258.8524169921875,309.9212646484375
302,12.08,5,2,car,0.7925944924354553,1239.9149780273438,511.8135528564453,1177.376953125,443.4910583496094,1302.4530029296875,580.1360473632812
302,12.08,6,2,car,0.7286204695701599,1267.550048828125,361.61920166015625,1231.75390625,332.192138671875,1303.34619140625,391.0462646484375
302,12.08,4,2,car,0.7162643671035767,1503.1401977539062,526.8033905029297,1442.55810546875,476.1894836425781,1563.7222900390625,577.4172973632812
302,12.08,11,2,car,0.6954558491706848,1572.643798828125,327.5031433105469,1538.841064453125,306.7327880859375,1606.446533203125,348.27349853515625
302,12.08,13,2,car,0.6096537113189697,1108.2177734375,254.81977081298828,1084.789794921875,236.8717803955078,1131.645751953125,272.76776123046875
302,12.08,14,2,car,0.6047725677490234,1780.597412109375,344.30543518066406,1744.699951171875,318.0727844238281,1816.494873046875,370.5380859375
302,12.08,8,2,car,0.5131310224533081,1174.6500854492188,311.230712890625,1143.614990234375,284.3632507324219,1205.6851806640625,338.0981750488281
302,12.08,17,2,car,0.4726879596710205,1298.4137573242188,315.3368682861328,1271.0064697265625,292.55126953125,1325.821044921875,338.1224670410156
302,12.08,16,2,car,0.42953771352767944,1224.014404296875,286.74790954589844,1192.2034912109375,264.6519775390625,1255.8253173828125,308.8438415527344
302,12.08,18,2,car,0.35114574432373047,1491.3509521484375,303.1421203613281,1456.7425537109375,282.03436279296875,1525.9593505859375,324.2498779296875
303,12.12,4,2,car,0.7942274212837219,1503.7317504882812,530.5577850341797,1442.4276123046875,477.6590881347656,1565.035888671875,583.4564819335938
303,12.12,5,2,car,0.7141010761260986,1240.4755859375,516.1769104003906,1175.507568359375,446.680419921875,1305.443603515625,585.6734008789062
303,12.12,14,2,car,0.6313459277153015,1775.686279296875,342.9337463378906,1740.802490234375,316.5065002441406,1810.570068359375,369.3609924316406
303,12.12,13,2,car,0.5943073630332947,1109.6451416015625,254.69457244873047,1085.6099853515625,236.61671447753906,1133.6802978515625,272.7724304199219
303,12.12,17,2,car,0.5728165507316589,1299.846435546875,317.7821502685547,1272.981689453125,297.1451110839844,1326.711181640625,338.419189453125
303,12.12,6,2,car,0.5695847868919373,1268.5626831054688,363.59718322753906,1232.170166015625,334.2933044433594,1304.9552001953125,392.90106201171875
303,12.12,11,2,car,0.5479951500892639,1570.7817993164062,326.0824279785156,1538.4166259765625,304.8970947265625,1603.14697265625,347.26776123046875
303,12.12,8,2,car,0.45819562673568726,1176.5671997070312,312.1080780029297,1146.1572265625,285.1300048828125,1206.9771728515625,339.0861511230469
304,12.16,5,2,car,0.7618364691734314,1238.4273071289062,520.1284637451172,1173.6756591796875,450.6891174316406,1303.178955078125,589.5678100585938
304,12.16,4,2,car,0.7053027153015137,1505.7102661132812,533.0191955566406,1444.501953125,479.38275146484375,1566.9185791015625,586.6556396484375
304,12.16,14,2,car,0.6890090107917786,1773.197021484375,341.4767150878906,1737.8104248046875,315.77960205078125,1808.5836181640625,367.173828125
304,12.16,6,2,car,0.6359190940856934,1266.6958618164062,364.3844909667969,1229.0228271484375,335.8821105957031,1304.368896484375,392.8868713378906
304,12.16,11,2,car,0.5758561491966248,1567.9786376953125,324.98817443847656,1536.2193603515625,302.8530578613281,1599.7379150390625,347.123291015625
304,12.16,8,2,car,0.5259307026863098,1176.7047729492188,312.5696258544922,1145.6099853515625,285.6174621582031,1207.799560546875,339.52178955078125
304,12.16,13,2,car,0.48301368951797485,1113.5421142578125,255.1273956298828,1090.183349609375,238.5186767578125,1136.90087890625,271.7361145019531
304,12.16,17,2,car,0.4809643030166626,1302.9560546875,317.95355224609375,1276.48046875,297.59942626953125,1329.431640625,338.30767822265625
304,12.16,16,2,car,0.3819926381111145,1228.6644897460938,290.658935546875,1200.118896484375,269.9961853027344,1257.2100830078125,311.3216857910156
304,12.16,18,2,car,0.3720075190067291,1484.2734985351562,299.16204833984375,1448.4527587890625,276.62762451171875,1520.09423828125,321.69647216796875
305,12.2,4,2,car,0.7119207978248596,1506.4717407226562,540.2843627929688,1444.323974609375,488.19488525390625,1568.6195068359375,592.3738403320312
305,12.2,5,2,car,0.69378662109375,1236.037109375,526.3410491943359,1168.712158203125,456.5638732910156,1303.362060546875,596.1182250976562
305,12.2,11,2,car,0.6682338714599609,1564.6664428710938,324.3499450683594,1531.4893798828125,301.9048767089844,1597.843505859375,346.7950134277344
305,12.2,14,2,car,0.6514971256256104,1769.0877685546875,340.4745330810547,1734.8375244140625,314.429931640625,1803.3380126953125,366.5191345214844
305,12.2,6,2,car,0.6509751677513123,1269.2288208007812,367.62998962402344,1232.3050537109375,336.6977844238281,1306.152587890625,398.56219482421875
305,12.2,17,2,car,0.5796859264373779,1304.3079833984375,317.59234619140625,1275.6944580078125,295.40673828125,1332.9215087890625,339.7779541015625
305,12.2,8,2,car,0.5095106959342957,1177.984619140625,311.69651794433594,1146.5369873046875,285.1478576660156,1209.4322509765625,338.24517822265625
305,12.2,13,2,car,0.43766263127326965,1115.333984375,256.7030563354492,1090.822021484375,239.53074645996094,1139.845947265625,273.8753662109375
306,12.24,4,2,car,0.7965127825737,1507.7821655273438,544.8364715576172,1443.8507080078125,490.9215393066406,1571.713623046875,598.7514038085938
306,12.24,5,2,car,0.6790462732315063,1237.2276611328125,529.9283294677734,1168.095458984375,460.1040344238281,1306.35986328125,599.7526245117188
306,12.24,14,2,car,0.6100314259529114,1766.70556640625,339.47865295410156,1732.8907470703125,313.5096435546875,1800.5203857421875,365.4476623535156
306,12.24,6,2,car,0.6060278415679932,1268.6935424804688,368.98297119140625,1230.5848388671875,338.2110900878906,1306.80224609375,399.7548522949219
306,12.24,17,2,car,0.5401349663734436,1306.6172485351562,321.12249755859375,1277.4886474609375,299.7719421386719,1335.745849609375,342.4730529785156
306,12.24,11,2,car,0.5238492488861084,1562.2172241210938,323.06590270996094,1529.5697021484375,300.9863586425781,1594.86474609375,345.14544677734375
306,12.24,13,2,car,0.4701966941356659,1117.7220458984375,257.1079559326172,1092.9486083984375,240.1710205078125,1142.4954833984375,274.0448913574219
306,12.24,8,2,car,0.42790356278419495,1179.6072998046875,313.0246124267578,1149.2777099609375,287.0710144042969,1209.9368896484375,338.97821044921875
307,12.28,5,2,car,0.7972886562347412,1234.5316162109375,532.7455291748047,1164.9405517578125,461.6042175292969,1304.1226806640625,603.8868408203125
307,12.28,4,2,car,0.7500364184379578,1508.6394653320312,548.5370178222656,1444.2623291015625,493.486083984375,1573.0166015625,603.5879516601562
307,12.28,6,2,car,0.7121407389640808,1271.1370239257812,373.61676025390625,1232.51513671875,340.58453369140625,1309.7589111328125,406.64898681640625
307,12.28,17,2,car,0.5977670550346375,1308.4185791015625,320.15626525878906,1279.556396484375,297.0019226074219,1337.28076171875,343.31060791015625
307,12.28,14,2,car,0.5873816013336182,1761.8067626953125,339.36717224121094,1727.0540771484375,312.509765625,1796.5594482421875,366.2245788574219
307,12.28,11,2,car,0.5853419899940491,1559.2208862304688,322.27699279785156,1527.7635498046875,301.05224609375,1590.67822265625,343.5017395019531
307,12.28,8,2,car,0.5015417337417603,1181.863525390625,316.1765899658203,1152.4666748046875,289.9540100097656,1211.2603759765625,342.399169921875
307,12.28,13,2,car,0.47266048192977905,1119.8565063476562,257.62027740478516,1095.771484375,241.01075744628906,1143.9415283203125,274.22979736328125
308,12.32,4,2,car,0.7544779777526855,1508.9932861328125,554.9479064941406,1444.944580078125,500.745849609375,1573.0419921875,609.1499633789062
308,12.32,5,2,car,0.7544528245925903,1232.4398193359375,537.7530822753906,1163.097412109375,465.98760986328125,1301.7822265625,609.5185546875
308,12.32,6,2,car,0.7137467861175537,1271.4888305664062,373.63397216796875,1233.4696044921875,342.25921630859375,1309.508056640625,405.00872802734375
308,12.32,17,2,car,0.6171776056289673,1309.60009765625,321.36451721191406,1280.7537841796875,298.1063232421875,1338.4464111328125,344.6227111816406
308,12.32,11,2,car,0.6124279499053955,1555.5177612304688,321.4550018310547,1524.2515869140625,300.06549072265625,1586.783935546875,342.8445129394531
308,12.32,14,2,car,0.5849006772041321,1760.1712646484375,338.2306671142578,1726.1788330078125,311.4402770996094,1794.1636962890625,365.02105712890625
308,12.32,8,2,car,0.556948184967041,1184.0608520507812,316.27801513671875,1153.5208740234375,290.1435546875,1214.600830078125,342.4124755859375
308,12.32,13,2,car,0.46687519550323486,1122.921875,258.7694549560547,1099.6231689453125,242.75546264648438,1146.2205810546875,274.783447265625
308,12.32,18,2,car,0.356853187084198,1482.1585083007812,294.4044189453125,1447.3001708984375,273.0875549316406,1517.016845703125,315.7212829589844
309,12.36,4,2,car,0.7852633595466614,1510.3010864257812,559.257568359375,1444.46533203125,502.87078857421875,1576.1368408203125,615.6443481445312
309,12.36,6,2,car,0.6978944540023804,1271.8342895507812,373.5765686035156,1232.52978515625,341.6411437988281,1311.1387939453125,405.5119934082031
309,12.36,5,2,car,0.6748055815696716,1232.5809936523438,543.5069122314453,1162.190673828125,471.4543762207031,1302.9713134765625,615.5594482421875
309,12.36,17,2,car,0.6369777321815491,1310.3955688476562,322.19012451171875,1281.3651123046875,298.0763244628906,1339.426025390625,346.3039245605469
309,12.36,11,2,car,0.5879016518592834,1553.0104370117188,319.5635223388672,1521.2183837890625,298.76556396484375,1584.802490234375,340.3614807128906
309,12.36,14,2,car,0.5778042078018188,1757.473388671875,336.400634765625,1724.1522216796875,310.332275390625,1790.7945556640625,362.468994140625
309,12.36,8,2,car,0.559177577495575,1185.7208251953125,318.41334533691406,1153.9195556640625,291.005615234375,1217.5220947265625,345.8210754394531
309,12.36,13,2,car,0.4228382110595703,1126.26708984375,258.9224395751953,1104.391845703125,243.25753784179688,1148.142333984375,274.58734130859375
310,12.4,4,2,car,0.8121891021728516,1512.3404541015625,565.7783203125,1445.671875,509.60284423828125,1579.009033203125,621.9537963867188
310,12.4,5,2,car,0.7306511998176575,1230.8370361328125,547.7649536132812,1160.720703125,474.24591064453125,1300.953369140625,621.2839965820312
310,12.4,6,2,car,0.7223899960517883,1272.2813720703125,376.2181091308594,1232.9140625,344.4679870605469,1311.648681640625,407.9682312011719
310,12.4,8,2,car,0.6564494371414185,1187.6870727539062,319.1587371826172,1155.6302490234375,291.6004943847656,1219.743896484375,346.71697998046875
310,12.4,11,2,car,0.612679660320282,1550.4580078125,319.72669982910156,1518.6661376953125,298.89141845703125,1582.2498779296875,340.5619812011719
310,12.4,17,2,car,0.5696881413459778,1311.666259765625,323.10455322265625,1283.00146484375,299.8852233886719,1340.3310546875,346.3238830566406
310,12.4,14,2,car,0.5266119241714478,1753.9705810546875,335.3551788330078,1720.5333251953125,309.5806579589844,1787.4078369140625,361.12969970703125
310,12.4,18,2,car,0.40070992708206177,1468.8116455078125,294.60931396484375,1440.3277587890625,271.04144287109375,1497.2955322265625,318.17718505859375
311,12.44,4,2,car,0.8382772207260132,1513.860595703125,570.8297119140625,1446.1025390625,514.3327026367188,1581.61865234375,627.3267211914062
311,12.44,5,2,car,0.7485745549201965,1230.4780883789062,552.7923889160156,1158.767578125,479.46551513671875,1302.1885986328125,626.1192626953125
311,12.44,11,2,car,0.7328356504440308,1545.6736450195312,318.4609069824219,1514.7952880859375,296.04705810546875,1576.552001953125,340.874755859375
311,12.44,6,2,car,0.6980359554290771,1272.8643798828125,377.2826232910156,1231.8375244140625,344.810791015625,1313.8912353515625,409.75445556640625
311,12.44,17,2,car,0.592407763004303,1314.1661987304688,323.8338623046875,1284.7197265625,300.0945129394531,1343.6126708984375,347.5732116699219
311,12.44,14,2,car,0.5772913694381714,1751.154052734375,333.5907745361328,1716.72216796875,307.331298828125,1785.5859375,359.8502502441406
311,12.44,8,2,car,0.5407317876815796,1189.1564331054688,318.8903350830078,1156.67041015625,291.0296325683594,1221.6424560546875,346.75103759765625
311,12.44,13,2,car,0.49622246623039246,1130.693359375,260.4804382324219,1107.7100830078125,244.4271240234375,1153.6766357421875,276.53375244140625
311,12.44,18,2,car,0.41369590163230896,1467.290283203125,297.2079162597656,1437.33349609375,272.0951843261719,1497.2470703125,322.3206481933594
312,12.48,4,2,car,0.7931480407714844,1514.0426635742188,575.3720092773438,1447.3609619140625,518.2749633789062,1580.724365234375,632.4690551757812
312,12.48,5,2,car,0.7466636896133423,1227.9674682617188,557.8911285400391,1155.264892578125,482.9773864746094,1300.6700439453125,632.8048706054688
312,12.48,6,2,car,0.7031193375587463,1273.0750732421875,379.0827331542969,1231.7691650390625,346.52484130859375,1314.3809814453125,411.640625
312,12.48,14,2,car,0.6344651579856873,1748.7073974609375,332.4176788330078,1715.7718505859375,306.61175537109375,1781.6429443359375,358.2236022949219
312,12.48,11,2,car,0.6340368390083313,1543.482177734375,316.8673553466797,1511.5159912109375,292.9237060546875,1575.4483642578125,340.8110046386719
312,12.48,17,2,car,0.6088724732398987,1317.9447021484375,324.34767150878906,1289.0565185546875,300.0604248046875,1346.8328857421875,348.6349182128906
312,12.48,8,2,car,0.5912428498268127,1188.7088623046875,321.21095275878906,1157.26708984375,293.04144287109375,1220.150634765625,349.3804626464844
312,12.48,13,2,car,0.4998173117637634,1132.5437622070312,263.5194778442383,1111.0301513671875,246.28184509277344,1154.057373046875,280.7571105957031
312,12.48,16,2,car,0.4236263036727905,1245.2241821289062,297.69163513183594,1215.892578125,277.6127014160156,1274.5557861328125,317.77056884765625
312,12.48,18,2,car,0.3891485333442688,1466.9356689453125,292.46881103515625,1435.0592041015625,273.4876403808594,1498.8121337890625,311.4499816894531
313,12.52,4,2,car,0.7958990335464478,1517.3937377929688,580.0399169921875,1447.5626220703125,521.4591064453125,1587.224853515625,638.6207275390625
313,12.52,6,2,car,0.7466300129890442,1273.1901245117188,381.5704650878906,1232.289306640625,348.40631103515625,1314.0909423828125,414.734619140625
313,12.52,5,2,car,0.719316840171814,1225.1038818359375,561.5339965820312,1153.6595458984375,486.62835693359375,1296.5482177734375,636.4396362304688
313,12.52,11,2,car,0.6833433508872986,1540.4863891601562,314.8425598144531,1508.67431640625,292.48529052734375,1572.2984619140625,337.1998291015625
313,12.52,8,2,car,0.6724605560302734,1191.1605224609375,322.12510681152344,1158.5648193359375,294.2447204589844,1223.7562255859375,350.0054931640625
313,12.52,14,2,car,0.5739608407020569,1745.120361328125,330.41778564453125,1710.894287109375,305.1388854980469,1779.346435546875,355.6966857910156
313,12.52,17,2,car,0.5475091934204102,1317.8194580078125,325.30809020996094,1286.3961181640625,300.17919921875,1349.2427978515625,350.4369812011719
313,12.52,13,2,car,0.5190377235412598,1134.783447265625,263.59315490722656,1113.778076171875,246.10116577148438,1155.788818359375,281.08514404296875
313,12.52,18,2,car,0.4414708912372589,1460.6458740234375,290.7845153808594,1430.6517333984375,272.88861083984375,1490.6400146484375,308.680419921875
313,12.52,16,2,car,0.36355024576187134,1248.8721923828125,298.01519775390625,1221.960205078125,277.3673095703125,1275.7841796875,318.6630859375
314,12.56,4,2,car,0.7831737995147705,1517.7159423828125,584.9029235839844,1446.1099853515625,525.290283203125,1589.3218994140625,644.5155639648438
314,12.56,6,2,car,0.7057868242263794,1274.7538452148438,381.85398864746094,1233.177001953125,346.7082214355469,1316.3306884765625,416.999755859375
314,12.56,14,2,car,0.651985228061676,1742.1654052734375,329.2665710449219,1708.264892578125,304.1653747558594,1776.06591796875,354.3677673339844
314,12.56,5,2,car,0.6435153484344482,1223.360595703125,567.5822601318359,1151.420654296875,490.2272644042969,1295.300537109375,644.937255859375
314,12.56,8,2,car,0.6332638263702393,1191.5857543945312,323.6111297607422,1159.7845458984375,295.6599426269531,1223.386962890625,351.56231689453125
314,12.56,11,2,car,0.6321671009063721,1538.3037719726562,314.34434509277344,1506.9295654296875,291.7226257324219,1569.677978515625,336.966064453125
314,12.56,17,2,car,0.5408007502555847,1317.4888916015625,327.0166473388672,1286.7667236328125,301.1188049316406,1348.2110595703125,352.91448974609375
314,12.56,13,2,car,0.528758704662323,1138.244873046875,263.5661392211914,1115.8173828125,245.5955352783203,1160.67236328125,281.5367431640625
314,12.56,16,2,car,0.4156131148338318,1250.0065307617188,297.8006896972656,1222.2677001953125,276.293701171875,1277.745361328125,319.30767822265625
314,12.56,18,2,car,0.39395520091056824,1455.8160400390625,293.650390625,1426.713623046875,276.61279296875,1484.91845703125,310.68798828125
315,12.6,4,2,car,0.8290141224861145,1518.995361328125,591.2199096679688,1448.3038330078125,530.3351440429688,1589.6868896484375,652.1046752929688
315,12.6,6,2,car,0.7556248903274536,1275.40478515625,384.7869415283203,1234.213623046875,350.5848083496094,1316.595947265625,418.98907470703125
315,12.6,11,2,car,0.6642196774482727,1535.3880615234375,313.4906463623047,1504.9962158203125,292.1078186035156,1565.7799072265625,334.87347412109375
315,12.6,14,2,car,0.6623649001121521,1739.205322265625,329.53294372558594,1705.528564453125,304.0663146972656,1772.882080078125,354.99957275390625
315,12.6,8,2,car,0.6300995945930481,1193.4520874023438,325.5145568847656,1160.833251953125,298.13946533203125,1226.0709228515625,352.8896484375
315,12.6,5,2,car,0.5986220240592957,1220.75537109375,572.5682220458984,1145.9974365234375,495.3368225097656,1295.5133056640625,649.7996215820312
315,12.6,17,2,car,0.5981020331382751,1319.5925903320312,331.8343200683594,1288.4102783203125,307.7236633300781,1350.77490234375,355.9449768066406
315,12.6,18,2,car,0.42834368348121643,1452.0075073242188,294.0970916748047,1422.85693359375,274.79461669921875,1481.1580810546875,313.3995666503906
315,12.6,13,2,car,0.40558624267578125,1141.8906860351562,265.2660827636719,1118.88916015625,246.46499633789062,1164.8922119140625,284.0671691894531
316,12.64,4,2,car,0.8080686330795288,1519.6614379882812,597.5167541503906,1447.8011474609375,536.6388549804688,1591.521728515625,658.3946533203125
316,12.64,6,2,car,0.7288077473640442,1275.625244140625,385.2345886230469,1234.306396484375,351.8341369628906,1316.944091796875,418.6350402832031
316,12.64,14,2,car,0.7233831286430359,1736.1104736328125,328.74473571777344,1703.6689453125,302.71270751953125,1768.552001953125,354.7767639160156
316,12.64,11,2,car,0.7098705768585205,1532.702880859375,314.2373962402344,1502.5623779296875,294.0247497558594,1562.8433837890625,334.4500427246094
316,12.64,8,2,car,0.6005483865737915,1193.69091796875,325.6719665527344,1162.1531982421875,299.20654296875,1225.2286376953125,352.13739013671875
316,12.64,13,2,car,0.5832154154777527,1143.0357055664062,265.52928924560547,1119.591064453125,246.56004333496094,1166.4803466796875,284.49853515625
316,12.64,5,2,car,0.5672776699066162,1218.3484497070312,577.4869384765625,1142.33056640625,498.95904541015625,1294.3663330078125,656.0148315429688
316,12.64,17,2,car,0.5032751560211182,1320.606201171875,330.3730773925781,1289.832763671875,304.44744873046875,1351.379638671875,356.2987060546875
316,12.64,16,2,car,0.384965717792511,1252.4812622070312,300.8282012939453,1221.060546875,279.6352844238281,1283.9019775390625,322.0211181640625
317,12.68,4,2,car,0.7997204065322876,1520.5629272460938,603.4713745117188,1448.3565673828125,540.67041015625,1592.769287109375,666.2723388671875
317,12.68,14,2,car,0.7186033129692078,1733.9061889648438,327.48114013671875,1703.2523193359375,303.3752136230469,1764.56005859375,351.5870666503906
317,12.68,11,2,car,0.6780539751052856,1529.6470336914062,311.68495178222656,1499.7806396484375,290.9273376464844,1559.513427734375,332.44256591796875
317,12.68,6,2,car,0.6338628530502319,1276.2557373046875,388.1091613769531,1234.387939453125,353.4535217285156,1318.12353515625,422.7648010253906
317,12.68,8,2,car,0.5760478973388672,1195.1947021484375,326.2751770019531,1163.2025146484375,298.02191162109375,1227.1868896484375,354.5284423828125
317,12.68,13,2,car,0.5695475339889526,1143.7841796875,266.5772018432617,1119.7431640625,248.1259002685547,1167.8251953125,285.02850341796875
317,12.68,17,2,car,0.5549181699752808,1323.8165893554688,328.81756591796875,1293.8197021484375,302.0589599609375,1353.8134765625,355.576171875
317,12.68,5,2,car,0.5032692551612854,1215.376953125,581.6071472167969,1136.434326171875,501.51654052734375,1294.319580078125,661.69775390625
317,12.68,18,2,car,0.41837233304977417,1447.1310424804688,290.3426055908203,1418.7901611328125,271.7430725097656,1475.471923828125,308.942138671875
317,12.68,16,2,car,0.39828023314476013,1255.1533203125,301.2983703613281,1226.0948486328125,280.3138122558594,1284.2117919921875,322.2829284667969
318,12.72,4,2,car,0.7880159020423889,1521.525146484375,609.5276794433594,1449.2896728515625,545.5780029296875,1593.7606201171875,673.4773559570312
318,12.72,14,2,car,0.715035617351532,1731.7578735351562,327.26597595214844,1700.457275390625,302.3315124511719,1763.0584716796875,352.200439453125
318,12.72,6,2,car,0.6375936269760132,1276.7395629882812,390.4366149902344,1234.9630126953125,353.6174011230469,1318.51611328125,427.2558288574219
318,12.72,8,2,car,0.6164790987968445,1196.2882080078125,327.4518737792969,1163.5885009765625,298.643310546875,1228.9879150390625,356.26043701171875
318,12.72,13,2,car,0.5922930240631104,1146.6629638671875,265.7789611816406,1124.1666259765625,248.58856201171875,1169.1593017578125,282.9693603515625
318,12.72,17,2,car,0.5407149195671082,1325.5411376953125,330.25242614746094,1294.833251953125,303.6192932128906,1356.2490234375,356.88555908203125
318,12.72,5,2,car,0.5324024558067322,1212.9526977539062,587.2315826416016,1134.9049072265625,505.6095886230469,1291.00048828125,668.8535766601562
318,12.72,18,2,car,0.49018800258636475,1445.4226684570312,290.5528869628906,1417.7069091796875,273.25537109375,1473.138427734375,307.85040283203125
318,12.72,11,2,car,0.4380553662776947,1526.58447265625,310.85028076171875,1496.01611328125,290.15240478515625,1557.15283203125,331.54815673828125
318,12.72,16,2,car,0.3826056122779846,1255.4484252929688,302.01927185058594,1227.1827392578125,280.4242248535156,1283.714111328125,323.61431884765625
319,12.76,4,2,car,0.794322669506073,1521.5184936523438,616.4278259277344,1448.6199951171875,551.6314697265625,1594.4169921875,681.2241821289062
319,12.76,13,2,car,0.6445783972740173,1148.0005493164062,265.9012756347656,1124.4552001953125,247.6585693359375,1171.5458984375,284.14398193359375
319,12.76,8,2,car,0.6275002956390381,1197.31982421875,327.8544616699219,1165.767578125,299.18719482421875,1228.8720703125,356.521728515625
319,12.76,5,2,car,0.6093150973320007,1209.2697143554688,592.9202117919922,1129.081787109375,510.4521789550781,1289.4576416015625,675.3882446289062
319,12.76,18,2,car,0.5982422232627869,1441.7659301757812,285.77777099609375,1414.552001953125,266.0606994628906,1468.9798583984375,305.4948425292969
319,12.76,6,2,car,0.5803170800209045,1277.7011108398438,391.6719665527344,1235.2730712890625,355.786865234375,1320.129150390625,427.55706787109375
319,12.76,17,2,car,0.5571556687355042,1326.8728637695312,332.0738525390625,1296.90087890625,306.54913330078125,1356.8448486328125,357.59857177734375
319,12.76,14,2,car,0.5478922724723816,1728.4154052734375,326.75917053222656,1696.476318359375,301.8955078125,1760.3544921875,351.6228332519531
319,12.76,16,2,car,0.48388269543647766,1256.2092895507812,303.11866760253906,1227.546875,282.15521240234375,1284.8717041015625,324.0821228027344
319,12.76,11,2,car,0.4565425515174866,1522.9259643554688,310.5447540283203,1493.068359375,288.628173828125,1552.7835693359375,332.4613342285156
320,12.8,4,2,car,0.7762210965156555,1523.6585693359375,622.6568908691406,1447.479248046875,557.6038818359375,1599.837890625,687.7098999023438
320,12.8,17,2,car,0.6365370154380798,1328.9934692382812,333.54815673828125,1297.8861083984375,307.0343017578125,1360.100830078125,360.06201171875
320,12.8,8,2,car,0.5962597727775574,1197.4892578125,329.5501251220703,1166.5111083984375,299.8533630371094,1228.4674072265625,359.24688720703125
320,12.8,13,2,car,0.5602312684059143,1151.2574462890625,266.70121002197266,1127.358154296875,248.1649932861328,1175.15673828125,285.2374267578125
320,12.8,5,2,car,0.5400592088699341,1206.9428100585938,599.5082397460938,1126.137451171875,515.4353637695312,1287.7481689453125,683.5811157226562
320,12.8,11,2,car,0.5353595614433289,1518.9557495117188,310.4051513671875,1488.815673828125,289.82720947265625,1549.0958251953125,330.98309326171875
320,12.8,6,2,car,0.5056307315826416,1278.2937622070312,391.38629150390625,1235.339599609375,353.732666015625,1321.2479248046875,429.0399169921875
320,12.8,18,2,car,0.48400232195854187,1440.5612182617188,287.0149688720703,1412.9930419921875,266.607177734375,1468.12939453125,307.4227600097656
320,12.8,14,2,car,0.4833841025829315,1724.1126708984375,324.77532958984375,1690.5054931640625,299.5586242675781,1757.7198486328125,349.9920349121094
320,12.8,16,2,car,0.47556009888648987,1257.2357177734375,306.22808837890625,1226.3612060546875,285.492919921875,1288.1102294921875,326.9632568359375
321,12.84,4,2,car,0.7883024215698242,1523.42724609375,630.373291015625,1447.9998779296875,564.8366088867188,1598.8546142578125,695.9099731445312
321,12.84,6,2,car,0.6590598821640015,1279.027587890625,397.2066650390625,1235.3203125,362.24981689453125,1322.73486328125,432.16351318359375
321,12.84,14,2,car,0.6506540179252625,1722.101806640625,324.0342559814453,1688.5396728515625,299.2140197753906,1755.6639404296875,348.8544921875
321,12.84,11,2,car,0.570023238658905,1516.816650390625,308.7965393066406,1486.6168212890625,289.0740051269531,1547.0164794921875,328.5190734863281
321,12.84,13,2,car,0.5559543371200562,1154.6932983398438,267.1208038330078,1128.7774658203125,248.16641235351562,1180.609130859375,286.0751953125
321,12.84,17,2,car,0.5559353232383728,1329.3903198242188,337.4757385253906,1298.4105224609375,314.7087707519531,1360.3701171875,360.2427062988281
321,12.84,8,2,car,0.48735150694847107,1198.8434448242188,330.6707305908203,1167.4869384765625,301.84912109375,1230.199951171875,359.4923400878906
321,12.84,5,2,car,0.48632463812828064,1205.592041015625,605.8857727050781,1124.2313232421875,522.9732055664062,1286.9527587890625,688.79833984375
321,12.84,18,2,car,0.4209701716899872,1438.6395263671875,290.1193389892578,1411.8614501953125,271.2349548339844,1465.4176025390625,309.00372314453125
321,12.84,16,2,car,0.38846391439437866,1259.22021484375,306.0509338378906,1226.7818603515625,285.81884765625,1291.6585693359375,326.28302001953125
322,12.88,4,2,car,0.8456315398216248,1524.2835083007812,638.2539978027344,1443.716796875,571.7117309570312,1604.8502197265625,704.7962646484375
322,12.88,14,2,car,0.6779226660728455,1720.2410888671875,323.06324768066406,1687.2176513671875,297.9380798339844,1753.2645263671875,348.18841552734375
322,12.88,13,2,car,0.6383228898048401,1155.7708740234375,267.2822570800781,1130.8157958984375,248.65301513671875,1180.7259521484375,285.9114990234375
322,12.88,17,2,car,0.6236207485198975,1330.39208984375,335.56121826171875,1298.10400390625,310.24285888671875,1362.68017578125,360.87957763671875
322,12.88,6,2,car,0.6079993844032288,1278.7581787109375,397.9898986816406,1234.5458984375,362.091064453125,1322.970458984375,433.88873291015625
322,12.88,11,2,car,0.5407078266143799,1514.0657348632812,308.7288513183594,1486.232421875,289.0625915527344,1541.8990478515625,328.3951110839844
322,12.88,5,2,car,0.5366751551628113,1201.1322631835938,613.9444580078125,1117.094482421875,529.484130859375,1285.1700439453125,698.40478515625
322,12.88,8,2,car,0.5278400778770447,1199.5625,331.6483459472656,1168.7703857421875,302.3709716796875,1230.3546142578125,360.92572021484375
322,12.88,18,2,car,0.37162306904792786,1435.5341796875,289.56858825683594,1407.3470458984375,270.1031188964844,1463.7213134765625,309.0340576171875
322,12.88,16,2,car,0.36420997977256775,1259.679931640625,306.8616638183594,1229.21044921875,285.33282470703125,1290.1494140625,328.3905029296875
323,12.92,4,2,car,0.7837951183319092,1525.5673217773438,644.5433959960938,1447.965576171875,574.8111572265625,1603.1690673828125,714.275634765625
323,12.92,14,2,car,0.6466528177261353,1718.4539794921875,322.16209411621094,1685.8253173828125,294.2285461425781,1751.0826416015625,350.09564208984375
323,12.92,17,2,car,0.6299053430557251,1335.3878173828125,339.32725524902344,1305.1409912109375,315.7349853515625,1365.6346435546875,362.9195251464844
323,12.92,13,2,car,0.597133457660675,1156.9055786132812,267.8712387084961,1131.649658203125,249.5210723876953,1182.1614990234375,286.2214050292969
323,12.92,6,2,car,0.5514322519302368,1277.0730590820312,399.9674835205078,1232.6309814453125,364.77117919921875,1321.51513671875,435.1637878417969
323,12.92,5,2,car,0.54844069480896,1200.8058471679688,618.6648864746094,1116.8367919921875,533.6327514648438,1284.77490234375,703.697021484375
323,12.92,8,2,car,0.5334241986274719,1202.0221557617188,333.7687530517578,1170.4208984375,305.36090087890625,1233.6234130859375,362.1766052246094
323,12.92,16,2,car,0.5222588777542114,1261.2496948242188,309.39892578125,1230.099609375,287.229248046875,1292.3997802734375,331.568603515625
323,12.92,11,2,car,0.49613499641418457,1510.0704345703125,306.2860565185547,1481.4027099609375,286.642822265625,1538.7381591796875,325.9292907714844
324,12.96,4,2,car,0.7487545609474182,1526.6888427734375,650.9511108398438,1446.6739501953125,581.5944213867188,1606.7037353515625,720.3078002929688
324,12.96,17,2,car,0.7010929584503174,1339.1351928710938,337.99317932128906,1309.5572509765625,313.2303161621094,1368.713134765625,362.75604248046875
324,12.96,14,2,car,0.6409564018249512,1713.7415771484375,321.09486389160156,1679.646240234375,294.97314453125,1747.8369140625,347.2165832519531
324,12.96,8,2,car,0.6132099628448486,1204.0438232421875,333.7223358154297,1171.552490234375,305.59564208984375,1236.53515625,361.8490295410156
324,12.96,16,2,car,0.596484363079071,1267.5228271484375,309.90301513671875,1239.281005859375,289.0848693847656,1295.7646484375,330.7211608886719
324,12.96,5,2,car,0.5861268043518066,1197.0217895507812,625.5035095214844,1110.7587890625,538.4078979492188,1283.2847900390625,712.59912109375
324,12.96,6,2,car,0.569220244884491,1277.558837890625,402.7445831298828,1232.0079345703125,367.6488037109375,1323.1097412109375,437.8403625488281
324,12.96,13,2,car,0.5378479957580566,1159.36279296875,267.83687591552734,1132.731201171875,248.5745086669922,1185.994384765625,287.0992431640625
324,12.96,11,2,car,0.49675634503364563,1508.06640625,305.4172821044922,1480.5772705078125,286.7577819824219,1535.5555419921875,324.0767822265625
324,12.96,18,2,car,0.4715319573879242,1428.2418823242188,281.9024353027344,1399.8065185546875,262.16796875,1456.67724609375,301.63690185546875
325,13.0,4,2,car,0.8187925815582275,1526.1580810546875,659.4615173339844,1443.3775634765625,589.6642456054688,1608.9385986328125,729.2587890625
325,13.0,6,2,car,0.6744166016578674,1278.6906127929688,406.80165100097656,1233.984130859375,370.37872314453125,1323.3970947265625,443.2245788574219
325,13.0,17,2,car,0.6347336769104004,1339.4270629882812,341.3278045654297,1308.8330078125,319.11065673828125,1370.0211181640625,363.5449523925781
325,13.0,14,2,car,0.6132830381393433,1713.179443359375,321.12750244140625,1679.373779296875,292.9871520996094,1746.985107421875,349.2678527832031
325,13.0,5,2,car,0.5790303349494934,1191.9841918945312,631.2178955078125,1103.5960693359375,541.6807861328125,1280.372314453125,720.7550048828125
325,13.0,11,2,car,0.5611342787742615,1506.288330078125,304.5225067138672,1478.6915283203125,284.6087341308594,1533.8851318359375,324.436279296875
325,13.0,13,2,car,0.5436455011367798,1162.4518432617188,268.2152862548828,1135.915283203125,248.87503051757812,1188.9884033203125,287.5555419921875
325,13.0,8,2,car,0.5161678791046143,1205.301513671875,334.4529571533203,1172.644775390625,304.9486083984375,1237.958251953125,363.9573059082031
325,13.0,18,2,car,0.46527719497680664,1427.046875,284.0440368652344,1399.543701171875,266.75787353515625,1454.550048828125,301.3302001953125
325,13.0,16,2,car,0.43748536705970764,1269.3983764648438,310.8695526123047,1241.3970947265625,290.9930419921875,1297.399658203125,330.7460632324219
326,13.04,4,2,car,0.796941876411438,1528.1182861328125,668.8080139160156,1445.017822265625,598.3698120117188,1611.21875,739.2462158203125
326,13.04,17,2,car,0.6637956500053406,1340.5460815429688,343.0830535888672,1309.66259765625,321.3781433105469,1371.4295654296875,364.7879638671875
326,13.04,6,2,car,0.6260076761245728,1278.26416015625,406.5823059082031,1232.8883056640625,369.7878112792969,1323.6400146484375,443.3768005371094
326,13.04,14,2,car,0.6233320236206055,1709.8404541015625,319.34385681152344,1676.509765625,291.8214111328125,1743.171142578125,346.8663024902344
326,13.04,13,2,car,0.561582624912262,1165.6360473632812,267.4719924926758,1140.183837890625,250.3655548095703,1191.0882568359375,284.57843017578125
326,13.04,5,2,car,0.5377010703086853,1189.960693359375,638.1803588867188,1101.2677001953125,546.8997802734375,1278.6536865234375,729.4609375
326,13.04,8,2,car,0.5361036658287048,1207.6347045898438,334.94422912597656,1174.1163330078125,305.5906066894531,1241.153076171875,364.2978515625
326,13.04,18,2,car,0.534377932548523,1423.8194580078125,282.3653869628906,1395.921142578125,261.63299560546875,1451.7177734375,303.0977783203125
326,13.04,16,2,car,0.43259942531585693,1268.475341796875,311.5062255859375,1237.7017822265625,290.0148010253906,1299.2489013671875,332.9976501464844
326,13.04,11,2,car,0.39090168476104736,1502.71435546875,303.36875915527344,1475.3529052734375,284.28302001953125,1530.0758056640625,322.4544982910156
327,13.08,4,2,car,0.8030382394790649,1529.2886962890625,676.6997375488281,1443.3087158203125,603.7030029296875,1615.2686767578125,749.6964721679688
327,13.08,8,2,car,0.7013463973999023,1211.2100219726562,335.9015197753906,1176.0889892578125,306.44744873046875,1246.3310546875,365.3555908203125
327,13.08,17,2,car,0.6981859803199768,1341.1318969726562,344.59800720214844,1310.7236328125,322.9017333984375,1371.5401611328125,366.2942810058594
327,13.08,14,2,car,0.6433898210525513,1705.7874755859375,319.7728271484375,1671.8917236328125,293.1361999511719,1739.6832275390625,346.4094543457031
327,13.08,6,2,car,0.6350252032279968,1280.173583984375,410.6791534423828,1234.9527587890625,373.8965148925781,1325.3944091796875,447.4617919921875
327,13.08,18,2,car,0.6181336045265198,1421.8370361328125,279.3976135253906,1393.5113525390625,260.4521484375,1450.1627197265625,298.34307861328125
327,13.08,11,2,car,0.5687271356582642,1499.9149169921875,302.8343963623047,1473.1856689453125,283.6484375,1526.6441650390625,322.0203552246094
327,13.08,5,2,car,0.5537399053573608,1185.2332763671875,644.7993469238281,1092.76171875,552.1776733398438,1277.704833984375,737.4210205078125
327,13.08,13,2,car,0.43836522102355957,1167.452392578125,267.0566864013672,1144.636474609375,250.3037109375,1190.268310546875,283.8096618652344
327,13.08,16,2,car,0.4159916341304779,1270.3372192382812,312.3551788330078,1242.8734130859375,290.93280029296875,1297.801025390625,333.7775573730469
328,13.12,4,2,car,0.8749691247940063,1528.7032470703125,683.3445739746094,1442.3170166015625,611.0099487304688,1615.0894775390625,755.67919921875
328,13.12,8,2,car,0.7390187978744507,1211.8706665039062,339.20069885253906,1177.457275390625,309.3010559082031,1246.2840576171875,369.100341796875
328,13.12,17,2,car,0.7182109951972961,1343.6830444335938,344.7874755859375,1311.3486328125,320.66290283203125,1376.0174560546875,368.91204833984375
328,13.12,5,2,car,0.716187596321106,1182.7047729492188,651.4831848144531,1091.560546875,555.5458984375,1273.8489990234375,747.4204711914062
328,13.12,18,2,car,0.6613264679908752,1420.0091552734375,278.3565979003906,1391.5885009765625,259.9259948730469,1448.4298095703125,296.7872009277344
328,13.12,14,2,car,0.6561827063560486,1701.611572265625,319.59466552734375,1668.8994140625,293.5516662597656,1734.32373046875,345.6376647949219
328,13.12,11,2,car,0.6032524704933167,1497.3887329101562,302.27452087402344,1470.4248046875,282.8656921386719,1524.3526611328125,321.683349609375
328,13.12,6,2,car,0.5652902722358704,1279.6539916992188,413.511474609375,1234.2568359375,376.7234802246094,1325.0511474609375,450.2994689941406
328,13.12,16,2,car,0.5520048141479492,1272.6437377929688,313.1979064941406,1244.8111572265625,292.6152648925781,1300.476318359375,333.7805480957031
328,13.12,13,2,car,0.4412858784198761,1166.6919555664062,268.0221405029297,1141.6048583984375,250.74197387695312,1191.779052734375,285.30230712890625
329,13.16,4,2,car,0.8272388577461243,1528.5029296875,692.8027648925781,1442.03759765625,620.6316528320312,1614.96826171875,764.973876953125
329,13.16,17,2,car,0.7531499266624451,1344.4798583984375,345.33726501464844,1311.5135498046875,320.13128662109375,1377.4461669921875,370.5432434082031
329,13.16,8,2,car,0.7379673719406128,1213.49609375,339.6026153564453,1178.8463134765625,309.3326416015625,1248.1458740234375,369.8725891113281
329,13.16,14,2,car,0.6327158212661743,1698.5762329101562,319.0075225830078,1666.91748046875,293.26495361328125,1730.2349853515625,344.7500915527344
329,13.16,6,2,car,0.5994056463241577,1279.9403686523438,414.7010192871094,1234.1612548828125,378.3878173828125,1325.719482421875,451.01422119140625
329,13.16,16,2,car,0.594850480556488,1274.555419921875,313.24774169921875,1247.7293701171875,292.7877502441406,1301.3814697265625,333.7077331542969
329,13.16,18,2,car,0.5934997200965881,1416.8305053710938,278.14122009277344,1388.6968994140625,259.65679931640625,1444.964111328125,296.6256408691406
329,13.16,11,2,car,0.5844689607620239,1494.3946533203125,301.83998107910156,1465.913818359375,282.9034423828125,1522.87548828125,320.7765197753906
329,13.16,5,2,car,0.5162307620048523,1177.1229248046875,656.9817504882812,1085.027099609375,559.5040893554688,1269.21875,754.4594116210938
330,13.2,4,2,car,0.7213572859764099,1528.8516235351562,699.8130798339844,1440.627685546875,625.4965209960938,1617.0755615234375,774.129638671875
330,13.2,17,2,car,0.7180454730987549,1345.68115234375,346.2872314453125,1312.36376953125,320.8471984863281,1378.99853515625,371.7272644042969
330,13.2,8,2,car,0.6563296914100647,1213.7423706054688,340.8636016845703,1178.8287353515625,310.5387268066406,1248.656005859375,371.1884765625
330,13.2,6,2,car,0.6530963182449341,1279.506591796875,416.6546630859375,1234.9658203125,380.064697265625,1324.04736328125,453.24462890625
330,13.2,14,2,car,0.6160328388214111,1694.744384765625,317.4077453613281,1664.1236572265625,291.1266174316406,1725.3651123046875,343.6888732910156
330,13.2,16,2,car,0.6144893765449524,1275.5189819335938,314.0893096923828,1249.0311279296875,293.72723388671875,1302.0068359375,334.4513854980469
330,13.2,18,2,car,0.5800193548202515,1413.2316284179688,278.71588134765625,1386.009521484375,260.0234069824219,1440.4537353515625,297.4083557128906
330,13.2,5,2,car,0.5164127349853516,1172.96533203125,668.1637878417969,1079.189697265625,572.69970703125,1266.740966796875,763.6278686523438
330,13.2,11,2,car,0.48564305901527405,1489.9091796875,300.7937316894531,1460.8997802734375,283.6190185546875,1518.9185791015625,317.96844482421875
331,13.24,4,2,car,0.8205899000167847,1528.3276977539062,709.5132446289062,1438.0609130859375,634.1029052734375,1618.594482421875,784.923583984375
331,13.24,17,2,car,0.7737107872962952,1348.0070190429688,347.42857360839844,1313.989990234375,319.6619567871094,1382.0240478515625,375.1951904296875
331,13.24,6,2,car,0.6723200082778931,1280.6983032226562,419.1265869140625,1234.838623046875,381.7767333984375,1326.5579833984375,456.4764404296875
331,13.24,8,2,car,0.6616965532302856,1215.7422485351562,340.6437530517578,1180.0797119140625,309.6148986816406,1251.40478515625,371.672607421875
331,13.24,18,2,car,0.6276436448097229,1410.1854858398438,279.83766174316406,1382.964111328125,260.8254089355469,1437.4068603515625,298.84991455078125
331,13.24,14,2,car,0.6185952425003052,1692.9554443359375,316.85508728027344,1662.5533447265625,291.1197509765625,1723.3575439453125,342.5904235839844
331,13.24,16,2,car,0.5889852046966553,1277.484375,315.3202362060547,1249.784912109375,294.24273681640625,1305.183837890625,336.3977355957031
331,13.24,11,2,car,0.5316559076309204,1486.2731323242188,300.1030731201172,1456.338134765625,283.1072692871094,1516.2081298828125,317.098876953125
331,13.24,5,2,car,0.4980267286300659,1168.7438354492188,677.1272888183594,1073.474609375,579.6530151367188,1264.0130615234375,774.6015625
332,13.28,4,2,car,0.8181005120277405,1528.399169921875,719.2353210449219,1438.49755859375,640.3074340820312,1618.30078125,798.1632080078125
332,13.28,17,2,car,0.7665024399757385,1350.1669311523438,348.1669921875,1317.494873046875,320.4613037109375,1382.8389892578125,375.8726806640625
332,13.28,6,2,car,0.7203251123428345,1280.8677978515625,420.6573944091797,1234.2191162109375,382.9673767089844,1327.5164794921875,458.347412109375
332,13.28,18,2,car,0.6400092840194702,1407.6978149414062,278.2497863769531,1380.346435546875,258.44647216796875,1435.0491943359375,298.0531005859375
332,13.28,11,2,car,0.5244908928871155,1484.5136108398438,298.8971405029297,1454.806396484375,280.2032165527344,1514.2208251953125,317.591064453125
332,13.28,8,2,car,0.5211760997772217,1215.7669677734375,342.0679168701172,1180.7625732421875,310.52447509765625,1250.7713623046875,373.6113586425781
332,13.28,16,2,car,0.5135786533355713,1279.5658569335938,316.62464904785156,1252.0665283203125,294.5389709472656,1307.065185546875,338.7103271484375
332,13.28,5,2,car,0.49084484577178955,1163.214599609375,682.4480895996094,1066.60595703125,582.298828125,1259.8232421875,782.5973510742188
332,13.28,14,2,car,0.37678077816963196,1688.6678466796875,316.8750457763672,1656.4661865234375,290.8857421875,1720.8695068359375,342.8643493652344
332,13.28,13,2,car,0.36615505814552307,1180.8541870117188,270.12091064453125,1153.6217041015625,251.766357421875,1208.086669921875,288.4754638671875
333,13.32,4,2,car,0.8249062895774841,1528.0098266601562,726.7745971679688,1437.0941162109375,647.2522583007812,1618.925537109375,806.2969360351562
333,13.32,17,2,car,0.7257708311080933,1351.7659301757812,350.5681915283203,1317.862548828125,321.1167297363281,1385.6693115234375,380.0196533203125
333,13.32,6,2,car,0.6608431935310364,1280.5846557617188,423.9695281982422,1233.4710693359375,386.6197204589844,1327.6982421875,461.3193359375
333,13.32,5,2,car,0.5556221008300781,1159.464111328125,691.07373046875,1062.635009765625,590.5543212890625,1256.293212890625,791.5931396484375
333,13.32,18,2,car,0.5303310751914978,1406.919189453125,276.33009338378906,1379.1461181640625,255.4149169921875,1434.6922607421875,297.2452697753906
333,13.32,16,2,car,0.523869514465332,1282.6900634765625,316.8507385253906,1256.12109375,294.519287109375,1309.259033203125,339.18218994140625
333,13.32,8,2,car,0.5028398036956787,1217.4202270507812,343.29957580566406,1182.415771484375,311.6236572265625,1252.4246826171875,374.9754943847656
333,13.32,14,2,car,0.4624621272087097,1685.905517578125,315.34710693359375,1656.172119140625,290.4632568359375,1715.638916015625,340.23095703125
334,13.36,4,2,car,0.8719154596328735,1530.28369140625,737.7664184570312,1438.3154296875,656.8777465820312,1622.251953125,818.6550903320312
334,13.36,17,2,car,0.7475765347480774,1352.4392700195312,351.87103271484375,1318.0621337890625,322.5469665527344,1386.81640625,381.1950988769531
334,13.36,8,2,car,0.636289119720459,1218.9366455078125,345.82733154296875,1184.3206787109375,314.78057861328125,1253.5526123046875,376.87408447265625
334,13.36,16,2,car,0.6039705276489258,1283.89453125,318.2604217529297,1256.60595703125,296.5499267578125,1311.18310546875,339.9709167480469
334,13.36,6,2,car,0.6035659909248352,1279.4259033203125,423.7053680419922,1233.86962890625,384.7711486816406,1324.982177734375,462.63958740234375
334,13.36,14,2,car,0.5403360724449158,1684.18798828125,314.8970642089844,1655.347412109375,291.0391540527344,1713.028564453125,338.7549743652344
334,13.36,18,2,car,0.4976438283920288,1404.6129760742188,276.80860900878906,1376.8507080078125,256.3755798339844,1432.375244140625,297.24163818359375
335,13.4,4,2,car,0.8603253960609436,1531.4887084960938,747.3165893554688,1438.6773681640625,666.4566650390625,1624.300048828125,828.176513671875
335,13.4,17,2,car,0.7564528584480286,1352.8213500976562,351.88348388671875,1317.5194091796875,321.9192810058594,1388.123291015625,381.8476867675781
335,13.4,5,2,car,0.668376624584198,1147.9866943359375,710.0401000976562,1046.4111328125,606.6712646484375,1249.562255859375,813.408935546875
335,13.4,6,2,car,0.6662670969963074,1282.2989501953125,429.0018310546875,1231.9002685546875,388.61590576171875,1332.6976318359375,469.38775634765625
335,13.4,8,2,car,0.6406399607658386,1220.8506469726562,346.85430908203125,1186.2369384765625,315.7211608886719,1255.46435546875,377.9874572753906
335,13.4,19,2,car,0.5511079430580139,964.8182373046875,242.07421875,946.1358032226562,226.28640747070312,983.5006713867188,257.8620300292969
335,13.4,18,2,car,0.5200056433677673,1401.0153198242188,276.51416015625,1372.5887451171875,256.3875732421875,1429.44189453125,296.6407470703125
335,13.4,16,2,car,0.5097114443778992,1284.2255859375,320.4766387939453,1256.8216552734375,298.512451171875,1311.6295166015625,342.4408264160156
335,13.4,14,2,car,0.4731021225452423,1681.320556640625,314.65065002441406,1651.7830810546875,291.54461669921875,1710.8580322265625,337.7566833496094
336,13.44,4,2,car,0.8696289658546448,1529.486328125,758.6152954101562,1435.0086669921875,673.2013549804688,1623.9639892578125,844.0292358398438
336,13.44,8,2,car,0.754496157169342,1222.2033081054688,347.97911071777344,1188.837158203125,316.647705078125,1255.5694580078125,379.3105163574219
336,13.44,6,2,car,0.7098895311355591,1282.9019165039062,432.30345153808594,1233.195556640625,392.37249755859375,1332.6082763671875,472.2344055175781
336,13.44,17,2,car,0.697406530380249,1353.1642456054688,352.7025146484375,1316.1873779296875,322.31561279296875,1390.14111328125,383.08941650390625
336,13.44,18,2,car,0.5894202589988708,1397.93896484375,273.8953399658203,1369.8985595703125,254.34127807617188,1425.9793701171875,293.44940185546875
336,13.44,19,2,car,0.5509709119796753,965.9793090820312,242.30117797851562,946.4741821289062,226.29519653320312,985.4844360351562,258.3071594238281
336,13.44,5,2,car,0.5332953929901123,1144.2717895507812,718.2127685546875,1042.2177734375,611.2196655273438,1246.3258056640625,825.2058715820312
336,13.44,16,2,car,0.517792820930481,1286.1019897460938,321.4420623779297,1258.7535400390625,299.1790466308594,1313.450439453125,343.705078125
336,13.44,14,2,car,0.44804108142852783,1677.9398803710938,314.84312438964844,1648.8548583984375,291.5635986328125,1707.02490234375,338.1226501464844
337,13.48,4,2,car,0.8981340527534485,1529.6129150390625,768.4861450195312,1434.7763671875,683.572265625,1624.449462890625,853.4000244140625
337,13.48,17,2,car,0.7769155502319336,1354.508056640625,353.865234375,1318.8314208984375,322.8648376464844,1390.1846923828125,384.8656311035156
337,13.48,8,2,car,0.7525386810302734,1224.0842895507812,349.17022705078125,1190.1014404296875,317.3735046386719,1258.067138671875,380.9669494628906
337,13.48,6,2,car,0.6321340203285217,1284.2030639648438,433.98504638671875,1231.39892578125,392.5773010253906,1337.0072021484375,475.3927917480469
337,13.48,18,2,car,0.5656692385673523,1393.7044677734375,273.22750091552734,1365.412841796875,252.61253356933594,1421.99609375,293.84246826171875
337,13.48,5,2,car,0.5373309254646301,1136.4624633789062,726.7879028320312,1032.4263916015625,618.1620483398438,1240.49853515625,835.4137573242188
337,13.48,16,2,car,0.5312028527259827,1287.7244873046875,321.93309020996094,1260.1510009765625,299.4252624511719,1315.2979736328125,344.44091796875
337,13.48,19,2,car,0.5059524774551392,968.1091918945312,243.7174530029297,947.6354370117188,228.98428344726562,988.5829467773438,258.45062255859375
337,13.48,14,2,car,0.4960019886493683,1674.78662109375,313.69630432128906,1645.239990234375,290.11260986328125,1704.333251953125,337.2799987792969
337,13.48,11,2,car,0.4368070065975189,1469.9771118164062,296.8034362792969,1442.028076171875,280.69610595703125,1497.9261474609375,312.9107666015625
337,13.48,13,2,car,0.362808495759964,1193.5120239257812,272.7440872192383,1163.5301513671875,252.9529266357422,1223.493896484375,292.5352478027344
338,13.52,4,2,car,0.8755971789360046,1529.2080078125,781.1546630859375,1432.181884765625,693.4850463867188,1626.234130859375,868.8242797851562
338,13.52,8,2,car,0.7686572670936584,1225.4966430664062,350.0538024902344,1190.794677734375,318.70074462890625,1260.1986083984375,381.4068603515625
338,13.52,17,2,car,0.738018810749054,1356.1951904296875,354.2915802001953,1319.7301025390625,323.1132507324219,1392.6602783203125,385.46990966796875
338,13.52,5,2,car,0.7080705761909485,1129.9951171875,734.2495422363281,1024.9420166015625,621.40283203125,1235.0482177734375,847.0962524414062
338,13.52,6,2,car,0.5676001906394958,1281.0116577148438,436.8731689453125,1229.923095703125,395.6106262207031,1332.1002197265625,478.1357116699219
338,13.52,18,2,car,0.5102981328964233,1391.8516235351562,274.77960205078125,1362.3846435546875,254.26400756835938,1421.318603515625,295.2951965332031
338,13.52,14,2,car,0.5097120404243469,1673.309326171875,312.95909118652344,1642.9896240234375,290.131103515625,1703.6290283203125,335.7870788574219
338,13.52,19,2,car,0.48664045333862305,969.481201171875,243.33551788330078,948.8236083984375,228.59486389160156,990.1387939453125,258.076171875
338,13.52,16,2,car,0.4445512890815735,1290.759765625,324.11878967285156,1261.621826171875,302.0455627441406,1319.897705078125,346.1920166015625
338,13.52,11,2,car,0.38255539536476135,1469.158935546875,296.6339416503906,1443.2938232421875,280.20648193359375,1495.0240478515625,313.0614013671875
339,13.56,4,2,car,0.874008059501648,1528.4469604492188,791.0139770507812,1428.3863525390625,702.55224609375,1628.507568359375,879.4757080078125
339,13.56,8,2,car,0.7938263416290283,1227.5989379882812,352.35044860839844,1191.9700927734375,321.1145324707031,1263.227783203125,383.58636474609375
339,13.56,17,2,car,0.7833252549171448,1358.8207397460938,356.1772003173828,1321.3883056640625,325.0205078125,1396.253173828125,387.3338928222656
339,13.56,6,2,car,0.6231403946876526,1281.2718505859375,437.4143371582031,1230.36083984375,395.8033447265625,1332.182861328125,479.02532958984375
339,13.56,5,2,car,0.5913031101226807,1124.5364685058594,744.0318298339844,1016.1985473632812,629.3916625976562,1232.8743896484375,858.6719970703125
339,13.56,19,2,car,0.4860800504684448,970.8462524414062,244.34442138671875,948.7913818359375,230.35589599609375,992.901123046875,258.33294677734375
339,13.56,16,2,car,0.4633890986442566,1292.2490234375,323.8656768798828,1264.019775390625,302.7131042480469,1320.478271484375,345.01824951171875
339,13.56,18,2,car,0.4504461884498596,1389.44287109375,273.5038146972656,1360.43603515625,252.08688354492188,1418.44970703125,294.9207458496094
339,13.56,11,2,car,0.42276325821876526,1465.1293334960938,295.64739990234375,1439.4991455078125,277.7925109863281,1490.759521484375,313.5022888183594
339,13.56,14,2,car,0.4152282774448395,1669.7583618164062,312.8169708251953,1639.8544921875,289.9537353515625,1699.6622314453125,335.6802062988281
340,13.6,4,2,car,0.8891921043395996,1528.2713012695312,805.3847351074219,1426.2821044921875,715.948974609375,1630.260498046875,894.8204956054688
340,13.6,8,2,car,0.7720745205879211,1228.109375,352.02781677246094,1191.7196044921875,320.42816162109375,1264.4991455078125,383.6274719238281
340,13.6,17,2,car,0.7259461283683777,1361.8302612304688,357.1628112792969,1326.916259765625,326.0523681640625,1396.7442626953125,388.27325439453125
340,13.6,6,2,car,0.6661637425422668,1282.0841064453125,441.5929870605469,1229.44970703125,400.8939514160156,1334.718505859375,482.2920227050781
340,13.6,14,2,car,0.5850926041603088,1665.8499755859375,311.47215270996094,1635.04833984375,289.0732727050781,1696.651611328125,333.87103271484375
340,13.6,5,2,car,0.5363066792488098,1118.1780395507812,755.7795104980469,1009.02099609375,640.8840942382812,1227.3350830078125,870.6749267578125
340,13.6,11,2,car,0.48574182391166687,1462.6950073242188,294.5438232421875,1436.8787841796875,276.60626220703125,1488.51123046875,312.48138427734375
340,13.6,19,2,car,0.4825572967529297,973.7580871582031,244.9657211303711,950.8661499023438,229.6542205810547,996.6500244140625,260.2772216796875
340,13.6,13,2,car,0.46068841218948364,1202.1964721679688,275.9613952636719,1172.878173828125,256.7912292480469,1231.5147705078125,295.1315612792969
340,13.6,16,2,car,0.44802406430244446,1294.54638671875,323.89231872558594,1266.580810546875,303.825927734375,1322.511962890625,343.9587097167969
340,13.6,18,2,car,0.42174917459487915,1389.3585205078125,271.4629135131836,1357.5076904296875,250.4179229736328,1421.2093505859375,292.5079040527344
341,13.64,4,2,car,0.8912727236747742,1527.2206420898438,815.496826171875,1422.4859619140625,723.0646362304688,1631.955322265625,907.9290161132812
341,13.64,17,2,car,0.7491238117218018,1364.5576171875,359.38502502441406,1332.1029052734375,329.716064453125,1397.0123291015625,389.0539855957031
341,13.64,8,2,car,0.7244247794151306,1230.0094604492188,353.3095397949219,1193.2945556640625,321.41229248046875,1266.724365234375,385.206787109375
341,13.64,14,2,car,0.6359624266624451,1663.6039428710938,310.8979187011719,1633.6337890625,288.8746337890625,1693.5740966796875,332.92120361328125
341,13.64,6,2,car,0.5507599115371704,1284.4221801757812,443.2244873046875,1229.5701904296875,402.2924499511719,1339.274169921875,484.1565246582031
341,13.64,5,2,car,0.5108180046081543,1112.0866394042969,766.3719177246094,1001.1178588867188,652.5360717773438,1223.055419921875,880.207763671875
341,13.64,11,2,car,0.5103611946105957,1461.2665405273438,294.5652618408203,1434.277587890625,277.65228271484375,1488.2554931640625,311.4782409667969
341,13.64,13,2,car,0.5027583837509155,1203.6734619140625,276.8428192138672,1175.6748046875,257.3441467285156,1231.672119140625,296.34149169921875
341,13.64,16,2,car,0.47457873821258545,1296.92919921875,325.41075134277344,1268.8968505859375,305.3448486328125,1324.9615478515625,345.4766540527344
341,13.64,18,2,car,0.45978933572769165,1387.4613647460938,271.3930206298828,1354.8446044921875,251.12228393554688,1420.078125,291.66375732421875
341,13.64,19,2,car,0.45276564359664917,975.9266967773438,245.08922576904297,953.5574340820312,230.4122772216797,998.2959594726562,259.76617431640625
342,13.68,4,2,car,0.8683111071586609,1529.8698120117188,828.4756774902344,1425.6690673828125,734.798095703125,1634.070556640625,922.1532592773438
342,13.68,17,2,car,0.7488739490509033,1366.1384887695312,360.7759094238281,1331.6123046875,331.34307861328125,1400.6646728515625,390.208740234375
342,13.68,8,2,car,0.6671081185340881,1231.224365234375,353.5341796875,1194.8841552734375,321.6189880371094,1267.5645751953125,385.4493713378906
342,13.68,5,2,car,0.6416289210319519,1104.0895690917969,777.2286071777344,991.0093383789062,659.5880126953125,1217.1697998046875,894.8692016601562
342,13.68,6,2,car,0.6363088488578796,1280.8809814453125,445.6022644042969,1229.2503662109375,405.0200500488281,1332.5115966796875,486.1844787597656
342,13.68,14,2,car,0.5639716386795044,1661.933349609375,309.54669189453125,1631.57958984375,287.28363037109375,1692.287109375,331.80975341796875
342,13.68,18,2,car,0.5182271599769592,1386.3887329101562,270.61499786376953,1353.228515625,250.3897247314453,1419.5489501953125,290.84027099609375
342,13.68,16,2,car,0.4981268048286438,1298.3812866210938,327.31585693359375,1269.084228515625,307.184326171875,1327.6783447265625,347.4473876953125
342,13.68,13,2,car,0.4431867003440857,1204.3109741210938,277.2813720703125,1177.3079833984375,258.6506652832031,1231.31396484375,295.9120788574219
342,13.68,19,2,car,0.4299467206001282,978.5249633789062,244.78360748291016,955.5708618164062,229.89207458496094,1001.4790649414062,259.6751403808594
342,13.68,11,2,car,0.3731331527233124,1458.2610473632812,293.5958557128906,1433.8778076171875,276.64447021484375,1482.644287109375,310.5472412109375
343,13.72,4,2,car,0.8867178559303284,1527.7764892578125,841.8982543945312,1419.645751953125,744.850341796875,1635.9072265625,938.9461669921875
343,13.72,17,2,car,0.7134183049201965,1367.5603637695312,362.51715087890625,1331.675537109375,332.4877624511719,1403.4451904296875,392.5465393066406
343,13.72,5,2,car,0.6692671179771423,1098.553955078125,787.9883117675781,983.8623046875,669.6577758789062,1213.24560546875,906.31884765625
343,13.72,14,2,car,0.6404233574867249,1660.03564453125,308.69805908203125,1629.0135498046875,286.6011657714844,1691.0577392578125,330.7949523925781
343,13.72,8,2,car,0.6275579929351807,1232.2908325195312,354.9844970703125,1195.3172607421875,322.92584228515625,1269.264404296875,387.04315185546875
343,13.72,6,2,car,0.6072076559066772,1277.3432006835938,447.6418762207031,1229.14306640625,407.13592529296875,1325.5433349609375,488.1478271484375
343,13.72,16,2,car,0.5702911019325256,1300.929931640625,329.7903137207031,1271.3221435546875,308.04327392578125,1330.5377197265625,351.537353515625
343,13.72,13,2,car,0.507203996181488,1205.14892578125,277.9897003173828,1178.3126220703125,258.9263610839844,1231.9852294921875,297.05303955078125
343,13.72,18,2,car,0.44870302081108093,1384.8809204101562,271.3293914794922,1349.9190673828125,250.78857421875,1419.8427734375,291.8702087402344
343,13.72,11,2,car,0.38803136348724365,1454.9464111328125,290.9838409423828,1430.9903564453125,273.94207763671875,1478.9024658203125,308.0256042480469
343,13.72,19,2,car,0.35712921619415283,981.4991455078125,245.3994140625,959.9207153320312,229.87142944335938,1003.0775756835938,260.9273986816406
344,13.76,4,2,car,0.8938092589378357,1528.6365356445312,855.9919738769531,1417.3031005859375,757.3650512695312,1639.969970703125,954.618896484375
344,13.76,8,2,car,0.6903237104415894,1232.9390869140625,356.5635681152344,1196.230224609375,324.8115234375,1269.64794921875,388.31561279296875
344,13.76,6,2,car,0.667077898979187,1277.4837646484375,452.9794464111328,1229.12158203125,409.80963134765625,1325.845947265625,496.1492614746094
344,13.76,17,2,car,0.6653752326965332,1368.8387451171875,362.5367431640625,1330.0050048828125,330.6005859375,1407.6724853515625,394.472900390625
344,13.76,5,2,car,0.574082612991333,1089.8046264648438,800.3373107910156,973.530029296875,677.579833984375,1206.0792236328125,923.0947875976562
344,13.76,14,2,car,0.5718689560890198,1655.7548217773438,307.97080993652344,1626.185302734375,286.089111328125,1685.3243408203125,329.8525085449219
344,13.76,13,2,car,0.5358783006668091,1207.0410766601562,278.6726837158203,1180.2650146484375,259.1485595703125,1233.817138671875,298.1968078613281
344,13.76,16,2,car,0.4952438771724701,1302.7122192382812,329.16326904296875,1273.473388671875,307.7540588378906,1331.9510498046875,350.5724792480469
344,13.76,11,2,car,0.4854312837123871,1451.4212036132812,289.14910888671875,1426.7698974609375,272.42132568359375,1476.072509765625,305.87689208984375
344,13.76,18,2,car,0.47389689087867737,1376.0753173828125,269.6081848144531,1347.636474609375,249.61529541015625,1404.51416015625,289.60107421875
345,13.8,4,2,car,0.873981773853302,1529.087158203125,869.8825988769531,1417.285888671875,768.7515258789062,1640.888427734375,971.013671875
345,13.8,6,2,car,0.7201768755912781,1278.1582641601562,456.45982360839844,1228.12939453125,413.0975646972656,1328.1871337890625,499.82208251953125
345,13.8,16,2,car,0.6935294270515442,1303.51513671875,331.43731689453125,1272.7633056640625,308.3680419921875,1334.2669677734375,354.506591796875
345,13.8,8,2,car,0.6702197790145874,1234.675537109375,358.31414794921875,1195.9771728515625,326.50360107421875,1273.3739013671875,390.12469482421875
345,13.8,17,2,car,0.6587912440299988,1369.82421875,363.59019470214844,1330.9461669921875,330.821044921875,1408.7022705078125,396.3593444824219
345,13.8,5,2,car,0.551718533039093,1080.1624145507812,809.7998352050781,957.9100341796875,685.6192626953125,1202.414794921875,933.9804077148438
345,13.8,14,2,car,0.5475777387619019,1652.7938232421875,306.97630310058594,1623.097412109375,285.2066650390625,1682.490234375,328.7459411621094
345,13.8,13,2,car,0.5378378629684448,1209.0706787109375,279.32118225097656,1181.8956298828125,259.47259521484375,1236.2457275390625,299.1697692871094
345,13.8,11,2,car,0.4836595058441162,1447.63623046875,290.12281799316406,1420.6270751953125,272.2287292480469,1474.6453857421875,308.01690673828125
345,13.8,18,2,car,0.4712815582752228,1380.0982666015625,268.9476852416992,1346.428955078125,248.80052185058594,1413.767578125,289.0948486328125
345,13.8,19,2,car,0.44682610034942627,983.4808654785156,246.0094223022461,963.8597412109375,230.26698303222656,1003.1019897460938,261.7518615722656
346,13.84,4,2,car,0.8774647116661072,1527.5306396484375,883.763671875,1412.9820556640625,780.181640625,1642.0792236328125,987.345703125
346,13.84,6,2,car,0.7184565663337708,1277.8854370117188,458.63323974609375,1227.9388427734375,414.3399353027344,1327.83203125,502.9265441894531
346,13.84,8,2,car,0.6935428380966187,1235.9102172851562,358.934326171875,1198.5360107421875,326.0050964355469,1273.284423828125,391.8635559082031
346,13.84,17,2,car,0.665411651134491,1370.7838745117188,363.9416046142578,1332.0535888671875,328.239013671875,1409.51416015625,399.6441955566406
346,13.84,13,2,car,0.6285057663917542,1210.8194580078125,280.3777618408203,1183.38134765625,261.19073486328125,1238.257568359375,299.5647888183594
346,13.84,14,2,car,0.6200010776519775,1650.9334716796875,307.12060546875,1621.316162109375,285.3164978027344,1680.55078125,328.9247131347656
346,13.84,16,2,car,0.6094414591789246,1304.8956909179688,332.80592346191406,1274.020263671875,309.3783874511719,1335.7711181640625,356.23345947265625
346,13.84,5,2,car,0.5800036787986755,1074.0199279785156,823.0063171386719,951.7146606445312,696.9625244140625,1196.3251953125,949.0501098632812
346,13.84,18,2,car,0.5271643400192261,1378.7394409179688,268.5933380126953,1342.631103515625,248.2708740234375,1414.8477783203125,288.9158020019531
346,13.84,11,2,car,0.4824458360671997,1444.4505004882812,289.7606964111328,1418.44091796875,271.5582275390625,1470.4600830078125,307.9631652832031
346,13.84,19,2,car,0.45850393176078796,986.3713684082031,244.95529174804688,965.6862182617188,229.08297729492188,1007.0565185546875,260.8276062011719
347,13.88,4,2,car,0.8871706128120422,1525.2369384765625,899.4790649414062,1409.32177734375,794.4312744140625,1641.152099609375,1004.52685546875
347,13.88,8,2,car,0.7684421539306641,1236.90234375,360.59381103515625,1200.2852783203125,327.32025146484375,1273.5194091796875,393.86737060546875
347,13.88,6,2,car,0.7429450154304504,1276.2011108398438,461.2412109375,1225.3876953125,417.35430908203125,1327.0145263671875,505.12811279296875
347,13.88,5,2,car,0.6878261566162109,1065.3666381835938,836.8528747558594,940.1116943359375,705.58447265625,1190.62158203125,968.1212768554688
347,13.88,17,2,car,0.6398203372955322,1372.1128540039062,367.8325958251953,1333.8443603515625,334.8742980957031,1410.38134765625,400.7908935546875
347,13.88,14,2,car,0.5758838653564453,1646.8758544921875,304.43719482421875,1616.2005615234375,280.43646240234375,1677.5511474609375,328.43792724609375
347,13.88,19,2,car,0.5690601468086243,987.7364501953125,245.27581024169922,966.6337280273438,228.5829620361328,1008.8391723632812,261.9686584472656
347,13.88,18,2,car,0.5234517455101013,1378.2028198242188,267.4498825073242,1342.83251953125,247.3992462158203,1413.5731201171875,287.5005187988281
347,13.88,16,2,car,0.519421398639679,1305.3746337890625,334.34747314453125,1274.425048828125,310.218017578125,1336.32421875,358.4769287109375
347,13.88,13,2,car,0.4926075339317322,1214.5013427734375,280.3193359375,1188.3699951171875,261.2298278808594,1240.6326904296875,299.4088439941406
347,13.88,11,2,car,0.4584364593029022,1442.2548217773438,288.29937744140625,1417.28466796875,271.6059265136719,1467.2249755859375,304.9928283691406
348,13.92,4,2,car,0.8554444313049316,1525.5643920898438,917.1114501953125,1403.608642578125,809.1385498046875,1647.5201416015625,1025.0843505859375
348,13.92,8,2,car,0.7701618671417236,1238.6456909179688,362.64271545410156,1201.4974365234375,329.9338073730469,1275.7939453125,395.35162353515625
348,13.92,6,2,car,0.7134900689125061,1276.8297729492188,465.5922546386719,1224.98583984375,421.1022033691406,1328.6737060546875,510.0823059082031
348,13.92,14,2,car,0.6755699515342712,1641.9173583984375,305.3378601074219,1612.02392578125,281.6543884277344,1671.810791015625,329.0213317871094
348,13.92,17,2,car,0.6550126671791077,1374.3064575195312,369.58900451660156,1337.0919189453125,334.8236389160156,1411.52099609375,404.3543701171875
348,13.92,19,2,car,0.6031785011291504,989.2681274414062,244.72073364257812,968.701171875,229.16134643554688,1009.8350830078125,260.2801208496094
348,13.92,16,2,car,0.5526931881904602,1306.5784301757812,334.9593048095703,1276.9747314453125,311.2522277832031,1336.18212890625,358.6663818359375
348,13.92,5,2,car,0.5519232153892517,1057.4961242675781,850.3275146484375,930.5923461914062,718.2753295898438,1184.39990234375,982.3796997070312
348,13.92,11,2,car,0.5272663831710815,1439.8715209960938,287.8843536376953,1415.510009765625,271.6501770019531,1464.2330322265625,304.1185302734375
348,13.92,13,2,car,0.478885293006897,1217.1207275390625,280.7584991455078,1190.8414306640625,261.8169250488281,1243.4000244140625,299.7000732421875
348,13.92,18,2,car,0.4769953489303589,1377.0728759765625,267.3797073364258,1340.4217529296875,247.6757354736328,1413.7239990234375,287.08367919921875
349,13.96,4,2,car,0.8867442011833191,1524.4410400390625,933.0233764648438,1402.300537109375,823.3812255859375,1646.58154296875,1042.66552734375
349,13.96,8,2,car,0.7628626823425293,1239.818603515625,363.7987976074219,1201.9381103515625,330.0352478027344,1277.6990966796875,397.5623474121094
349,13.96,14,2,car,0.7264542579650879,1638.8038330078125,301.2665252685547,1611.12890625,275.7405700683594,1666.478759765625,326.79248046875
349,13.96,6,2,car,0.6748917102813721,1276.2188110351562,468.0647430419922,1223.5970458984375,423.1423034667969,1328.840576171875,512.9871826171875
349,13.96,5,2,car,0.6564880013465881,1048.1525268554688,864.4930114746094,918.62060546875,727.93212890625,1177.6844482421875,1001.0538940429688
349,13.96,17,2,car,0.630338728427887,1376.715087890625,373.28173828125,1340.274169921875,342.16754150390625,1413.156005859375,404.39593505859375
349,13.96,16,2,car,0.5871104001998901,1308.9544677734375,336.2190704345703,1278.53369140625,312.1630859375,1339.375244140625,360.2750549316406
349,13.96,13,2,car,0.5772629380226135,1217.5657958984375,282.03614807128906,1191.58203125,263.54876708984375,1243.549560546875,300.5235290527344
349,13.96,18,2,car,0.5484265685081482,1371.350830078125,268.1867904663086,1336.88525390625,248.7245635986328,1405.81640625,287.6490173339844
349,13.96,19,2,car,0.528901219367981,991.3097534179688,245.32062530517578,970.5540161132812,230.6498565673828,1012.0654907226562,259.99139404296875
349,13.96,11,2,car,0.4687211215496063,1439.4940185546875,289.75758361816406,1415.737548828125,274.47601318359375,1463.25048828125,305.0391540527344
350,14.0,4,2,car,0.8606841564178467,1521.1392822265625,950.6659851074219,1396.5140380859375,836.0476684570312,1645.7645263671875,1065.2843017578125
350,14.0,17,2,car,0.7340376973152161,1378.9576416015625,373.73284912109375,1340.52587890625,339.66259765625,1417.389404296875,407.8031005859375
350,14.0,14,2,car,0.7092225551605225,1637.0343017578125,300.7248840332031,1608.8873291015625,275.2105407714844,1665.1812744140625,326.2392272949219
350,14.0,8,2,car,0.6839712858200073,1240.2468872070312,366.11993408203125,1201.6737060546875,331.80889892578125,1278.820068359375,400.43096923828125
350,14.0,6,2,car,0.666071355342865,1275.8305053710938,471.5717315673828,1223.73974609375,425.8510437011719,1327.9212646484375,517.2924194335938
350,14.0,19,2,car,0.5933070182800293,992.7923583984375,246.46680450439453,970.1343383789062,231.22169494628906,1015.4503784179688,261.7119140625
350,14.0,18,2,car,0.5816622376441956,1373.2324829101562,266.8324279785156,1337.89306640625,247.30975341796875,1408.5718994140625,286.3551025390625
350,14.0,16,2,car,0.5629765391349792,1313.2927856445312,336.2760467529297,1284.8856201171875,313.5736389160156,1341.699951171875,358.97845458984375
350,14.0,5,2,car,0.5465887784957886,1036.4829711914062,878.80224609375,905.5184326171875,738.2197265625,1167.447509765625,1019.384765625
350,14.0,13,2,car,0.5047897100448608,1218.7023315429688,281.81861877441406,1193.142333984375,262.9817810058594,1244.2623291015625,300.65545654296875
350,14.0,11,2,car,0.3614790141582489,1437.1460571289062,288.6150817871094,1413.6944580078125,273.2771911621094,1460.59765625,303.9529724121094
351,14.04,4,2,car,0.8634227514266968,1521.4117431640625,963.7252807617188,1394.5269775390625,851.608154296875,1648.2965087890625,1075.8424072265625
351,14.04,17,2,car,0.7243802547454834,1379.8713989257812,374.60205078125,1340.62109375,340.37725830078125,1419.1217041015625,408.82684326171875
351,14.04,8,2,car,0.6856251358985901,1241.1964721679688,366.4026336669922,1204.0013427734375,331.4864807128906,1278.3916015625,401.31878662109375
351,14.04,14,2,car,0.6833796501159668,1635.6824340820312,299.8249969482422,1607.356201171875,274.8653869628906,1664.0086669921875,324.78460693359375
351,14.04,6,2,car,0.6713981032371521,1274.4638061523438,474.5664367675781,1222.288818359375,427.5750732421875,1326.6387939453125,521.5578002929688
351,14.04,18,2,car,0.6405575275421143,1371.9557495117188,266.2121810913086,1334.71337890625,245.6893768310547,1409.1981201171875,286.7349853515625
351,14.04,16,2,car,0.5807924866676331,1315.4515991210938,336.9704132080078,1284.2647705078125,312.29443359375,1346.638427734375,361.6463928222656
351,14.04,5,2,car,0.5532466769218445,1027.5745239257812,893.7111511230469,893.804443359375,751.7942504882812,1161.3446044921875,1035.6280517578125
351,14.04,19,2,car,0.5323397517204285,994.5228576660156,246.8586654663086,972.104248046875,231.49021911621094,1016.9414672851562,262.22711181640625
351,14.04,13,2,car,0.521419882774353,1221.0283203125,281.70423889160156,1193.5595703125,262.5374450683594,1248.4970703125,300.87103271484375
351,14.04,11,2,car,0.4098834693431854,1432.4576416015625,285.6072235107422,1410.974365234375,270.8967590332031,1453.94091796875,300.31768798828125
352,14.08,4,2,car,0.8447182178497314,1524.1179809570312,972.4128112792969,1398.620361328125,867.4096069335938,1649.6156005859375,1077.416015625
352,14.08,17,2,car,0.7778012156486511,1382.7866821289062,375.3996124267578,1343.5374755859375,340.98516845703125,1422.035888671875,409.8140563964844
352,14.08,6,2,car,0.6880412697792053,1273.7434692382812,477.5803527832031,1221.046630859375,430.376220703125,1326.4403076171875,524.7844848632812
352,14.08,8,2,car,0.6814610362052917,1241.177490234375,368.3126983642578,1203.3262939453125,333.21343994140625,1279.0286865234375,403.4119567871094
352,14.08,14,2,car,0.6131240725517273,1632.8367919921875,299.8218688964844,1604.8634033203125,274.64801025390625,1660.8101806640625,324.9957275390625
352,14.08,18,2,car,0.5435678362846375,1370.1566772460938,266.39102935791016,1333.879638671875,244.6630096435547,1406.4337158203125,288.1190490722656
352,14.08,11,2,car,0.5272915959358215,1428.0562133789062,283.3898620605469,1403.083740234375,267.26495361328125,1453.0286865234375,299.5147705078125
352,14.08,13,2,car,0.5141897797584534,1222.1763305664062,281.888427734375,1195.470458984375,262.38934326171875,1248.8822021484375,301.38751220703125
352,14.08,5,2,car,0.5137394666671753,1019.0729370117188,910.7738952636719,882.3043212890625,764.9049682617188,1155.841552734375,1056.642822265625
352,14.08,19,2,car,0.4935448467731476,996.3338012695312,248.09667205810547,972.4432983398438,232.75914001464844,1020.2243041992188,263.4342041015625
352,14.08,16,2,car,0.45507773756980896,1317.461669921875,338.2151641845703,1285.2183837890625,312.33306884765625,1349.7049560546875,364.0972595214844
353,14.12,4,2,car,0.8451438546180725,1520.759033203125,982.7636108398438,1387.7779541015625,886.169921875,1653.7401123046875,1079.3572998046875
353,14.12,17,2,car,0.7747068405151367,1384.67431640625,376.8150329589844,1345.532958984375,342.66046142578125,1423.815673828125,410.9696044921875
353,14.12,11,2,car,0.6660635471343994,1424.7586669921875,283.13075256347656,1399.5849609375,266.5711364746094,1449.932373046875,299.69036865234375
353,14.12,14,2,car,0.6596600413322449,1629.3629150390625,298.26373291015625,1601.3990478515625,273.1959533691406,1657.3267822265625,323.3315124511719
353,14.12,6,2,car,0.6454514861106873,1272.7003784179688,481.9712219238281,1219.502197265625,434.74658203125,1325.8985595703125,529.1958618164062
353,14.12,8,2,car,0.6398700475692749,1241.8690795898438,368.69293212890625,1204.1121826171875,334.79736328125,1279.6259765625,402.5885009765625
353,14.12,13,2,car,0.608718991279602,1225.7101440429688,283.3191680908203,1199.4454345703125,263.55352783203125,1251.974853515625,303.0848083496094
353,14.12,18,2,car,0.5709766745567322,1367.9730834960938,264.3825454711914,1329.2171630859375,242.4346160888672,1406.72900390625,286.3304748535156
353,14.12,19,2,car,0.5326781868934631,998.0864868164062,248.61363983154297,974.5523071289062,232.9954376220703,1021.6206665039062,264.2318420410156
353,14.12,5,2,car,0.48607903718948364,1008.2033996582031,924.3841247558594,868.3196411132812,777.2792358398438,1148.087158203125,1071.489013671875
353,14.12,16,2,car,0.4487931430339813,1319.3070068359375,340.31202697753906,1286.68603515625,314.8696594238281,1351.927978515625,365.75439453125
354,14.16,4,2,car,0.8603389263153076,1518.4893188476562,991.6697387695312,1385.39697265625,905.0364990234375,1651.5816650390625,1078.302978515625
354,14.16,17,2,car,0.7916855812072754,1386.2191772460938,379.107421875,1346.85498046875,344.7723083496094,1425.5833740234375,413.4425354003906
354,14.16,5,2,car,0.7051490545272827,996.5958251953125,934.3833312988281,854.25439453125,792.3191528320312,1138.937255859375,1076.447509765625
354,14.16,6,2,car,0.6982282996177673,1272.5034790039062,486.3933410644531,1218.815673828125,438.14556884765625,1326.1912841796875,534.64111328125
354,14.16,8,2,car,0.695238471031189,1243.3862915039062,370.2096405029297,1204.7706298828125,335.3757019042969,1282.001953125,405.0435791015625
354,14.16,14,2,car,0.6948823928833008,1626.119384765625,298.22119140625,1595.132080078125,273.86224365234375,1657.106689453125,322.58013916015625
354,14.16,11,2,car,0.6488330364227295,1421.9959716796875,283.1313934326172,1397.4345703125,266.9444274902344,1446.557373046875,299.318359375
354,14.16,13,2,car,0.6280365586280823,1225.8052368164062,284.35154724121094,1199.6612548828125,264.6580810546875,1251.94921875,304.0450134277344
354,14.16,18,2,car,0.5616835355758667,1357.9459838867188,264.8158187866211,1323.00634765625,244.8508758544922,1392.8856201171875,284.78076171875
354,14.16,16,2,car,0.4566067159175873,1318.0133666992188,346.96726989746094,1280.70068359375,315.7207336425781,1355.3260498046875,378.21380615234375
354,14.16,19,2,car,0.3877426087856293,999.3685913085938,247.83480834960938,977.0537109375,232.98312377929688,1021.6834716796875,262.6864929199219
355,14.2,17,2,car,0.7963182926177979,1388.0855712890625,380.1961669921875,1348.0469970703125,345.3111877441406,1428.1241455078125,415.0811462402344
355,14.2,8,2,car,0.7369214296340942,1245.2490844726562,371.9719696044922,1207.268310546875,336.4085693359375,1283.2298583984375,407.5353698730469
355,14.2,6,2,car,0.6892752051353455,1271.5028076171875,487.6368103027344,1216.1295166015625,438.78802490234375,1326.8760986328125,536.485595703125
355,14.2,4,2,car,0.684956431388855,1517.9778442382812,1000.89453125,1380.6251220703125,923.160888671875,1655.33056640625,1078.628173828125
355,14.2,5,2,car,0.6765214800834656,985.2383117675781,942.5256958007812,840.7582397460938,805.0513916015625,1129.7183837890625,1080.0
355,14.2,14,2,car,0.6641004681587219,1623.6428833007812,298.4916229248047,1592.997802734375,274.70562744140625,1654.2879638671875,322.2776184082031
355,14.2,18,2,car,0.6192258596420288,1356.7926025390625,263.48807525634766,1320.20556640625,243.52272033691406,1393.379638671875,283.45343017578125
355,14.2,11,2,car,0.6189690828323364,1418.6018676757812,282.3748779296875,1393.40380859375,266.4827575683594,1443.7999267578125,298.2669982910156
355,14.2,13,2,car,0.5709782242774963,1226.4381713867188,285.3977355957031,1200.9654541015625,265.06207275390625,1251.910888671875,305.7333984375
355,14.2,16,2,car,0.48541009426116943,1323.3945922851562,341.7950744628906,1291.0081787109375,316.8179931640625,1355.781005859375,366.77215576171875
355,14.2,19,2,car,0.46295467019081116,1002.3104553222656,248.05951690673828,980.4149780273438,232.32066345214844,1024.2059326171875,263.7983703613281
356,14.24,8,2,car,0.7882676720619202,1246.7178344726562,373.77882385253906,1206.8702392578125,338.1028747558594,1286.5654296875,409.45477294921875
356,14.24,17,2,car,0.7722895741462708,1391.9034423828125,382.3814239501953,1352.9349365234375,346.84210205078125,1430.8719482421875,417.9207458496094
356,14.24,6,2,car,0.6866769194602966,1270.527587890625,492.5458679199219,1214.4002685546875,443.56707763671875,1326.6549072265625,541.524658203125
356,14.24,5,2,car,0.685200035572052,973.505126953125,949.6005859375,826.6937255859375,819.693603515625,1120.3165283203125,1079.507568359375
356,14.24,4,2,car,0.6521179676055908,1525.1791381835938,1008.7265319824219,1381.6942138671875,940.1380004882812,1668.6640625,1077.3150634765625
356,14.24,14,2,car,0.6507479548454285,1620.6007080078125,297.3734893798828,1590.1290283203125,273.3615417480469,1651.0723876953125,321.38543701171875
356,14.24,18,2,car,0.6193049550056458,1357.7881469726562,262.6918411254883,1319.198486328125,241.1671600341797,1396.3778076171875,284.2165222167969
356,14.24,13,2,car,0.5911167860031128,1227.0347900390625,285.12274169921875,1201.0517578125,264.4287414550781,1253.017822265625,305.8167419433594
356,14.24,11,2,car,0.5443617105484009,1415.7846069335938,281.9113311767578,1390.447021484375,266.45599365234375,1441.1221923828125,297.3666687011719
356,14.24,16,2,car,0.5408793091773987,1324.9848022460938,343.29368591308594,1292.613037109375,318.5809020996094,1357.3565673828125,368.0064697265625
356,14.24,19,2,car,0.4313710629940033,1004.0361022949219,249.61080169677734,982.8550415039062,232.78318786621094,1025.2171630859375,266.43841552734375
357,14.28,17,2,car,0.763567328453064,1392.141845703125,383.3797149658203,1353.0462646484375,346.71630859375,1431.2374267578125,420.0431213378906
357,14.28,6,2,car,0.7529070973396301,1270.1012573242188,497.41358947753906,1212.610107421875,447.3432312011719,1327.5924072265625,547.4839477539062
357,14.28,8,2,car,0.7427141666412354,1249.1917724609375,375.6118469238281,1208.983154296875,340.2750549316406,1289.400390625,410.9486389160156
357,14.28,14,2,car,0.6884546875953674,1617.565185546875,296.84425354003906,1588.0357666015625,272.47503662109375,1647.0946044921875,321.2134704589844
357,14.28,5,2,car,0.6814091801643372,959.7439880371094,956.3764343261719,807.1382446289062,832.7528686523438,1112.3497314453125,1080.0
357,14.28,4,2,car,0.6624588370323181,1521.5097045898438,1016.3004150390625,1368.72412109375,957.94140625,1674.2952880859375,1074.659423828125
357,14.28,18,2,car,0.6108500957489014,1356.7327880859375,262.54627227783203,1319.0218505859375,241.55357360839844,1394.4437255859375,283.5389709472656
357,14.28,13,2,car,0.5811133980751038,1230.656982421875,286.11602783203125,1203.2794189453125,264.1610412597656,1258.0345458984375,308.0710144042969
357,14.28,16,2,car,0.5467261672019958,1326.4862060546875,345.4058837890625,1295.3277587890625,321.529296875,1357.6446533203125,369.282470703125
357,14.28,11,2,car,0.5173476338386536,1413.3582763671875,281.62742614746094,1386.6336669921875,265.7725524902344,1440.0828857421875,297.4822998046875
358,14.32,8,2,car,0.7666719555854797,1250.3246459960938,376.6989440917969,1209.5889892578125,340.51318359375,1291.060302734375,412.88470458984375
358,14.32,4,2,car,0.7623177170753479,1512.8488159179688,1030.5704650878906,1384.511474609375,983.0220336914062,1641.1861572265625,1078.118896484375
358,14.32,17,2,car,0.7562232613563538,1393.9038696289062,385.3607482910156,1354.1185302734375,348.3919372558594,1433.689208984375,422.3295593261719
358,14.32,6,2,car,0.7369038462638855,1267.6452026367188,498.81919860839844,1209.5775146484375,449.3775329589844,1325.712890625,548.2608642578125
358,14.32,14,2,car,0.644762396812439,1615.6697387695312,296.70567321777344,1586.2811279296875,272.3182678222656,1645.058349609375,321.09307861328125
358,14.32,13,2,car,0.6198636293411255,1234.1116333007812,287.0094909667969,1205.6854248046875,266.0049133300781,1262.537841796875,308.0140686035156
358,14.32,16,2,car,0.5750654339790344,1327.7566528320312,346.5350799560547,1295.673828125,321.3460693359375,1359.8394775390625,371.7240905761719
358,14.32,5,2,car,0.5421961545944214,947.049560546875,962.8670654296875,791.0059814453125,847.06494140625,1103.0931396484375,1078.669189453125
358,14.32,11,2,car,0.44406744837760925,1410.60693359375,279.68760681152344,1386.212890625,263.2229919433594,1435.0009765625,296.1522216796875
358,14.32,18,2,car,0.4428819417953491,1351.64306640625,261.6543197631836,1316.9930419921875,240.86952209472656,1386.2930908203125,282.4391174316406
359,14.36,4,2,car,0.7355554699897766,1516.615478515625,1040.6632690429688,1396.275634765625,1002.9488525390625,1636.955322265625,1078.377685546875
359,14.36,6,2,car,0.7339409589767456,1265.5516967773438,502.22021484375,1208.5250244140625,451.390869140625,1322.578369140625,553.049560546875
359,14.36,17,2,car,0.7104644775390625,1394.0919799804688,386.56842041015625,1353.19482421875,349.450927734375,1434.9891357421875,423.6859130859375
359,14.36,8,2,car,0.7058635950088501,1251.5245971679688,379.5484313964844,1211.1514892578125,342.37884521484375,1291.897705078125,416.718017578125
359,14.36,13,2,car,0.6268119215965271,1236.3048095703125,287.6700897216797,1207.7095947265625,266.88043212890625,1264.9000244140625,308.4597473144531
359,14.36,18,2,car,0.5891284942626953,1349.1688232421875,263.1884460449219,1313.0845947265625,241.18679809570312,1385.2530517578125,285.1900939941406
359,14.36,16,2,car,0.5889967083930969,1328.6744384765625,347.1925811767578,1297.63330078125,321.9779052734375,1359.715576171875,372.4072570800781
359,14.36,14,2,car,0.5865641236305237,1613.2413330078125,296.1607666015625,1584.5311279296875,273.16217041015625,1641.9515380859375,319.15936279296875
359,14.36,11,2,car,0.5044771432876587,1407.6551513671875,279.8828125,1382.845458984375,263.40069580078125,1432.46484375,296.36492919921875
359,14.36,5,2,car,0.48087942600250244,933.6201477050781,972.4890747070312,775.3562622070312,865.4857177734375,1091.884033203125,1079.492431640625
359,14.36,19,2,car,0.41505342721939087,1008.3509216308594,250.82518768310547,986.7654418945312,233.7535858154297,1029.9364013671875,267.89678955078125
360,14.4,6,2,car,0.7869839668273926,1266.4414672851562,507.30018615722656,1209.624755859375,457.2457580566406,1323.2581787109375,557.3546142578125
360,14.4,8,2,car,0.7546963691711426,1252.4151611328125,381.13270568847656,1213.1004638671875,344.5983581542969,1291.7298583984375,417.66705322265625
360,14.4,16,2,car,0.6830945014953613,1330.4336547851562,349.18060302734375,1297.4808349609375,322.249267578125,1363.386474609375,376.1119384765625
360,14.4,13,2,car,0.6504590511322021,1238.2427978515625,287.3826141357422,1210.2144775390625,264.9388732910156,1266.2711181640625,309.82635498046875
360,14.4,17,2,car,0.6481741666793823,1396.2241821289062,389.90093994140625,1355.97119140625,352.12005615234375,1436.4771728515625,427.68182373046875
360,14.4,18,2,car,0.6147982478141785,1347.2805786132812,263.9671173095703,1309.912841796875,241.04852294921875,1384.6483154296875,286.8857116699219
360,14.4,5,2,car,0.5675105452537537,909.7263488769531,979.571044921875,746.9390258789062,880.18359375,1072.513671875,1078.95849609375
360,14.4,11,2,car,0.4995928704738617,1405.453125,278.71617126464844,1380.6240234375,262.3702087402344,1430.2822265625,295.0621337890625
360,14.4,14,2,car,0.49682170152664185,1611.2697143554688,295.2294006347656,1582.30078125,272.3886413574219,1640.2386474609375,318.0701599121094
360,14.4,19,2,car,0.4782525897026062,1010.312255859375,250.55923461914062,988.9215087890625,235.201171875,1031.7030029296875,265.91729736328125
361,14.44,6,2,car,0.7300545573234558,1264.202880859375,512.3356018066406,1205.820556640625,461.9176025390625,1322.585205078125,562.7536010742188
361,14.44,8,2,car,0.7291725277900696,1253.4611206054688,382.68328857421875,1213.9698486328125,345.83203125,1292.952392578125,419.5345458984375
361,14.44,16,2,car,0.6859773993492126,1332.043701171875,349.6611328125,1298.8433837890625,322.6502380371094,1365.2440185546875,376.6720275878906
361,14.44,17,2,car,0.6655436754226685,1396.8818969726562,393.147216796875,1355.9202880859375,356.6056823730469,1437.843505859375,429.6887512207031
361,14.44,13,2,car,0.5857920050621033,1239.7996215820312,289.40577697753906,1211.56201171875,267.6351318359375,1268.0372314453125,311.1764221191406
361,14.44,18,2,car,0.5531865954399109,1345.5918579101562,262.58467864990234,1309.237548828125,241.75563049316406,1381.9461669921875,283.4137268066406
361,14.44,5,2,car,0.5400705933570862,906.0238647460938,987.3476867675781,742.5936279296875,900.2957153320312,1069.4541015625,1074.399658203125
361,14.44,14,2,car,0.464334100484848,1607.3063354492188,294.5380096435547,1579.0284423828125,272.0349426269531,1635.584228515625,317.04107666015625
361,14.44,19,2,car,0.4537909924983978,1012.6565551757812,250.67591857910156,991.0081787109375,235.68063354492188,1034.304931640625,265.67120361328125
361,14.44,11,2,car,0.39578741788864136,1403.1417236328125,278.23753356933594,1378.071044921875,261.9554748535156,1428.21240234375,294.51959228515625
362,14.48,17,2,car,0.7255191802978516,1399.0294189453125,396.8864440917969,1357.8468017578125,362.36456298828125,1440.2120361328125,431.4083251953125
362,14.48,6,2,car,0.6933461427688599,1262.410400390625,516.1341400146484,1203.2486572265625,462.6484069824219,1321.5721435546875,569.619873046875
362,14.48,16,2,car,0.6891661882400513,1335.54443359375,352.2909851074219,1302.205810546875,323.7058410644531,1368.883056640625,380.8761291503906
362,14.48,8,2,car,0.6669915914535522,1254.4445190429688,384.5189666748047,1214.629150390625,347.6516418457031,1294.2598876953125,421.38629150390625
362,14.48,13,2,car,0.6249516010284424,1242.3561401367188,290.1714782714844,1214.0614013671875,268.8382263183594,1270.65087890625,311.5047302246094
362,14.48,18,2,car,0.545741081237793,1337.8190307617188,261.99510192871094,1308.625244140625,242.3712158203125,1367.0128173828125,281.6189880371094
362,14.48,19,2,car,0.5264829993247986,1012.1836242675781,251.2715072631836,989.5682983398438,235.21751403808594,1034.7989501953125,267.32550048828125
362,14.48,5,2,car,0.49653416872024536,888.1442565917969,996.5419006347656,721.7925415039062,917.4776000976562,1054.4959716796875,1075.606201171875
362,14.48,14,2,car,0.4785095751285553,1604.9845581054688,294.9137878417969,1575.8175048828125,272.8424377441406,1634.151611328125,316.9851379394531
362,14.48,11,2,car,0.4024178683757782,1399.9926147460938,278.1555938720703,1376.91552734375,262.6950378417969,1423.0697021484375,293.61614990234375
363,14.52,6,2,car,0.837138831615448,1261.538330078125,520.6625366210938,1201.626953125,468.37567138671875,1321.44970703125,572.9494018554688
363,14.52,8,2,car,0.7175971865653992,1254.1024780273438,385.3012390136719,1214.92236328125,347.7389831542969,1293.2825927734375,422.8634948730469
363,14.52,16,2,car,0.7104628086090088,1338.1570434570312,353.6612548828125,1302.5823974609375,325.2785339355469,1373.731689453125,382.0439758300781
363,14.52,17,2,car,0.6572740077972412,1400.9429931640625,397.95587158203125,1359.255615234375,363.48828125,1442.63037109375,432.4234619140625
363,14.52,13,2,car,0.5988035202026367,1244.3309936523438,291.1242370605469,1216.47705078125,269.4881286621094,1272.1849365234375,312.7603454589844
363,14.52,19,2,car,0.5251578092575073,1014.6078796386719,251.61224365234375,992.2014770507812,234.53475952148438,1037.0142822265625,268.6897277832031
363,14.52,18,2,car,0.5249109268188477,1339.40478515625,263.15177154541016,1305.404296875,241.18223571777344,1373.4052734375,285.1213073730469
363,14.52,5,2,car,0.5134183168411255,873.8739318847656,1005.8320007324219,710.5300903320312,936.7366333007812,1037.2177734375,1074.9273681640625
363,14.52,14,2,car,0.46624183654785156,1603.0159912109375,295.44825744628906,1571.9287109375,273.2488708496094,1634.103271484375,317.64764404296875
363,14.52,11,2,car,0.39218461513519287,1397.3883056640625,277.92942810058594,1375.775390625,262.7020568847656,1419.001220703125,293.15679931640625
364,14.56,6,2,car,0.8367242813110352,1258.964599609375,524.2485198974609,1197.8675537109375,471.0244445800781,1320.0616455078125,577.4725952148438
364,14.56,8,2,car,0.7174883484840393,1256.3036499023438,385.94732666015625,1217.5601806640625,347.90570068359375,1295.047119140625,423.98895263671875
364,14.56,16,2,car,0.6890475749969482,1338.9417114257812,353.2649688720703,1305.3548583984375,323.9755554199219,1372.528564453125,382.55438232421875
364,14.56,17,2,car,0.6791867017745972,1404.6935424804688,399.694091796875,1364.595458984375,365.1335754394531,1444.7916259765625,434.2546081542969
364,14.56,5,2,car,0.6529954075813293,855.7486877441406,1017.2294006347656,695.1288452148438,956.7899780273438,1016.3685302734375,1077.6688232421875
364,14.56,13,2,car,0.5738252401351929,1246.9961547851562,291.2668762207031,1218.6944580078125,268.8441467285156,1275.2978515625,313.6896057128906
364,14.56,18,2,car,0.45414644479751587,1335.0469970703125,262.0699691772461,1300.080078125,240.82420349121094,1370.013916015625,283.31573486328125
364,14.56,19,2,car,0.42733994126319885,1017.8477478027344,251.66861724853516,995.0326538085938,235.1824493408203,1040.662841796875,268.15478515625
364,14.56,14,2,car,0.3814989924430847,1599.6212158203125,294.18731689453125,1570.6531982421875,270.9000549316406,1628.5892333984375,317.4745788574219
364,14.56,20,7,truck,0.35274162888526917,1887.1218872070312,485.15687561035156,1854.8131103515625,427.2327575683594,1919.4306640625,543.0809936523438
365,14.6,6,2,car,0.8920814990997314,1258.2327880859375,528.9791412353516,1195.3367919921875,475.0791320800781,1321.1287841796875,582.879150390625
365,14.6,17,2,car,0.7706936597824097,1405.6676635742188,400.6395568847656,1363.8450927734375,365.98602294921875,1447.490234375,435.2930908203125
365,14.6,8,2,car,0.6772267818450928,1256.909912109375,388.55218505859375,1216.232666015625,350.1869201660156,1297.587158203125,426.9174499511719
365,14.6,5,2,car,0.6433216333389282,838.2601318359375,1028.7214050292969,680.0445556640625,980.4472045898438,996.4757080078125,1076.99560546875
365,14.6,16,2,car,0.6140856742858887,1341.61279296875,355.73289489746094,1308.6329345703125,327.295654296875,1374.5926513671875,384.1701354980469
365,14.6,13,2,car,0.5799033641815186,1248.9063110351562,291.4355926513672,1220.28369140625,268.8155822753906,1277.5289306640625,314.05560302734375
365,14.6,20,7,truck,0.5634400248527527,1882.6904296875,480.0884704589844,1846.0316162109375,423.8935546875,1919.3492431640625,536.2833862304688
365,14.6,14,2,car,0.49717965722084045,1594.376220703125,293.1329803466797,1566.1629638671875,269.5506896972656,1622.5894775390625,316.71527099609375
365,14.6,18,2,car,0.47020870447158813,1331.410888671875,261.32613372802734,1296.4366455078125,241.0158233642578,1366.3851318359375,281.6364440917969
365,14.6,19,2,car,0.42345282435417175,1023.5454711914062,254.25658416748047,997.6849365234375,237.1643829345703,1049.406005859375,271.3487854003906
366,14.64,6,2,car,0.8284041881561279,1257.8224487304688,533.055419921875,1194.935791015625,478.81085205078125,1320.7091064453125,587.2999877929688
366,14.64,17,2,car,0.7987847924232483,1407.5267944335938,402.9013366699219,1365.8931884765625,367.6630554199219,1449.160400390625,438.1396179199219
366,14.64,8,2,car,0.7113894820213318,1258.46337890625,389.6336975097656,1218.05712890625,351.89263916015625,1298.86962890625,427.374755859375
366,14.64,16,2,car,0.688230037689209,1344.4784545898438,358.2078552246094,1310.4144287109375,329.13922119140625,1378.54248046875,387.2764892578125
366,14.64,20,2,car,0.6424283385276794,1880.64111328125,477.9888458251953,1841.8780517578125,420.9480285644531,1919.4041748046875,535.0296630859375
366,14.64,13,2,car,0.60399329662323,1250.4523315429688,292.11767578125,1222.8116455078125,269.5301513671875,1278.093017578125,314.7052001953125
366,14.64,14,2,car,0.5259063243865967,1591.622314453125,292.68898010253906,1563.356689453125,270.11737060546875,1619.887939453125,315.2605895996094
366,14.64,18,2,car,0.4609227478504181,1333.1971435546875,261.2703552246094,1295.407470703125,239.44189453125,1370.98681640625,283.09881591796875
366,14.64,19,2,car,0.4491457939147949,1022.7106628417969,254.0326919555664,997.9182739257812,237.58946228027344,1047.5030517578125,270.4759216308594
367,14.68,6,2,car,0.7767783999443054,1255.0350341796875,537.5074768066406,1190.5628662109375,479.7744140625,1319.5072021484375,595.2405395507812
367,14.68,17,2,car,0.7561007142066956,1409.2254638671875,404.83253479003906,1365.686279296875,368.59454345703125,1452.7646484375,441.0705261230469
367,14.68,13,2,car,0.6622973084449768,1251.8603515625,292.3511657714844,1225.0350341796875,269.8211364746094,1278.6856689453125,314.8811950683594
367,14.68,8,2,car,0.660872220993042,1259.4053955078125,391.57061767578125,1216.8316650390625,353.55426025390625,1301.9791259765625,429.58697509765625
367,14.68,16,2,car,0.6549873948097229,1345.984130859375,358.94117736816406,1310.67041015625,331.0757141113281,1381.2978515625,386.806640625
367,14.68,19,2,car,0.5348725318908691,1023.4447326660156,255.37610626220703,998.6621704101562,238.68504333496094,1048.227294921875,272.0671691894531
367,14.68,20,2,car,0.5032870769500732,1879.5449829101562,473.0145263671875,1839.6417236328125,416.0537109375,1919.4482421875,529.975341796875
367,14.68,18,2,car,0.43646419048309326,1332.686767578125,260.1887893676758,1295.43310546875,238.8241424560547,1369.9404296875,281.5534362792969
367,14.68,14,2,car,0.41083642840385437,1590.112060546875,292.5032501220703,1562.0654296875,269.68048095703125,1618.15869140625,315.3260192871094
368,14.72,6,2,car,0.8392148017883301,1253.6517333984375,542.1686859130859,1188.228515625,486.3598937988281,1319.074951171875,597.9774780273438
368,14.72,17,2,car,0.8055559992790222,1410.7022705078125,408.3441467285156,1367.5357666015625,373.3854675292969,1453.8687744140625,443.3028259277344
368,14.72,8,2,car,0.6796824336051941,1260.1337280273438,394.4877624511719,1217.5350341796875,355.0232238769531,1302.732421875,433.9523010253906
368,14.72,16,2,car,0.6720439791679382,1346.3563232421875,359.90037536621094,1310.8382568359375,331.8811950683594,1381.8743896484375,387.9195556640625
368,14.72,13,2,car,0.6347752213478088,1253.9929809570312,293.13255310058594,1226.2864990234375,270.5606689453125,1281.699462890625,315.7044372558594
368,14.72,19,2,car,0.5400839447975159,1025.5614624023438,255.320068359375,1001.4990234375,238.37420654296875,1049.6239013671875,272.26593017578125
368,14.72,20,2,car,0.5360330939292908,1876.470703125,471.0769958496094,1833.715576171875,415.7900390625,1919.225830078125,526.3639526367188
368,14.72,18,2,car,0.4977516233921051,1331.7030029296875,260.68959045410156,1294.587890625,238.90365600585938,1368.818115234375,282.47552490234375
368,14.72,14,2,car,0.4907241761684418,1587.9658813476562,291.47938537597656,1560.8572998046875,268.59075927734375,1615.074462890625,314.3680114746094
369,14.76,17,2,car,0.7410924434661865,1411.9649658203125,410.9202575683594,1369.1116943359375,375.9559020996094,1454.8182373046875,445.8846130371094
369,14.76,8,2,car,0.6954802870750427,1261.195068359375,395.8734588623047,1218.2052001953125,357.3297119140625,1304.1849365234375,434.4172058105469
369,14.76,6,2,car,0.6616264581680298,1253.02734375,547.70068359375,1185.929443359375,489.56121826171875,1320.125244140625,605.8401489257812
369,14.76,13,2,car,0.6310935616493225,1256.6939086914062,294.8399353027344,1229.527587890625,274.38128662109375,1283.8602294921875,315.298583984375
369,14.76,16,2,car,0.5979240536689758,1348.0944213867188,360.1802520751953,1312.9500732421875,333.1396484375,1383.23876953125,387.2208557128906
369,14.76,19,2,car,0.5014166831970215,1028.6396484375,254.82210540771484,1005.4698486328125,237.77027893066406,1051.8094482421875,271.8739318847656
369,14.76,20,2,car,0.49383342266082764,1874.521728515625,466.53990173339844,1829.570068359375,410.3072204589844,1919.473388671875,522.7725830078125
369,14.76,14,2,car,0.42705103754997253,1585.04150390625,291.2549285888672,1559.02734375,268.82318115234375,1611.0556640625,313.6866760253906
370,14.8,17,2,car,0.7423239350318909,1414.3963012695312,412.1049499511719,1371.1806640625,375.5076599121094,1457.6119384765625,448.7022399902344
370,14.8,13,2,car,0.6833236217498779,1259.1075439453125,296.7071075439453,1230.8543701171875,275.330322265625,1287.3607177734375,318.0838928222656
370,14.8,6,2,car,0.672110378742218,1250.425048828125,552.1352691650391,1184.0965576171875,493.7859191894531,1316.7535400390625,610.484619140625
370,14.8,8,2,car,0.6000133752822876,1261.8035278320312,397.42295837402344,1218.467041015625,359.04730224609375,1305.1400146484375,435.7986145019531
370,14.8,14,2,car,0.5592013001441956,1581.0647583007812,291.35520935058594,1554.0858154296875,269.31109619140625,1608.043701171875,313.3993225097656
370,14.8,19,2,car,0.4780678153038025,1031.9411315917969,254.8998031616211,1007.6369018554688,238.2493438720703,1056.245361328125,271.5502624511719
370,14.8,20,2,car,0.42294126749038696,1870.89599609375,463.3521270751953,1822.3184814453125,408.5439147949219,1919.4735107421875,518.1603393554688
370,14.8,18,2,car,0.408328652381897,1325.3650512695312,259.5438003540039,1289.983642578125,238.8885040283203,1360.7464599609375,280.1990966796875
370,14.8,16,2,car,0.38282427191734314,1347.1973266601562,370.0009765625,1308.8309326171875,334.2392883300781,1385.563720703125,405.7626647949219
371,14.84,13,2,car,0.7435875535011292,1261.1910400390625,297.5896759033203,1232.5194091796875,274.78521728515625,1289.8626708984375,320.3941345214844
371,14.84,17,2,car,0.7337377071380615,1416.1112670898438,413.6868896484375,1372.0430908203125,376.2887878417969,1460.179443359375,451.0849914550781
371,14.84,6,2,car,0.6864919066429138,1248.0623168945312,557.1884613037109,1181.72412109375,497.2724304199219,1314.4005126953125,617.1044921875
371,14.84,8,2,car,0.6418306827545166,1262.1475830078125,397.97625732421875,1219.9842529296875,359.07257080078125,1304.3109130859375,436.87994384765625
371,14.84,14,2,car,0.5742684602737427,1579.65087890625,291.1441955566406,1552.464111328125,269.0116882324219,1606.837646484375,313.2767028808594
371,14.84,16,2,car,0.47998425364494324,1353.3167724609375,364.4623718261719,1316.62646484375,336.59417724609375,1390.007080078125,392.33056640625
371,14.84,20,2,car,0.4715518653392792,1868.74365234375,459.8985900878906,1818.1256103515625,407.20953369140625,1919.3616943359375,512.587646484375
371,14.84,19,2,car,0.4247336983680725,1033.0240173339844,254.0813980102539,1008.4685668945312,237.56227111816406,1057.5794677734375,270.60052490234375
371,14.84,18,2,car,0.3744598925113678,1313.6436157226562,257.1744842529297,1286.282958984375,238.78628540039062,1341.0042724609375,275.56268310546875
372,14.88,6,2,car,0.829655110836029,1243.9058227539062,562.9005432128906,1175.630859375,502.133056640625,1312.1807861328125,623.6680297851562
372,14.88,13,2,car,0.7410996556282043,1262.8667602539062,297.58409118652344,1235.0997314453125,276.78509521484375,1290.6337890625,318.3830871582031
372,14.88,17,2,car,0.673929750919342,1417.7719116210938,417.528076171875,1374.84814453125,381.1776123046875,1460.6956787109375,453.8785400390625
372,14.88,8,2,car,0.6590278148651123,1262.8549194335938,400.798095703125,1220.4449462890625,361.43792724609375,1305.264892578125,440.15826416015625
372,14.88,16,2,car,0.600770115852356,1353.53125,365.55450439453125,1318.7523193359375,337.0507507324219,1388.3101806640625,394.0582580566406
372,14.88,19,2,car,0.5161396265029907,1033.8134765625,253.62757873535156,1009.3787841796875,236.86788940429688,1058.2481689453125,270.38726806640625
372,14.88,20,2,car,0.4966401755809784,1866.6917724609375,457.0361785888672,1814.25732421875,401.4915466308594,1919.126220703125,512.580810546875
372,14.88,14,2,car,0.48345497250556946,1578.0528564453125,290.6321716308594,1549.7821044921875,268.6952209472656,1606.3236083984375,312.5691223144531
373,14.92,6,2,car,0.8470710515975952,1242.6487426757812,568.8584289550781,1173.56689453125,509.7718505859375,1311.7305908203125,627.9450073242188
373,14.92,13,2,car,0.737278163433075,1263.4560546875,298.83570861816406,1237.27197265625,277.24835205078125,1289.64013671875,320.4230651855469
373,14.92,17,2,car,0.7339065074920654,1420.2572021484375,420.8683624267578,1376.244873046875,384.909423828125,1464.26953125,456.8273010253906
373,14.92,16,2,car,0.6480538249015808,1354.8817749023438,366.71653747558594,1320.5606689453125,337.54779052734375,1389.202880859375,395.8852844238281
373,14.92,8,2,car,0.5755828022956848,1264.9156494140625,402.4947509765625,1222.8775634765625,362.6556701660156,1306.9537353515625,442.3338317871094
373,14.92,19,2,car,0.5563706159591675,1033.5719299316406,253.70735931396484,1009.2024536132812,236.76979064941406,1057.94140625,270.6449279785156
373,14.92,14,2,car,0.5428334474563599,1572.6412353515625,290.18994140625,1545.9803466796875,269.0423583984375,1599.3021240234375,311.3375244140625
373,14.92,20,2,car,0.5078412890434265,1864.2282104492188,453.80841064453125,1809.2374267578125,399.2075500488281,1919.218994140625,508.4092712402344
374,14.96,6,2,car,0.7883917689323425,1240.1348266601562,571.7316284179688,1170.314697265625,509.832275390625,1309.9549560546875,633.6309814453125
374,14.96,17,2,car,0.7774040102958679,1421.4995727539062,420.93780517578125,1376.7008056640625,383.9346618652344,1466.29833984375,457.9409484863281
374,14.96,13,2,car,0.7220564484596252,1265.5822143554688,298.95703125,1237.81298828125,276.5467529296875,1293.3514404296875,321.3673095703125
374,14.96,16,2,car,0.6813901662826538,1359.4368896484375,368.8320007324219,1322.5074462890625,340.13214111328125,1396.3663330078125,397.5318603515625
374,14.96,19,2,car,0.5781247019767761,1034.657958984375,254.46221160888672,1010.2232666015625,236.73793029785156,1059.0926513671875,272.1864929199219
374,14.96,8,2,car,0.535729169845581,1267.5588989257812,404.2001953125,1222.2921142578125,363.5574645996094,1312.82568359375,444.8429260253906
374,14.96,20,2,car,0.5014804601669312,1858.7568969726562,449.44261169433594,1802.042724609375,396.108154296875,1915.4710693359375,502.7770690917969
374,14.96,14,2,car,0.47942858934402466,1568.9609985351562,288.7731475830078,1542.3717041015625,267.22186279296875,1595.55029296875,310.3244323730469
375,15.0,17,2,car,0.7697216868400574,1421.4203491210938,422.54974365234375,1376.4532470703125,384.37738037109375,1466.387451171875,460.72210693359375
375,15.0,6,2,car,0.7597770094871521,1235.3804931640625,578.3162536621094,1163.23291015625,514.732421875,1307.528076171875,641.9000854492188
375,15.0,16,2,car,0.7232866883277893,1360.063720703125,369.8015441894531,1323.6552734375,341.1109313964844,1396.47216796875,398.4921569824219
375,15.0,13,2,car,0.6942289471626282,1268.7756958007812,300.71986389160156,1238.839599609375,278.2372131347656,1298.7117919921875,323.2025146484375
375,15.0,8,2,car,0.6737741827964783,1268.4296264648438,407.1592254638672,1224.9466552734375,366.1028137207031,1311.91259765625,448.21563720703125
375,15.0,19,2,car,0.5598905086517334,1036.1796264648438,254.90953826904297,1011.3013916015625,236.6056365966797,1061.057861328125,273.21343994140625
375,15.0,20,7,truck,0.5014476776123047,1855.3276977539062,447.8709411621094,1796.8271484375,393.6572570800781,1913.8282470703125,502.0846252441406
375,15.0,14,2,car,0.41942235827445984,1565.9564208984375,288.82598876953125,1538.9776611328125,267.6973571777344,1592.9351806640625,309.9546203613281
375,15.0,21,2,car,0.41262581944465637,959.592041015625,243.52422332763672,939.6275024414062,227.3224334716797,979.5565795898438,259.72601318359375
376,15.04,17,2,car,0.7942429780960083,1422.9345703125,424.61444091796875,1376.080078125,386.033935546875,1469.7890625,463.1949462890625
376,15.04,6,2,car,0.7458564043045044,1232.7313842773438,584.786865234375,1159.7720947265625,521.2203369140625,1305.690673828125,648.3533935546875
376,15.04,16,2,car,0.7278363108634949,1361.6138305664062,370.3210906982422,1325.8978271484375,340.9947204589844,1397.329833984375,399.6474609375
376,15.04,13,2,car,0.6640080809593201,1270.0081176757812,301.50425720214844,1240.132080078125,279.2923278808594,1299.8841552734375,323.7161865234375
376,15.04,8,2,car,0.6306830048561096,1269.3687744140625,407.7865905761719,1224.6654052734375,365.89251708984375,1314.0721435546875,449.6806640625
376,15.04,19,2,car,0.5505067706108093,1037.7817077636719,256.1391372680664,1013.1582641601562,237.1710662841797,1062.4051513671875,275.1072082519531
376,15.04,20,7,truck,0.5351498126983643,1852.872802734375,444.4748840332031,1794.6002197265625,390.7495422363281,1911.1453857421875,498.2002258300781
376,15.04,21,2,car,0.4845443367958069,961.9031982421875,242.0523223876953,943.575439453125,224.50979614257812,980.23095703125,259.5948486328125
376,15.04,14,2,car,0.4205208122730255,1563.9100341796875,287.2612762451172,1536.7529296875,264.739013671875,1591.067138671875,309.7835388183594
377,15.08,8,2,car,0.7780479788780212,1269.8438720703125,410.999267578125,1225.5400390625,369.7188720703125,1314.147705078125,452.2796630859375
377,15.08,6,2,car,0.7750425338745117,1231.145263671875,590.3855895996094,1158.390625,526.0105590820312,1303.89990234375,654.7606201171875
377,15.08,17,2,car,0.7515612244606018,1426.02685546875,426.66078186035156,1377.88330078125,384.5973815917969,1474.17041015625,468.72418212890625
377,15.08,13,2,car,0.696146547794342,1271.0387573242188,302.26654052734375,1240.8572998046875,279.77398681640625,1301.22021484375,324.75909423828125
377,15.08,16,2,car,0.6925438642501831,1363.371826171875,373.32362365722656,1326.3131103515625,342.4098815917969,1400.4305419921875,404.23736572265625
377,15.08,21,2,car,0.5904821753501892,963.5238647460938,241.7063980102539,944.6251831054688,223.7876739501953,982.4225463867188,259.6251220703125
377,15.08,14,2,car,0.5119000673294067,1562.2860107421875,287.41368103027344,1536.2938232421875,265.7323303222656,1588.2781982421875,309.09503173828125
377,15.08,20,7,truck,0.49850863218307495,1846.0396728515625,440.6441345214844,1787.0943603515625,388.6084899902344,1904.9849853515625,492.6797790527344
377,15.08,19,2,car,0.4840521216392517,1040.4112854003906,256.20082092285156,1015.6681518554688,237.27667236328125,1065.1544189453125,275.1249694824219
378,15.12,6,2,car,0.8350337743759155,1226.7413330078125,595.3668823242188,1154.0030517578125,530.8342895507812,1299.4796142578125,659.8994750976562
378,15.12,8,2,car,0.7406348586082458,1270.3545532226562,412.8613586425781,1226.612548828125,371.7893371582031,1314.0965576171875,453.9333801269531
378,15.12,13,2,car,0.6959034204483032,1273.21435546875,303.34910583496094,1243.74609375,281.61138916015625,1302.6826171875,325.0868225097656
378,15.12,16,2,car,0.6819278001785278,1366.6906127929688,374.73338317871094,1329.2142333984375,344.45697021484375,1404.1669921875,405.0097961425781
378,15.12,17,2,car,0.675153911113739,1426.8396606445312,430.7076416015625,1377.8642578125,389.6810302734375,1475.8150634765625,471.7342529296875
378,15.12,20,7,truck,0.5487526655197144,1840.5618896484375,436.83709716796875,1782.9803466796875,385.9787292480469,1898.1434326171875,487.6954650878906
378,15.12,21,2,car,0.5407862663269043,965.3367919921875,242.64153289794922,945.4039306640625,225.80348205566406,985.2696533203125,259.4795837402344
378,15.12,19,2,car,0.49224403500556946,1042.4617309570312,256.3449478149414,1019.5089111328125,238.9972686767578,1065.41455078125,273.692626953125
378,15.12,14,2,car,0.47968804836273193,1559.4039916992188,286.1861572265625,1534.184326171875,264.993896484375,1584.6236572265625,307.37841796875
379,15.16,6,2,car,0.8201877474784851,1224.0773315429688,602.18896484375,1150.2998046875,535.0471801757812,1297.8548583984375,669.3307495117188
379,15.16,17,2,car,0.7435852885246277,1430.7150268554688,434.14013671875,1381.8758544921875,393.09503173828125,1479.55419921875,475.18524169921875
379,15.16,8,2,car,0.7241641879081726,1270.9791259765625,414.87176513671875,1226.582275390625,373.1128234863281,1315.3759765625,456.6307067871094
379,15.16,16,2,car,0.7063595056533813,1369.4918823242188,376.9537658691406,1331.964599609375,346.4510498046875,1407.0191650390625,407.45648193359375
379,15.16,13,2,car,0.7053539156913757,1275.0746459960938,305.34288024902344,1244.3243408203125,284.052978515625,1305.824951171875,326.6327819824219
379,15.16,20,7,truck,0.5880545973777771,1835.9699096679688,435.6850891113281,1779.2659912109375,384.64288330078125,1892.673828125,486.727294921875
379,15.16,14,2,car,0.5800743103027344,1556.8319091796875,285.9943542480469,1530.63134765625,265.0348205566406,1583.032470703125,306.9538879394531
379,15.16,21,2,car,0.5385667085647583,966.65185546875,242.72401428222656,946.3062744140625,226.5977783203125,986.9974365234375,258.8502502441406
379,15.16,19,2,car,0.5235580205917358,1044.6950378417969,258.6884231567383,1021.6832885742188,240.79884338378906,1067.706787109375,276.5780029296875
380,15.2,6,2,car,0.8121288418769836,1220.5564575195312,607.5867309570312,1144.60498046875,540.0620727539062,1296.5079345703125,675.1113891601562
380,15.2,8,2,car,0.7347181439399719,1271.7639770507812,416.9403381347656,1226.9512939453125,375.31341552734375,1316.57666015625,458.5672607421875
380,15.2,17,2,car,0.7163200974464417,1430.3792114257812,436.9533233642578,1382.10693359375,395.68817138671875,1478.6514892578125,478.2184753417969
380,15.2,13,2,car,0.6510469913482666,1277.6422729492188,305.9441833496094,1248.66796875,284.6918640136719,1306.6165771484375,327.1965026855469
380,15.2,16,2,car,0.568940281867981,1370.2531127929688,379.2242431640625,1332.800537109375,348.1597595214844,1407.7056884765625,410.2887268066406
380,15.2,19,2,car,0.5400208234786987,1046.2197570800781,258.73343658447266,1021.8187866210938,240.97386169433594,1070.6207275390625,276.4930114746094
380,15.2,14,2,car,0.5041460990905762,1555.6375122070312,284.1725616455078,1527.5771484375,262.3572692871094,1583.6978759765625,305.98785400390625
380,15.2,21,2,car,0.49070143699645996,969.5630493164062,245.03260803222656,946.9053955078125,229.44827270507812,992.220703125,260.616943359375
380,15.2,20,7,truck,0.4649965763092041,1830.5562744140625,432.0121765136719,1774.505859375,381.7698669433594,1886.606689453125,482.2544860839844
380,15.2,18,2,car,0.42704686522483826,1293.6653442382812,252.07838439941406,1260.7174072265625,235.15951538085938,1326.61328125,268.99725341796875
381,15.24,6,2,car,0.7958352565765381,1216.464111328125,613.5570373535156,1138.4051513671875,544.9799194335938,1294.5230712890625,682.1341552734375
381,15.24,8,2,car,0.7316281795501709,1271.7884521484375,419.0339660644531,1226.4713134765625,376.6956787109375,1317.1055908203125,461.37225341796875
381,15.24,13,2,car,0.7251680493354797,1279.0675659179688,307.1410827636719,1249.09765625,285.6969299316406,1309.0374755859375,328.5852355957031
381,15.24,16,2,car,0.6688631176948547,1371.1943969726562,379.4784240722656,1333.60302734375,349.5527648925781,1408.7857666015625,409.4040832519531
381,15.24,17,2,car,0.6544594168663025,1432.873291015625,439.2865295410156,1384.677734375,398.24920654296875,1481.06884765625,480.3238525390625
381,15.24,19,2,car,0.5860035419464111,1047.7785949707031,259.9140625,1022.4485473632812,241.6732177734375,1073.108642578125,278.1549072265625
381,15.24,20,7,truck,0.577213704586029,1825.8973388671875,429.55023193359375,1771.496337890625,379.5989685058594,1880.29833984375,479.5014953613281
381,15.24,14,2,car,0.5685300230979919,1552.8920288085938,283.7954864501953,1524.2061767578125,261.5616760253906,1581.577880859375,306.029296875
381,15.24,18,2,car,0.39126336574554443,1292.9705200195312,252.31607818603516,1258.6893310546875,234.21482849121094,1327.251708984375,270.4173278808594
381,15.24,21,2,car,0.39013803005218506,971.17236328125,244.21604919433594,948.9790649414062,228.21560668945312,993.3656616210938,260.21649169921875
382,15.28,13,2,car,0.7790244221687317,1280.403076171875,308.40447998046875,1250.765625,286.4672546386719,1310.04052734375,330.3417053222656
382,15.28,6,2,car,0.7412779331207275,1214.0203247070312,620.8179321289062,1135.29248046875,552.0040283203125,1292.7481689453125,689.6318359375
382,15.28,8,2,car,0.7103046178817749,1273.700439453125,421.9270935058594,1226.6051025390625,380.319580078125,1320.7957763671875,463.53460693359375
382,15.28,20,7,truck,0.6269822716712952,1819.98486328125,425.9294128417969,1763.9176025390625,374.5886535644531,1876.0521240234375,477.2701721191406
382,15.28,16,2,car,0.6109217405319214,1373.0388793945312,382.11767578125,1334.62060546875,351.14666748046875,1411.4571533203125,413.08868408203125
382,15.28,17,2,car,0.6024903059005737,1434.6356811523438,440.20751953125,1384.70849609375,397.9371643066406,1484.5628662109375,482.4778747558594
382,15.28,14,2,car,0.5704411864280701,1546.8672485351562,282.7824401855469,1518.9322509765625,260.0158996582031,1574.80224609375,305.5489807128906
382,15.28,19,2,car,0.5560515522956848,1049.5140380859375,260.6381378173828,1025.1199951171875,241.24969482421875,1073.9080810546875,280.0265808105469
382,15.28,21,2,car,0.40087321400642395,972.7225341796875,242.71224975585938,951.1587524414062,225.68399047851562,994.2863159179688,259.7405090332031
382,15.28,18,2,car,0.3819054961204529,1291.6669311523438,252.61131286621094,1256.094482421875,233.85635375976562,1327.2393798828125,271.36627197265625
383,15.32,13,2,car,0.7520753741264343,1282.4957885742188,309.94944763183594,1252.9266357421875,286.7515869140625,1312.06494140625,333.1473083496094
383,15.32,6,2,car,0.7392141819000244,1211.49462890625,627.9026184082031,1131.9686279296875,556.8561401367188,1291.0206298828125,698.9490966796875
383,15.32,16,2,car,0.7043330073356628,1375.3179321289062,383.3866882324219,1337.2757568359375,352.248779296875,1413.360107421875,414.52459716796875
383,15.32,8,2,car,0.6804400086402893,1273.8800659179688,424.614990234375,1227.24560546875,383.00189208984375,1320.5145263671875,466.22808837890625
383,15.32,17,2,car,0.6125007271766663,1436.6068115234375,443.7653503417969,1388.45556640625,404.59075927734375,1484.758056640625,482.93994140625
383,15.32,14,2,car,0.5942374467849731,1544.1159057617188,281.9253234863281,1516.85791015625,259.8462829589844,1571.3739013671875,304.0043640136719
383,15.32,19,2,car,0.5557172298431396,1051.941650390625,261.69927978515625,1028.5133056640625,242.10855102539062,1075.3699951171875,281.2900085449219
383,15.32,20,7,truck,0.5178676247596741,1813.623779296875,424.68548583984375,1758.8536376953125,374.3178405761719,1868.3939208984375,475.0531311035156
383,15.32,21,2,car,0.4240690767765045,975.9541625976562,241.9043426513672,955.5106201171875,224.90359497070312,996.397705078125,258.90509033203125
383,15.32,18,2,car,0.3584214448928833,1287.1294555664062,252.70146942138672,1252.2301025390625,233.91920471191406,1322.02880859375,271.4837341308594
384,15.36,13,2,car,0.7752989530563354,1283.6434326171875,309.7791442871094,1255.362060546875,286.6287536621094,1311.9248046875,332.9295349121094
384,15.36,20,7,truck,0.7713371515274048,1808.7813110351562,422.03631591796875,1754.0823974609375,373.5978698730469,1863.480224609375,470.4747619628906
384,15.36,16,2,car,0.6908950805664062,1377.0726928710938,385.42071533203125,1338.8975830078125,354.4886169433594,1415.247802734375,416.3528137207031
384,15.36,17,2,car,0.6564636826515198,1438.4508666992188,447.4904479980469,1390.299072265625,407.2663879394531,1486.6026611328125,487.7145080566406
384,15.36,8,2,car,0.6471831202507019,1274.2566528320312,427.19232177734375,1227.8179931640625,384.13671875,1320.6953125,470.2479248046875
384,15.36,6,2,car,0.6260526180267334,1206.0938110351562,633.9393920898438,1125.8651123046875,561.2540283203125,1286.322509765625,706.624755859375
384,15.36,14,2,car,0.6204357147216797,1542.6942749023438,281.7789611816406,1516.235107421875,260.1085205078125,1569.1534423828125,303.44940185546875
384,15.36,19,2,car,0.5905620455741882,1054.4244995117188,260.8958053588867,1031.2354736328125,240.9862518310547,1077.613525390625,280.80535888671875
384,15.36,21,2,car,0.3585949242115021,978.1096801757812,244.2776107788086,958.6435546875,228.44642639160156,997.5758056640625,260.1087951660156
385,15.4,13,2,car,0.7856359481811523,1285.6470947265625,310.659912109375,1257.2242431640625,288.5686950683594,1314.0699462890625,332.7511291503906
385,15.4,17,2,car,0.7372015714645386,1439.2073364257812,451.01271057128906,1391.28955078125,410.920166015625,1487.1251220703125,491.1052551269531
385,15.4,6,2,car,0.7096672654151917,1202.31591796875,642.5768432617188,1120.7640380859375,569.8145751953125,1283.8677978515625,715.339111328125
385,15.4,16,2,car,0.6659210324287415,1378.8988037109375,389.35057067871094,1338.844482421875,357.9456481933594,1418.953125,420.7554931640625
385,15.4,8,2,car,0.635696530342102,1276.6904296875,429.3667449951172,1230.2120361328125,384.7059020996094,1323.1688232421875,474.027587890625
385,15.4,19,2,car,0.6198854446411133,1055.0075073242188,261.3226318359375,1031.8109130859375,241.82968139648438,1078.2041015625,280.8155822753906
385,15.4,14,2,car,0.5122926235198975,1541.0496826171875,281.30747985839844,1513.7706298828125,259.4725646972656,1568.3287353515625,303.14239501953125
385,15.4,20,7,truck,0.48675402998924255,1804.474365234375,418.3609619140625,1751.800048828125,371.0826721191406,1857.148681640625,465.6392517089844
385,15.4,21,2,car,0.3645780384540558,979.5576782226562,243.8019027709961,960.8193969726562,227.92808532714844,998.2959594726562,259.67572021484375
386,15.44,6,2,car,0.7899530529975891,1197.319091796875,649.9657897949219,1114.33056640625,576.4847412109375,1280.3076171875,723.4468383789062
386,15.44,13,2,car,0.7513031959533691,1287.6111450195312,310.370849609375,1259.239501953125,287.92999267578125,1315.9827880859375,332.81170654296875
386,15.44,17,2,car,0.6836787462234497,1440.88037109375,453.2068176269531,1391.517333984375,410.9057922363281,1490.243408203125,495.5078430175781
386,15.44,8,2,car,0.6743223071098328,1275.3214721679688,431.7542724609375,1227.5775146484375,387.3005676269531,1323.0654296875,476.2079772949219
386,15.44,16,2,car,0.6274554133415222,1381.5870971679688,391.4856262207031,1342.302001953125,359.2846984863281,1420.8721923828125,423.6865539550781
386,15.44,19,2,car,0.5847609043121338,1056.2744750976562,262.35916900634766,1032.371337890625,242.5115203857422,1080.1776123046875,282.2068176269531
386,15.44,20,7,truck,0.5581268668174744,1800.0076293945312,415.7683868408203,1747.813232421875,368.26666259765625,1852.2020263671875,463.2701110839844
386,15.44,21,2,car,0.4071282148361206,982.1779174804688,244.69468688964844,961.9927368164062,228.17669677734375,1002.3630981445312,261.2126770019531
386,15.44,14,2,car,0.3741384744644165,1538.6407470703125,281.30479431152344,1513.072265625,260.23992919921875,1564.209228515625,302.3696594238281
386,15.44,18,2,car,0.36905407905578613,1277.451904296875,250.79803466796875,1243.40234375,229.3724365234375,1311.50146484375,272.2236328125
387,15.48,6,2,car,0.8428601026535034,1193.3653564453125,657.33349609375,1109.0899658203125,581.93359375,1277.6407470703125,732.7333984375
387,15.48,13,2,car,0.7719436883926392,1288.9630737304688,311.0583953857422,1260.4141845703125,288.04766845703125,1317.511962890625,334.0691223144531
387,15.48,16,2,car,0.7533057332038879,1385.0360717773438,391.34161376953125,1344.4798583984375,360.60955810546875,1425.59228515625,422.07366943359375
387,15.48,17,2,car,0.7054343819618225,1441.6561279296875,454.9162902832031,1388.9652099609375,411.2095642089844,1494.3470458984375,498.6230163574219
387,15.48,8,2,car,0.6763039231300354,1277.11669921875,433.01861572265625,1229.38330078125,386.9385681152344,1324.85009765625,479.0986633300781
387,15.48,19,2,car,0.5897447466850281,1057.7031860351562,262.6102294921875,1034.229248046875,242.57061767578125,1081.1771240234375,282.64984130859375
387,15.48,20,7,truck,0.5687914490699768,1793.2327270507812,413.5816955566406,1740.8651123046875,364.7038879394531,1845.600341796875,462.4595031738281
387,15.48,14,2,car,0.550003170967102,1536.9828491210938,280.94915771484375,1511.16162109375,259.8045959472656,1562.8040771484375,302.0937194824219
387,15.48,21,2,car,0.42634958028793335,982.5107116699219,245.5662384033203,962.5579833984375,229.37493896484375,1002.4634399414062,261.7575378417969
387,15.48,18,2,car,0.38938474655151367,1274.9652099609375,250.0505599975586,1242.138427734375,228.13084411621094,1307.7919921875,271.97027587890625
388,15.52,17,2,car,0.8295198082923889,1442.9537353515625,456.9352111816406,1389.2344970703125,412.5960388183594,1496.6729736328125,501.2743835449219
388,15.52,6,2,car,0.8258750438690186,1190.0598754882812,664.4211120605469,1103.847412109375,586.2859497070312,1276.2723388671875,742.5562744140625
388,15.52,16,2,car,0.7525336742401123,1385.9022827148438,394.61883544921875,1345.8416748046875,362.59259033203125,1425.962890625,426.64508056640625
388,15.52,13,2,car,0.7409387826919556,1290.6729125976562,312.5212860107422,1261.691162109375,288.3523254394531,1319.6546630859375,336.69024658203125
388,15.52,8,2,car,0.7130836248397827,1276.6787109375,435.2553405761719,1228.713134765625,389.373046875,1324.644287109375,481.13763427734375
388,15.52,14,2,car,0.6190573573112488,1532.9197387695312,280.1643371582031,1506.9962158203125,259.3200988769531,1558.84326171875,301.0085754394531
388,15.52,20,7,truck,0.487973153591156,1789.0894775390625,409.71824645996094,1736.1617431640625,362.9295349121094,1842.0172119140625,456.5069580078125
388,15.52,19,2,car,0.48337656259536743,1059.283203125,264.60008239746094,1033.4931640625,243.54254150390625,1085.0732421875,285.6576232910156
388,15.52,21,2,car,0.4806065559387207,984.359619140625,245.4671173095703,963.9918823242188,228.95599365234375,1004.7273559570312,261.9782409667969
388,15.52,11,2,car,0.36214324831962585,1318.263916015625,264.91162109375,1289.5714111328125,247.34423828125,1346.9564208984375,282.47900390625
389,15.56,6,2,car,0.8522623777389526,1184.7014770507812,672.9483642578125,1096.6268310546875,594.9652099609375,1272.776123046875,750.9315185546875
389,15.56,17,2,car,0.8013167977333069,1445.83203125,460.53785705566406,1393.55029296875,417.1513366699219,1498.11376953125,503.92437744140625
389,15.56,16,2,car,0.7774903774261475,1388.21044921875,396.34442138671875,1347.8701171875,363.71612548828125,1428.55078125,428.97271728515625
389,15.56,13,2,car,0.720433235168457,1292.693359375,313.2061309814453,1262.060546875,288.67340087890625,1323.326171875,337.7388610839844
389,15.56,8,2,car,0.6672826409339905,1276.6858520507812,437.348876953125,1228.9156494140625,392.0109558105469,1324.4560546875,482.6867980957031
389,15.56,14,2,car,0.5492064952850342,1529.7518920898438,277.86253356933594,1503.3515625,256.44061279296875,1556.1522216796875,299.2844543457031
389,15.56,21,2,car,0.5381348133087158,986.7050170898438,246.05950927734375,964.1348876953125,230.4656982421875,1009.275146484375,261.6533203125
389,15.56,19,2,car,0.5305087566375732,1060.4520263671875,264.51273345947266,1037.9227294921875,243.1239776611328,1082.9813232421875,285.9014892578125
389,15.56,20,7,truck,0.46981874108314514,1782.6199951171875,407.1775817871094,1730.5341796875,359.5894775390625,1834.705810546875,454.76568603515625
390,15.6,6,2,car,0.8664421439170837,1179.2125244140625,681.7334289550781,1090.13037109375,601.8138427734375,1268.294677734375,761.6530151367188
390,15.6,17,2,car,0.8467811942100525,1447.2377319335938,464.4270935058594,1394.6407470703125,422.14447021484375,1499.834716796875,506.709716796875
390,15.6,16,2,car,0.8171327710151672,1389.8134155273438,397.9339599609375,1348.9639892578125,365.2691345214844,1430.662841796875,430.5987854003906
390,15.6,13,2,car,0.667210042476654,1295.237548828125,315.27857971191406,1264.711669921875,292.54730224609375,1325.763427734375,338.0098571777344
390,15.6,8,2,car,0.5946256518363953,1276.8673095703125,440.4811248779297,1228.921142578125,395.3793640136719,1324.8134765625,485.5828857421875
390,15.6,19,2,car,0.5408120155334473,1062.8197631835938,264.73030853271484,1039.80908203125,243.68614196777344,1085.8304443359375,285.77447509765625
390,15.6,21,2,car,0.5076080560684204,988.7796020507812,244.6098175048828,967.959228515625,228.85491943359375,1009.5999755859375,260.3647155761719
390,15.6,20,7,truck,0.46301746368408203,1779.430419921875,407.3620910644531,1728.223876953125,361.0960998535156,1830.636962890625,453.6280822753906
390,15.6,14,2,car,0.4196731448173523,1528.6058349609375,277.9555358886719,1502.61181640625,256.5594787597656,1554.599853515625,299.3515930175781
390,15.6,18,2,car,0.381599098443985,1268.680419921875,249.9588165283203,1235.443115234375,227.8695068359375,1301.917724609375,272.0481262207031
391,15.64,16,2,car,0.8046671152114868,1390.0760498046875,400.1934814453125,1350.2275390625,367.3072814941406,1429.924560546875,433.0796813964844
391,15.64,6,2,car,0.7805261611938477,1174.1714477539062,690.1486511230469,1084.1544189453125,608.1768188476562,1264.1884765625,772.1204833984375
391,15.64,17,2,car,0.7659382224082947,1450.099853515625,466.7817840576172,1397.5020751953125,422.5755920410156,1502.6976318359375,510.98797607421875
391,15.64,13,2,car,0.6841244101524353,1296.7526245117188,315.7213439941406,1266.0562744140625,292.858154296875,1327.448974609375,338.58453369140625
391,15.64,8,2,car,0.568718433380127,1277.3348999023438,441.97613525390625,1228.7271728515625,396.70074462890625,1325.942626953125,487.25152587890625
391,15.64,19,2,car,0.5141106843948364,1065.4923706054688,265.04493713378906,1042.3209228515625,244.06924438476562,1088.663818359375,286.0206298828125
391,15.64,20,7,truck,0.49456337094306946,1773.8668212890625,403.2338562011719,1724.6832275390625,357.1520690917969,1823.0504150390625,449.3156433105469
391,15.64,21,2,car,0.4562523365020752,990.7886352539062,243.17774200439453,969.9239501953125,226.5490264892578,1011.6533203125,259.80645751953125
391,15.64,14,2,car,0.431234747171402,1526.0945434570312,277.5549011230469,1500.0860595703125,256.1816711425781,1552.10302734375,298.9281311035156
391,15.64,18,2,car,0.42163971066474915,1266.6717529296875,250.15731048583984,1234.080078125,228.48143005371094,1299.263427734375,271.83319091796875
392,15.68,17,2,car,0.799095094203949,1451.382568359375,468.8622741699219,1398.333251953125,423.49859619140625,1504.431884765625,514.2259521484375
392,15.68,16,2,car,0.7880278825759888,1392.6757202148438,400.95802307128906,1353.08837890625,367.7217712402344,1432.2630615234375,434.19427490234375
392,15.68,6,2,car,0.7566112279891968,1170.219482421875,697.6432495117188,1078.565673828125,616.4927368164062,1261.873291015625,778.7937622070312
392,15.68,8,2,car,0.6876999139785767,1278.7845458984375,444.86663818359375,1228.845947265625,399.0616149902344,1328.72314453125,490.6716613769531
392,15.68,13,2,car,0.6811774969100952,1298.3134765625,316.6299133300781,1267.2679443359375,293.4877624511719,1329.3590087890625,339.7720642089844
392,15.68,14,2,car,0.5824436545372009,1523.8969116210938,277.16859436035156,1498.4443359375,255.56680297851562,1549.3494873046875,298.7703857421875
392,15.68,21,2,car,0.5653685331344604,992.7997741699219,244.70342254638672,971.3089599609375,228.1033172607422,1014.2905883789062,261.30352783203125
392,15.68,19,2,car,0.5607356429100037,1067.87744140625,265.6401824951172,1043.870361328125,245.3919677734375,1091.884521484375,285.8883972167969
392,15.68,18,2,car,0.5123096704483032,1264.273681640625,248.85900115966797,1232.558349609375,226.07542419433594,1295.989013671875,271.642578125
392,15.68,20,7,truck,0.3601890504360199,1769.6806640625,401.0054473876953,1720.0341796875,354.3413391113281,1819.3271484375,447.6695556640625
393,15.72,16,2,car,0.8531038165092468,1395.4853515625,403.09698486328125,1355.5714111328125,369.5700988769531,1435.3992919921875,436.6238708496094
393,15.72,17,2,car,0.7989868521690369,1451.4633178710938,473.04286193847656,1398.5137939453125,427.3460998535156,1504.412841796875,518.7396240234375
393,15.72,6,2,car,0.7356773018836975,1162.83251953125,707.1097412109375,1070.21337890625,624.5740356445312,1255.45166015625,789.6454467773438
393,15.72,13,2,car,0.7302989363670349,1299.4252319335938,317.5109558105469,1267.8482666015625,295.1108093261719,1331.002197265625,339.9111022949219
393,15.72,8,2,car,0.6798878908157349,1278.4423828125,448.55015563964844,1228.4805908203125,401.26348876953125,1328.4041748046875,495.8368225097656
393,15.72,14,2,car,0.6536387205123901,1521.69873046875,276.97718811035156,1495.4326171875,255.6240234375,1547.96484375,298.3303527832031
393,15.72,18,2,car,0.5079472661018372,1262.3849487304688,248.16719818115234,1230.867919921875,224.8494110107422,1293.9019775390625,271.4849853515625
393,15.72,19,2,car,0.4962977468967438,1068.801025390625,265.30297088623047,1045.5169677734375,245.4839630126953,1092.0850830078125,285.1219787597656
393,15.72,21,2,car,0.4960182011127472,993.81005859375,245.43955993652344,972.1336669921875,228.06536865234375,1015.4864501953125,262.8137512207031
393,15.72,20,7,truck,0.4383296072483063,1764.0770263671875,398.38128662109375,1714.2906494140625,354.4638977050781,1813.8634033203125,442.2986755371094
394,15.76,16,2,car,0.8390451669692993,1396.4475708007812,404.5740966796875,1357.272705078125,372.0099792480469,1435.6224365234375,437.1382141113281
394,15.76,17,2,car,0.7790820002555847,1453.3306274414062,474.2418212890625,1401.424072265625,427.40142822265625,1505.2371826171875,521.0822143554688
394,15.76,13,2,car,0.7444798350334167,1301.21826171875,319.1388397216797,1269.7069091796875,296.3102722167969,1332.7296142578125,341.9674072265625
394,15.76,8,2,car,0.6085854768753052,1278.2854614257812,451.6269836425781,1228.075927734375,404.23773193359375,1328.4949951171875,499.0162353515625
394,15.76,6,2,car,0.6083272099494934,1157.6692504882812,715.9078674316406,1064.2940673828125,629.9368286132812,1251.04443359375,801.87890625
394,15.76,19,2,car,0.5869266986846924,1070.080078125,266.4736099243164,1045.5340576171875,246.9423065185547,1094.6260986328125,286.0049133300781
394,15.76,20,7,truck,0.5335631966590881,1758.73388671875,396.41761779785156,1710.053466796875,352.1627197265625,1807.414306640625,440.6725158691406
394,15.76,14,2,car,0.5226315259933472,1519.2634887695312,276.4075469970703,1491.669921875,255.36245727539062,1546.8570556640625,297.45263671875
394,15.76,18,2,car,0.455830454826355,1260.2630004882812,247.19357299804688,1226.0975341796875,223.85650634765625,1294.428466796875,270.5306396484375
394,15.76,21,2,car,0.43382179737091064,995.8273315429688,245.30510711669922,973.6737670898438,228.82200622558594,1017.9808959960938,261.7882080078125
395,15.8,16,2,car,0.8020234704017639,1399.975341796875,406.41522216796875,1357.494140625,373.7822570800781,1442.45654296875,439.0481872558594
395,15.8,13,2,car,0.7857757806777954,1304.0338745117188,320.0872497558594,1272.0594482421875,296.626953125,1336.00830078125,343.54754638671875
395,15.8,17,2,car,0.7620988488197327,1454.7818603515625,478.7948913574219,1400.6053466796875,432.5079345703125,1508.9583740234375,525.0818481445312
395,15.8,6,2,car,0.7431195378303528,1151.1536254882812,725.0567626953125,1054.9293212890625,638.5515747070312,1247.3779296875,811.5619506835938
395,15.8,8,2,car,0.5609226226806641,1278.0888061523438,453.6675109863281,1228.1202392578125,406.8800354003906,1328.057373046875,500.4549865722656
395,15.8,19,2,car,0.4994156062602997,1071.2631225585938,266.016357421875,1047.1241455078125,246.87945556640625,1095.402099609375,285.15325927734375
395,15.8,20,7,truck,0.45803365111351013,1754.8785400390625,395.19862365722656,1705.478515625,351.4447021484375,1804.278564453125,438.9525451660156
395,15.8,21,2,car,0.4137415885925293,996.8895263671875,245.82691955566406,974.3642578125,229.8541259765625,1019.414794921875,261.7997131347656
396,15.84,13,2,car,0.8385814428329468,1305.1185302734375,321.3722839355469,1273.53857421875,298.3113708496094,1336.698486328125,344.4331970214844
396,15.84,6,2,car,0.8155856132507324,1145.654541015625,735.3331298828125,1048.4490966796875,649.2199096679688,1242.8599853515625,821.4463500976562
396,15.84,16,2,car,0.7585770487785339,1401.8693237304688,408.6317138671875,1358.6705322265625,375.30047607421875,1445.068115234375,441.96295166015625
396,15.84,17,2,car,0.7266769409179688,1455.996826171875,481.25389099121094,1401.0201416015625,434.0910949707031,1510.9735107421875,528.4166870117188
396,15.84,8,2,car,0.6979550719261169,1277.7946166992188,456.193359375,1228.0828857421875,408.54840087890625,1327.50634765625,503.83831787109375
396,15.84,19,2,car,0.5455312132835388,1072.54541015625,265.9180221557617,1048.6212158203125,246.8418731689453,1096.4696044921875,284.9941711425781
396,15.84,20,7,truck,0.5285069942474365,1749.4893798828125,390.9133605957031,1703.385986328125,347.279052734375,1795.5927734375,434.54766845703125
396,15.84,14,2,car,0.44161760807037354,1518.3790893554688,276.23191833496094,1491.784912109375,255.19381713867188,1544.9732666015625,297.27001953125
396,15.84,21,2,car,0.3597065806388855,999.6671447753906,247.63233184814453,977.8670654296875,231.4731903076172,1021.4672241210938,263.7914733886719
397,15.88,13,2,car,0.8187937140464783,1306.49609375,323.0459289550781,1275.65087890625,300.1462097167969,1337.34130859375,345.9456481933594
397,15.88,6,2,car,0.8169084787368774,1139.8878784179688,745.9117736816406,1040.7708740234375,655.3446044921875,1239.0048828125,836.4789428710938
397,15.88,17,2,car,0.7892380356788635,1458.851806640625,484.1139221191406,1403.2298583984375,437.830078125,1514.4737548828125,530.3977661132812
397,15.88,8,2,car,0.7493366599082947,1278.4935302734375,458.89117431640625,1227.711181640625,410.2080993652344,1329.27587890625,507.5742492675781
397,15.88,16,2,car,0.7060945630073547,1403.7279663085938,411.3299560546875,1360.96728515625,377.723876953125,1446.4886474609375,444.93603515625
397,15.88,14,2,car,0.5140985250473022,1516.6395263671875,275.028076171875,1490.02587890625,254.10772705078125,1543.253173828125,295.94842529296875
397,15.88,20,7,truck,0.507392168045044,1743.9569091796875,389.7204284667969,1695.1768798828125,345.8110046386719,1792.7369384765625,433.6298522949219
397,15.88,19,2,car,0.4679936170578003,1075.0905151367188,265.34204864501953,1052.0245361328125,246.7434539794922,1098.156494140625,283.9406433105469
397,15.88,18,2,car,0.3906271159648895,1254.3756713867188,246.5151138305664,1220.62060546875,222.40040588378906,1288.1307373046875,270.62982177734375
398,15.92,6,2,car,0.8511542677879333,1132.7369384765625,757.3657836914062,1032.1307373046875,667.0264892578125,1233.3431396484375,847.705078125
398,15.92,13,2,car,0.8378349542617798,1307.1856079101562,323.42144775390625,1275.6217041015625,299.630126953125,1338.74951171875,347.2127685546875
398,15.92,17,2,car,0.7896938323974609,1460.3369750976562,487.35377502441406,1404.7869873046875,440.8829040527344,1515.886962890625,533.8246459960938
398,15.92,8,2,car,0.7603453993797302,1278.3132934570312,461.46112060546875,1227.31787109375,411.8521728515625,1329.3087158203125,511.070068359375
398,15.92,16,2,car,0.671947717666626,1406.3327026367188,413.6041259765625,1362.787841796875,379.47637939453125,1449.8775634765625,447.73187255859375
398,15.92,14,2,car,0.576976478099823,1513.7127685546875,274.8628158569336,1485.1314697265625,254.28968811035156,1542.2940673828125,295.4359436035156
398,15.92,21,2,car,0.4749188721179962,1003.0504760742188,249.6488800048828,979.916748046875,229.8240966796875,1026.1842041015625,269.4736633300781
398,15.92,19,2,car,0.4180528223514557,1078.08935546875,265.4043273925781,1055.0386962890625,247.37786865234375,1101.1400146484375,283.4307861328125
398,15.92,18,2,car,0.36910825967788696,1252.6986083984375,246.84818267822266,1219.6090087890625,223.6365509033203,1285.7882080078125,270.059814453125
399,15.96,6,2,car,0.7826912999153137,1126.0974731445312,767.7386169433594,1023.4927978515625,675.4808349609375,1228.7021484375,859.9963989257812
399,15.96,13,2,car,0.7537908554077148,1308.8217163085938,324.3118133544922,1277.630615234375,300.15869140625,1340.0128173828125,348.4649353027344
399,15.96,16,2,car,0.7290699481964111,1407.2246704101562,416.31793212890625,1364.43017578125,381.72784423828125,1450.0191650390625,450.90802001953125
399,15.96,17,2,car,0.7146500945091248,1465.19921875,491.5271301269531,1407.618408203125,443.32122802734375,1522.780029296875,539.7330322265625
399,15.96,8,2,car,0.6975859999656677,1277.9228515625,464.0348358154297,1226.7972412109375,414.7616271972656,1329.0484619140625,513.3080444335938
399,15.96,19,2,car,0.5340925455093384,1078.8257446289062,265.8341598510742,1055.0526123046875,246.98841857910156,1102.598876953125,284.6799011230469
399,15.96,21,2,car,0.5135600566864014,1004.1347961425781,249.2972640991211,981.1627807617188,229.49034118652344,1027.1068115234375,269.10418701171875
399,15.96,20,7,truck,0.47489285469055176,1735.2139892578125,386.38026428222656,1687.2315673828125,343.39190673828125,1783.1964111328125,429.3686218261719
399,15.96,14,2,car,0.4142294228076935,1511.6843872070312,274.36019134521484,1481.148681640625,254.3503875732422,1542.2200927734375,294.3699951171875
399,15.96,18,2,car,0.35395699739456177,1249.6604614257812,247.82186126708984,1215.979248046875,224.72535705566406,1283.3416748046875,270.9183654785156
400,16.0,6,2,car,0.8096200823783875,1118.7406921386719,776.8128662109375,1013.5647583007812,682.9905395507812,1223.9166259765625,870.6351928710938
400,16.0,8,2,car,0.7865799069404602,1277.732421875,467.6850280761719,1225.8623046875,418.032470703125,1329.6025390625,517.3375854492188
400,16.0,13,2,car,0.761914849281311,1310.1578979492188,324.732421875,1278.8221435546875,300.1358642578125,1341.49365234375,349.3289794921875
400,16.0,17,2,car,0.7592732310295105,1467.7969970703125,495.3428955078125,1409.059326171875,445.5849609375,1526.53466796875,545.100830078125
400,16.0,16,2,car,0.7465419769287109,1408.8544311523438,418.6766357421875,1365.1627197265625,383.6078186035156,1452.546142578125,453.7454528808594
400,16.0,19,2,car,0.5436679124832153,1081.046142578125,265.1411819458008,1056.8758544921875,245.0335235595703,1105.2164306640625,285.24884033203125
400,16.0,21,2,car,0.5099148750305176,1005.23583984375,249.22026824951172,982.7237548828125,228.2560272216797,1027.7479248046875,270.18450927734375
400,16.0,14,2,car,0.40821653604507446,1509.0818481445312,273.99220275878906,1477.068603515625,253.75213623046875,1541.0950927734375,294.2322692871094
400,16.0,20,7,truck,0.4000599682331085,1730.52392578125,384.6920471191406,1684.3798828125,342.1700134277344,1776.66796875,427.2140808105469
400,16.0,18,2,car,0.3756188154220581,1248.6697998046875,246.5544662475586,1212.4874267578125,224.68226623535156,1284.8521728515625,268.4266662597656
401,16.04,8,2,car,0.8016092777252197,1278.6354370117188,472.1197814941406,1225.097900390625,422.79400634765625,1332.1729736328125,521.445556640625
401,16.04,6,2,car,0.7902888655662537,1111.4186706542969,789.7342224121094,1005.2319946289062,694.1902465820312,1217.6053466796875,885.2781982421875
401,16.04,13,2,car,0.7801606059074402,1313.6275634765625,325.35643005371094,1281.2530517578125,300.0762023925781,1346.0020751953125,350.63665771484375
401,16.04,17,2,car,0.7677558064460754,1465.1127319335938,497.82627868652344,1407.835693359375,448.2153625488281,1522.3897705078125,547.4371948242188
401,16.04,16,2,car,0.7479297518730164,1411.7391357421875,420.79454040527344,1368.6639404296875,385.4453430175781,1454.8143310546875,456.14373779296875
401,16.04,21,2,car,0.5467929244041443,1007.5584411621094,250.0535125732422,987.0250854492188,229.89505004882812,1028.091796875,270.21197509765625
401,16.04,19,2,car,0.4540454149246216,1082.0435791015625,266.63507080078125,1058.0421142578125,247.27752685546875,1106.0450439453125,285.99261474609375
401,16.04,18,2,car,0.41071659326553345,1247.9146118164062,244.78683471679688,1210.313720703125,223.23458862304688,1285.5155029296875,266.3390808105469
401,16.04,20,7,truck,0.4025459289550781,1727.3023681640625,382.51856994628906,1681.049560546875,341.0636291503906,1773.55517578125,423.9735107421875
401,16.04,14,2,car,0.3564450442790985,1507.2799682617188,275.33702087402344,1473.293701171875,255.44073486328125,1541.2662353515625,295.2333068847656
402,16.08,6,2,car,0.8699195384979248,1101.1246948242188,800.970947265625,992.014892578125,702.4135131835938,1210.2344970703125,899.5283813476562
402,16.08,17,2,car,0.7963653206825256,1467.2566528320312,500.1973876953125,1409.0108642578125,449.0263671875,1525.50244140625,551.368408203125
402,16.08,16,2,car,0.7648066282272339,1414.6030883789062,422.5526580810547,1371.2808837890625,387.35736083984375,1457.92529296875,457.7479553222656
402,16.08,13,2,car,0.7324227094650269,1314.8604736328125,326.78558349609375,1282.72119140625,301.5665588378906,1346.999755859375,352.0046081542969
402,16.08,8,2,car,0.7115676403045654,1277.5794067382812,475.0252990722656,1224.6514892578125,424.8489990234375,1330.50732421875,525.2015991210938
402,16.08,21,2,car,0.5801921486854553,1008.9627075195312,250.82506561279297,987.7103271484375,231.9575653076172,1030.215087890625,269.69256591796875
402,16.08,18,2,car,0.4367651641368866,1256.0208740234375,247.3453826904297,1210.0548095703125,222.9212646484375,1301.9869384765625,271.7695007324219
402,16.08,20,7,truck,0.42561233043670654,1724.398681640625,380.985107421875,1677.4486083984375,339.4790344238281,1771.3487548828125,422.4911804199219
403,16.12,6,2,car,0.8049553036689758,1094.6463623046875,815.3079223632812,983.4388427734375,717.3574829101562,1205.8538818359375,913.2583618164062
403,16.12,16,2,car,0.7939502000808716,1415.36181640625,422.8155059814453,1371.178466796875,387.3033447265625,1459.545166015625,458.3276672363281
403,16.12,17,2,car,0.7677205801010132,1469.4658203125,504.45912170410156,1408.898193359375,452.4267883300781,1530.033447265625,556.491455078125
403,16.12,13,2,car,0.7626925110816956,1316.2891235351562,327.7210235595703,1285.1881103515625,302.57757568359375,1347.39013671875,352.8644714355469
403,16.12,8,2,car,0.7322917580604553,1276.5320434570312,476.0618591308594,1224.3544921875,426.13970947265625,1328.7095947265625,525.9840087890625
403,16.12,21,2,car,0.5731051564216614,1010.2895202636719,250.63420867919922,989.3908081054688,232.0155487060547,1031.188232421875,269.25286865234375
403,16.12,18,2,car,0.44637858867645264,1253.7557373046875,249.5011749267578,1205.0972900390625,222.653564453125,1302.4141845703125,276.3487854003906
404,16.16,6,2,car,0.8671976923942566,1087.159423828125,826.3165283203125,974.366455078125,724.8255615234375,1199.952392578125,927.8074951171875
404,16.16,17,2,car,0.8363013863563538,1471.8190307617188,507.9161376953125,1409.941650390625,456.3524169921875,1533.6964111328125,559.4798583984375
404,16.16,13,2,car,0.7516133189201355,1317.185791015625,329.21734619140625,1285.8399658203125,303.0787658691406,1348.5316162109375,355.3559265136719
404,16.16,8,2,car,0.7370782494544983,1276.0726928710938,479.7829284667969,1223.41357421875,429.05731201171875,1328.7318115234375,530.508544921875
404,16.16,16,2,car,0.7010068297386169,1416.5813598632812,425.2480773925781,1372.22900390625,389.4009704589844,1460.9337158203125,461.0951843261719
404,16.16,21,2,car,0.5718464851379395,1011.9973449707031,251.78695678710938,990.8643188476562,231.85125732421875,1033.13037109375,271.72265625
404,16.16,18,2,car,0.5278996229171753,1239.1500854492188,246.49127197265625,1206.2960205078125,222.60214233398438,1272.004150390625,270.3804016113281
404,16.16,20,7,truck,0.4410727918148041,1714.0546875,375.8914489746094,1667.67626953125,334.7461853027344,1760.43310546875,417.0367126464844
405,16.2,6,2,car,0.8485497832298279,1078.0881958007812,838.7077331542969,962.9959716796875,734.1688842773438,1193.180419921875,943.24658203125
405,16.2,17,2,car,0.8266269564628601,1472.9227905273438,514.3588256835938,1412.9571533203125,461.3741455078125,1532.888427734375,567.343505859375
405,16.2,13,2,car,0.7512649297714233,1318.9803466796875,329.5074005126953,1286.3826904296875,302.85772705078125,1351.5780029296875,356.1570739746094
405,16.2,8,2,car,0.7100840210914612,1275.7883911132812,483.651611328125,1221.909912109375,431.340087890625,1329.6668701171875,535.963134765625
405,16.2,16,2,car,0.6875241994857788,1417.9060668945312,428.52674865722656,1374.089599609375,392.3069763183594,1461.7225341796875,464.74652099609375
405,16.2,18,2,car,0.5149972438812256,1236.0956420898438,245.889404296875,1205.3167724609375,222.26220703125,1266.87451171875,269.5166015625
405,16.2,21,2,car,0.42054492235183716,1014.720947265625,252.33292388916016,991.6710205078125,232.60020446777344,1037.7708740234375,272.0656433105469
405,16.2,20,7,truck,0.40312689542770386,1708.9508056640625,375.58445739746094,1664.57080078125,335.9751281738281,1753.330810546875,415.19378662109375
406,16.24,6,2,car,0.8639509081840515,1067.7908630371094,853.6914978027344,948.3916625976562,746.8497314453125,1187.1900634765625,960.5332641601562
406,16.24,17,2,car,0.8329144716262817,1474.017822265625,519.1678009033203,1414.058837890625,467.5106506347656,1533.976806640625,570.824951171875
406,16.24,13,2,car,0.7719710469245911,1321.23974609375,331.9351348876953,1286.920654296875,307.2978820800781,1355.558837890625,356.5723876953125
406,16.24,8,2,car,0.7007170915603638,1275.9356689453125,484.40289306640625,1222.5413818359375,431.92236328125,1329.3299560546875,536.8834228515625
406,16.24,16,2,car,0.6874534487724304,1422.4744873046875,432.2937927246094,1377.3717041015625,396.6735534667969,1467.5772705078125,467.9140319824219
406,16.24,18,2,car,0.5152902007102966,1236.7620849609375,246.13004302978516,1204.556396484375,221.90208435058594,1268.9677734375,270.3580017089844
407,16.28,6,2,car,0.88729327917099,1057.6917724609375,869.006103515625,937.4051513671875,759.142822265625,1177.9783935546875,978.869384765625
407,16.28,17,2,car,0.8189693689346313,1473.5794677734375,522.8077697753906,1413.8782958984375,469.9031982421875,1533.2806396484375,575.7123413085938
407,16.28,13,2,car,0.7493833303451538,1323.2247314453125,333.3156433105469,1288.859619140625,307.7513427734375,1357.58984375,358.87994384765625
407,16.28,16,2,car,0.7443113923072815,1423.79052734375,435.67071533203125,1377.4578857421875,399.2784118652344,1470.1231689453125,472.0630187988281
407,16.28,8,2,car,0.6986411213874817,1274.3396606445312,487.9346008300781,1219.648193359375,434.49407958984375,1329.0311279296875,541.3751220703125
407,16.28,20,7,truck,0.5161259174346924,1701.2098388671875,371.6243133544922,1657.114013671875,332.62445068359375,1745.3056640625,410.6241760253906
407,16.28,18,2,car,0.43226462602615356,1245.7175903320312,248.2458038330078,1201.0902099609375,221.99282836914062,1290.344970703125,274.498779296875
408,16.32,6,2,car,0.8398075699806213,1048.023193359375,882.7298583984375,925.363037109375,769.8008422851562,1170.683349609375,995.6588745117188
408,16.32,17,2,car,0.8032897114753723,1475.203857421875,525.7799224853516,1413.0853271484375,473.0135192871094,1537.3223876953125,578.5463256835938
408,16.32,16,2,car,0.7680717706680298,1426.13330078125,438.4942932128906,1377.93603515625,400.9377136230469,1474.33056640625,476.0508728027344
408,16.32,13,2,car,0.7657267451286316,1323.895751953125,335.57366943359375,1289.5301513671875,310.9944152832031,1358.2613525390625,360.1529235839844
408,16.32,8,2,car,0.6641139388084412,1275.16357421875,491.9320068359375,1219.4788818359375,436.73565673828125,1330.8482666015625,547.1283569335938
408,16.32,22,2,car,0.5035030245780945,1897.78564453125,401.1109313964844,1876.4326171875,362.2918395996094,1919.138671875,439.9300231933594
408,16.32,20,7,truck,0.503283679485321,1694.4796142578125,368.3858642578125,1649.430908203125,328.4565124511719,1739.5283203125,408.3152160644531
408,16.32,18,2,car,0.4514709413051605,1239.9376220703125,248.74396514892578,1195.905517578125,222.5010223388672,1283.9697265625,274.9869079589844
408,16.32,19,2,car,0.42914557456970215,1096.7982177734375,272.00221252441406,1070.49853515625,251.580322265625,1123.097900390625,292.4241027832031
408,16.32,21,2,car,0.36774930357933044,1024.322265625,255.76382446289062,996.854248046875,237.8023681640625,1051.790283203125,273.72528076171875
409,16.36,6,2,car,0.8514765501022339,1038.2442321777344,900.5635070800781,912.5106811523438,785.4647827148438,1163.977783203125,1015.6622314453125
409,16.36,17,2,car,0.796461284160614,1476.0300903320312,528.4238739013672,1414.804443359375,473.9354553222656,1537.2557373046875,582.9122924804688
409,16.36,13,2,car,0.7434561848640442,1327.1561279296875,336.6581573486328,1292.835205078125,312.81842041015625,1361.47705078125,360.4978942871094
409,16.36,16,2,car,0.7301143407821655,1427.5097045898438,440.9917449951172,1380.3160400390625,404.4893493652344,1474.703369140625,477.494140625
409,16.36,20,7,truck,0.6706297993659973,1691.8055419921875,367.38999938964844,1648.60400390625,329.2253723144531,1735.007080078125,405.55462646484375
409,16.36,8,2,car,0.6479220390319824,1273.51611328125,495.3503723144531,1217.590576171875,441.19647216796875,1329.441650390625,549.5042724609375
409,16.36,22,2,car,0.5951848030090332,1895.7280883789062,400.41998291015625,1872.32080078125,362.036865234375,1919.1353759765625,438.8031005859375
409,16.36,21,2,car,0.5737614631652832,1024.8778991699219,256.54151916503906,998.9657592773438,238.84689331054688,1050.7900390625,274.23614501953125
409,16.36,18,2,car,0.49099406599998474,1239.6283569335938,248.72663116455078,1193.135498046875,222.66395568847656,1286.1212158203125,274.789306640625
410,16.4,6,2,car,0.8399555087089539,1024.441650390625,915.620361328125,893.0408935546875,797.4100341796875,1155.8424072265625,1033.8306884765625
410,16.4,17,2,car,0.7854132652282715,1477.932861328125,535.4964141845703,1415.243408203125,480.1996765136719,1540.622314453125,590.7931518554688
410,16.4,13,2,car,0.7649417519569397,1328.161865234375,336.6349792480469,1294.1968994140625,311.5898742675781,1362.1268310546875,361.6800842285156
410,16.4,16,2,car,0.7146750688552856,1428.13916015625,442.65480041503906,1380.6390380859375,406.05682373046875,1475.6392822265625,479.2527770996094
410,16.4,22,2,car,0.6853654980659485,1894.2079467773438,398.50184631347656,1869.1842041015625,361.03118896484375,1919.231689453125,435.9725036621094
410,16.4,8,2,car,0.6328157186508179,1271.9915771484375,499.4834442138672,1215.7635498046875,445.8012390136719,1328.2196044921875,553.1656494140625
410,16.4,21,2,car,0.5704404711723328,1026.408935546875,257.0186767578125,1001.937744140625,239.792236328125,1050.880126953125,274.2451171875
410,16.4,20,7,truck,0.4460417330265045,1686.3678588867188,365.9933166503906,1643.7396240234375,327.94281005859375,1728.99609375,404.0438232421875
410,16.4,19,2,car,0.4120677411556244,1099.4468383789062,272.81433868408203,1073.13818359375,253.03382873535156,1125.7554931640625,292.5948486328125
410,16.4,18,2,car,0.38384225964546204,1238.3870849609375,249.241943359375,1190.9644775390625,223.21078491210938,1285.8096923828125,275.2731018066406
411,16.44,6,2,car,0.8778845071792603,1015.7658386230469,930.8360595703125,883.4939575195312,813.3109130859375,1148.0377197265625,1048.3612060546875
411,16.44,17,2,car,0.8130620718002319,1480.031982421875,540.8043670654297,1416.81884765625,486.7554016113281,1543.2451171875,594.8533325195312
411,16.44,16,2,car,0.7572686076164246,1429.6654663085938,443.91650390625,1382.557373046875,407.63360595703125,1476.7735595703125,480.19940185546875
411,16.44,13,2,car,0.7533432245254517,1329.69775390625,337.3819885253906,1297.35107421875,312.88897705078125,1362.04443359375,361.875
411,16.44,8,2,car,0.7036734819412231,1272.1029052734375,502.89952087402344,1215.229248046875,447.4820251464844,1328.9765625,558.3170166015625
411,16.44,21,2,car,0.5916483402252197,1027.4064025878906,256.24771881103516,1003.3137817382812,238.8321075439453,1051.4990234375,273.663330078125
411,16.44,22,2,car,0.5706133842468262,1892.770751953125,396.1995849609375,1866.2021484375,358.87994384765625,1919.33935546875,433.51922607421875
411,16.44,20,7,truck,0.43622779846191406,1681.5047607421875,364.8402557373047,1638.501708984375,328.0027770996094,1724.5078125,401.677734375
411,16.44,19,2,car,0.43009811639785767,1100.1767578125,275.5787658691406,1075.4520263671875,256.55108642578125,1124.9014892578125,294.6064453125
412,16.48,6,2,car,0.8457169532775879,1002.2409362792969,948.3370971679688,868.3928833007812,828.6097412109375,1136.0889892578125,1068.064453125
412,16.48,16,2,car,0.7897283434867859,1430.9190063476562,445.64849853515625,1383.2718505859375,409.5733337402344,1478.566162109375,481.7236633300781
412,16.48,17,2,car,0.7808311581611633,1480.514404296875,543.6287536621094,1415.589599609375,488.32171630859375,1545.439208984375,598.935791015625
412,16.48,13,2,car,0.7696977853775024,1332.4930419921875,338.6976623535156,1300.123291015625,313.0563659667969,1364.86279296875,364.3389587402344
412,16.48,8,2,car,0.6742384433746338,1270.9008178710938,506.6729736328125,1211.87548828125,450.7276611328125,1329.9261474609375,562.6182861328125
412,16.48,22,2,car,0.53266841173172,1892.6788330078125,393.1401672363281,1866.01025390625,356.61602783203125,1919.347412109375,429.664306640625
412,16.48,20,7,truck,0.46143266558647156,1680.0648193359375,363.56793212890625,1636.1151123046875,325.40472412109375,1724.0145263671875,401.73114013671875
412,16.48,21,2,car,0.44057944416999817,1027.9608154296875,256.22725677490234,1004.878662109375,238.57566833496094,1051.04296875,273.87884521484375
412,16.48,19,2,car,0.3998968303203583,1102.542236328125,274.1172790527344,1077.38916015625,253.50015258789062,1127.6953125,294.7344055175781
413,16.52,6,2,car,0.8587023019790649,988.8460693359375,959.9497985839844,851.8154296875,841.3049926757812,1125.876708984375,1078.5946044921875
413,16.52,17,2,car,0.8232587575912476,1481.3975830078125,548.4305419921875,1416.96533203125,491.2686767578125,1545.829833984375,605.5924072265625
413,16.52,13,2,car,0.8032893538475037,1334.1436157226562,340.44598388671875,1300.7977294921875,315.0129089355469,1367.489501953125,365.8790588378906
413,16.52,16,2,car,0.7967173457145691,1433.4216918945312,448.5500793457031,1384.9937744140625,412.21875,1481.849609375,484.88140869140625
413,16.52,22,2,car,0.7458853721618652,1888.1580810546875,391.76513671875,1856.872314453125,354.83441162109375,1919.44384765625,428.69586181640625
413,16.52,8,2,car,0.4804960787296295,1270.630126953125,510.96421813964844,1211.9700927734375,454.0851745605469,1329.2901611328125,567.84326171875
413,16.52,20,7,truck,0.47302210330963135,1675.52978515625,361.0982666015625,1633.3748779296875,323.2445068359375,1717.6846923828125,398.9520263671875
413,16.52,21,2,car,0.4354268014431,1029.3583374023438,255.18412017822266,1006.86474609375,237.3225555419922,1051.8519287109375,273.0456848144531
413,16.52,19,2,car,0.41497287154197693,1104.2330322265625,275.0511932373047,1078.4796142578125,255.1783447265625,1129.9864501953125,294.9240417480469
414,16.56,6,2,car,0.829677939414978,978.7223510742188,967.9914245605469,839.23388671875,858.5059204101562,1118.2108154296875,1077.4769287109375
414,16.56,13,2,car,0.7984206080436707,1336.8448486328125,341.8610076904297,1302.484375,316.5483703613281,1371.205322265625,367.17364501953125
414,16.56,16,2,car,0.7591585516929626,1435.6355590820312,451.24159240722656,1386.9881591796875,412.5582275390625,1484.282958984375,489.9249572753906
414,16.56,8,2,car,0.7223341464996338,1269.5858764648438,514.4699096679688,1210.6383056640625,456.48626708984375,1328.533447265625,572.4535522460938
414,16.56,22,2,car,0.6760097742080688,1885.294921875,390.0194091796875,1851.328857421875,352.708740234375,1919.260986328125,427.330078125
414,16.56,17,2,car,0.6273983716964722,1483.3451538085938,553.2417297363281,1416.67724609375,498.29937744140625,1550.0130615234375,608.18408203125
414,16.56,21,2,car,0.41901344060897827,1031.6466064453125,255.55490112304688,1008.2003173828125,237.21661376953125,1055.0928955078125,273.8931884765625
414,16.56,19,2,car,0.41705548763275146,1106.6314086914062,273.5420608520508,1080.1376953125,252.3926239013672,1133.1251220703125,294.6914978027344
414,16.56,20,7,truck,0.37409716844558716,1671.1343994140625,359.44874572753906,1630.107421875,322.52587890625,1712.161376953125,396.3716125488281
415,16.6,13,2,car,0.831989586353302,1338.04931640625,343.3551940917969,1304.74169921875,317.5347595214844,1371.35693359375,369.1756286621094
415,16.6,8,2,car,0.8122498989105225,1268.6498413085938,517.7526550292969,1208.6982421875,460.41278076171875,1328.6014404296875,575.092529296875
415,16.6,17,2,car,0.8021870255470276,1483.5825805664062,560.4544372558594,1417.928466796875,503.200927734375,1549.2366943359375,617.7079467773438
415,16.6,6,2,car,0.7694787979125977,964.7433166503906,977.4571533203125,820.6941528320312,877.607666015625,1108.79248046875,1077.306640625
415,16.6,22,2,car,0.702644944190979,1883.4271850585938,388.7884826660156,1846.895263671875,351.6689758300781,1919.9591064453125,425.9079895019531
415,16.6,16,2,car,0.6972541809082031,1436.9215087890625,455.60252380371094,1388.7811279296875,417.008056640625,1485.0618896484375,494.1969909667969
415,16.6,19,2,car,0.4986656904220581,1107.9158935546875,274.9327926635742,1080.6082763671875,253.97621154785156,1135.2235107421875,295.8893737792969
415,16.6,20,7,truck,0.46001291275024414,1667.2276000976562,357.3552551269531,1624.96630859375,320.090087890625,1709.4888916015625,394.62042236328125
415,16.6,21,2,car,0.45885393023490906,1033.9552001953125,255.2646026611328,1009.4227294921875,236.9622802734375,1058.4876708984375,273.5669250488281
416,16.64,17,2,car,0.8187012672424316,1485.4470825195312,563.9644622802734,1418.580810546875,506.1074523925781,1552.3133544921875,621.8214721679688
416,16.64,13,2,car,0.800751805305481,1340.0416870117188,344.5371856689453,1306.1756591796875,318.3567199707031,1373.90771484375,370.7176513671875
416,16.64,16,2,car,0.7553807497024536,1439.1380615234375,460.70941162109375,1391.0938720703125,420.9814758300781,1487.1822509765625,500.4373474121094
416,16.64,8,2,car,0.729428768157959,1267.0969848632812,522.1324615478516,1205.64697265625,463.9254455566406,1328.5469970703125,580.3394775390625
416,16.64,6,2,car,0.7138218879699707,936.4866943359375,987.5361022949219,777.054931640625,895.5440063476562,1095.91845703125,1079.5281982421875
416,16.64,22,2,car,0.7085713744163513,1882.601806640625,386.7762451171875,1845.853271484375,349.157958984375,1919.350341796875,424.39453125
416,16.64,21,2,car,0.582567036151886,1034.5553894042969,255.7039031982422,1010.3029174804688,237.769775390625,1058.807861328125,273.6380310058594
416,16.64,19,2,car,0.48685675859451294,1109.0635986328125,275.55018615722656,1082.07275390625,255.2840576171875,1136.054443359375,295.8163146972656
416,16.64,20,7,truck,0.37456628680229187,1661.0262451171875,356.16343688964844,1620.89501953125,320.5893859863281,1701.157470703125,391.73748779296875
417,16.68,17,2,car,0.851157546043396,1486.7193603515625,570.8284606933594,1418.471923828125,514.5921020507812,1554.966796875,627.0648193359375
417,16.68,13,2,car,0.8088576793670654,1342.8551025390625,346.5721130371094,1307.8817138671875,320.706298828125,1377.8284912109375,372.43792724609375
417,16.68,6,2,car,0.7725537419319153,919.4258117675781,995.8456115722656,754.8180541992188,913.6126098632812,1084.0335693359375,1078.07861328125
417,16.68,8,2,car,0.7602508664131165,1266.0570678710938,527.0707397460938,1204.1361083984375,468.68115234375,1327.97802734375,585.4603271484375
417,16.68,16,2,car,0.7546612620353699,1439.91064453125,463.4277648925781,1391.501220703125,424.1996154785156,1488.320068359375,502.6559143066406
417,16.68,22,2,car,0.6782022714614868,1880.470458984375,385.09698486328125,1841.7440185546875,349.2746887207031,1919.1968994140625,420.9192810058594
417,16.68,21,2,car,0.5748798847198486,1035.0746765136719,258.18985748291016,1012.1137084960938,239.25782775878906,1058.03564453125,277.12188720703125
417,16.68,20,7,truck,0.5748232007026672,1658.8978271484375,355.02996826171875,1618.62451171875,320.10589599609375,1699.171142578125,389.95404052734375
417,16.68,19,2,car,0.5448408126831055,1113.2491455078125,276.8761444091797,1085.6522216796875,257.7818603515625,1140.8460693359375,295.9704284667969
418,16.72,17,2,car,0.8192760944366455,1487.8027954101562,574.9484252929688,1417.388671875,517.6243286132812,1558.2169189453125,632.2725219726562
418,16.72,13,2,car,0.7965406179428101,1343.7160034179688,347.20484924316406,1309.137451171875,321.051025390625,1378.2945556640625,373.3586730957031
418,16.72,16,2,car,0.739928662776947,1443.390869140625,465.7811279296875,1392.374755859375,425.8525085449219,1494.406982421875,505.7097473144531
418,16.72,22,2,car,0.7343426942825317,1876.409912109375,384.2359313964844,1834.4666748046875,349.3893127441406,1918.3531494140625,419.0825500488281
418,16.72,8,2,car,0.7228114008903503,1265.0807495117188,529.909423828125,1201.805908203125,470.581787109375,1328.3555908203125,589.237060546875
418,16.72,19,2,car,0.6143622398376465,1113.4185180664062,278.1520690917969,1084.9647216796875,258.9781799316406,1141.872314453125,297.3259582519531
418,16.72,6,2,car,0.609734058380127,913.4148254394531,1005.1697082519531,758.0253295898438,933.4806518554688,1068.8043212890625,1076.8587646484375
418,16.72,21,2,car,0.6026945114135742,1036.7561340332031,259.02066802978516,1013.2723999023438,239.0662078857422,1060.2398681640625,278.9751281738281
418,16.72,20,7,truck,0.46840086579322815,1656.1605224609375,352.24363708496094,1614.9046630859375,316.1061096191406,1697.4163818359375,388.38116455078125
419,16.76,17,2,car,0.8097885847091675,1489.0191040039062,579.8348693847656,1418.5361328125,518.8723754882812,1559.5020751953125,640.79736328125
419,16.76,13,2,car,0.8028082251548767,1345.901123046875,349.67381286621094,1310.298828125,322.7004089355469,1381.50341796875,376.647216796875
419,16.76,16,2,car,0.7631440758705139,1444.9612426757812,468.2234802246094,1393.661865234375,428.0225830078125,1496.2606201171875,508.42437744140625
419,16.76,22,2,car,0.7606896758079529,1872.5401611328125,382.9942932128906,1829.7681884765625,347.6805725097656,1915.3121337890625,418.3080139160156
419,16.76,6,2,car,0.73504638671875,909.6091918945312,1014.4293823242188,759.95947265625,950.9637451171875,1059.2589111328125,1077.89501953125
419,16.76,8,2,car,0.6832380294799805,1264.203857421875,533.1985778808594,1201.8861083984375,474.08251953125,1326.5216064453125,592.3146362304688
419,16.76,19,2,car,0.6105393767356873,1115.0291748046875,279.0194396972656,1087.12353515625,259.3323974609375,1142.934814453125,298.70648193359375
419,16.76,21,2,car,0.5300105810165405,1037.6831970214844,259.45169830322266,1014.5680541992188,238.8497772216797,1060.79833984375,280.0536193847656
419,16.76,20,7,truck,0.4491331875324249,1651.7463989257812,349.9058837890625,1611.385009765625,314.10162353515625,1692.1077880859375,385.71014404296875
420,16.8,17,2,car,0.8177282214164734,1489.9769897460938,585.5431518554688,1419.8243408203125,524.7708129882812,1560.129638671875,646.3154907226562
420,16.8,16,2,car,0.8126895427703857,1446.2280883789062,470.9129333496094,1395.2015380859375,430.8311462402344,1497.254638671875,510.9947204589844
420,16.8,13,2,car,0.8058346509933472,1346.740966796875,350.1138610839844,1310.8038330078125,323.2298583984375,1382.6781005859375,376.99786376953125
420,16.8,22,2,car,0.6880624294281006,1868.2816772460938,381.4153289794922,1824.7510986328125,346.89422607421875,1911.812255859375,415.9364318847656
420,16.8,8,2,car,0.6866952776908875,1263.7867431640625,538.4027709960938,1200.9031982421875,480.32794189453125,1326.6702880859375,596.4776000976562
420,16.8,6,2,car,0.6850624680519104,893.5077819824219,1024.81201171875,755.2238159179688,971.901123046875,1031.791748046875,1077.722900390625
420,16.8,19,2,car,0.6364091038703918,1117.9603881835938,279.05979919433594,1089.795654296875,259.207763671875,1146.1251220703125,298.9118347167969
420,16.8,18,2,car,0.5483910441398621,1189.723876953125,236.34100341796875,1164.3026123046875,220.0282745361328,1215.1451416015625,252.6537322998047
420,16.8,21,2,car,0.4992046654224396,1040.48095703125,259.5311813354492,1017.1427001953125,239.3553009033203,1063.8192138671875,279.7070617675781
420,16.8,20,7,truck,0.3864910900592804,1645.6133422851562,346.9887237548828,1605.5712890625,309.0286865234375,1685.6553955078125,384.9487609863281
421,16.84,13,2,car,0.8297286629676819,1348.3576049804688,352.0159149169922,1311.455322265625,323.1488342285156,1385.2598876953125,380.88299560546875
421,16.84,17,2,car,0.8181030750274658,1489.1315307617188,591.3978576660156,1417.173095703125,529.724853515625,1561.0899658203125,653.0708618164062
421,16.84,16,2,car,0.793698251247406,1447.1215209960938,474.9162902832031,1395.263671875,434.77435302734375,1498.9793701171875,515.0582275390625
421,16.84,22,2,car,0.7359543442726135,1865.4185791015625,380.2063293457031,1820.756591796875,344.96795654296875,1910.08056640625,415.4447021484375
421,16.84,19,2,car,0.6892039179801941,1119.617919921875,279.5407409667969,1093.3653564453125,260.188232421875,1145.8704833984375,298.89324951171875
421,16.84,8,2,car,0.6700596809387207,1261.8619995117188,543.6831207275391,1196.1134033203125,482.0224914550781,1327.610595703125,605.34375
421,16.84,18,2,car,0.5830699801445007,1186.9625244140625,236.1718292236328,1162.1151123046875,219.88912963867188,1211.8099365234375,252.45452880859375
421,16.84,21,2,car,0.4748385548591614,1045.4393920898438,260.69237518310547,1019.5565185546875,240.1681365966797,1071.322265625,281.21661376953125
421,16.84,20,7,truck,0.35298019647598267,1644.380126953125,345.8730773925781,1603.7783203125,308.07763671875,1684.98193359375,383.66851806640625
422,16.88,13,2,car,0.8183728456497192,1349.9746704101562,351.8648986816406,1313.301025390625,323.8761291503906,1386.6483154296875,379.8536682128906
422,16.88,17,2,car,0.8121739625930786,1490.2369995117188,597.2923278808594,1418.545166015625,535.310302734375,1561.9288330078125,659.2743530273438
422,16.88,22,2,car,0.7897656559944153,1861.6669921875,378.7913360595703,1816.7911376953125,343.25262451171875,1906.5428466796875,414.3300476074219
422,16.88,16,2,car,0.7859997153282166,1448.6022338867188,479.4374084472656,1396.757568359375,436.84423828125,1500.4468994140625,522.0305786132812
422,16.88,19,2,car,0.7421572804450989,1121.3272705078125,279.32318115234375,1095.6038818359375,259.7581787109375,1147.0506591796875,298.88818359375
422,16.88,8,2,car,0.6942241787910461,1258.9240112304688,547.1354217529297,1192.750244140625,485.0219421386719,1325.0977783203125,609.2489013671875
422,16.88,18,2,car,0.5763199329376221,1186.11376953125,235.77151489257812,1160.9957275390625,219.50076293945312,1211.2318115234375,252.04226684570312
422,16.88,21,2,car,0.5573441386222839,1047.4315185546875,261.16204833984375,1021.9832763671875,240.74514770507812,1072.8797607421875,281.5789489746094
422,16.88,20,7,truck,0.4656473994255066,1639.0453491210938,343.99383544921875,1598.173828125,306.328857421875,1679.9168701171875,381.6588134765625
423,16.92,13,2,car,0.8523921966552734,1352.075439453125,352.7256317138672,1315.4356689453125,323.7635192871094,1388.7152099609375,381.687744140625
423,16.92,17,2,car,0.836275041103363,1490.6173095703125,603.2317199707031,1418.53857421875,539.31591796875,1562.696044921875,667.1475219726562
423,16.92,22,2,car,0.803734302520752,1858.5047607421875,377.0776062011719,1813.894775390625,342.3939514160156,1903.11474609375,411.7612609863281
423,16.92,8,2,car,0.7906726002693176,1257.2432861328125,551.8189392089844,1189.8590087890625,490.17022705078125,1324.6275634765625,613.4676513671875
423,16.92,16,2,car,0.6969714760780334,1451.3978881835938,481.1682891845703,1398.0440673828125,437.5307922363281,1504.751708984375,524.8057861328125
423,16.92,19,2,car,0.6739122867584229,1122.4015502929688,280.02113342285156,1096.7794189453125,260.1068115234375,1148.023681640625,299.9354553222656
423,16.92,21,2,car,0.5858591794967651,1049.7018127441406,262.1026382446289,1023.0075073242188,240.94981384277344,1076.3961181640625,283.2554626464844
423,16.92,18,2,car,0.5322484374046326,1185.33935546875,235.22799682617188,1159.183837890625,217.85984802246094,1211.494873046875,252.5961456298828
423,16.92,20,7,truck,0.45943978428840637,1635.63427734375,344.4211730957031,1594.597412109375,308.23895263671875,1676.671142578125,380.6033935546875
424,16.96,13,2,car,0.8490796685218811,1355.463623046875,354.15110778808594,1318.968017578125,325.0162353515625,1391.959228515625,383.2859802246094
424,16.96,16,2,car,0.819206953048706,1452.4779663085938,484.0845184326172,1399.186279296875,440.7950134277344,1505.7696533203125,527.3740234375
424,16.96,17,2,car,0.8001967072486877,1492.0943603515625,606.7655944824219,1418.931640625,539.9072875976562,1565.257080078125,673.6239013671875
424,16.96,22,2,car,0.7797408699989319,1854.0450439453125,375.6193542480469,1810.7559814453125,340.9232482910156,1897.3341064453125,410.3154602050781
424,16.96,19,2,car,0.7498531341552734,1124.5416870117188,283.3786926269531,1098.3702392578125,264.9583740234375,1150.713134765625,301.79901123046875
424,16.96,8,2,car,0.683751106262207,1256.0114135742188,557.1675872802734,1188.4112548828125,494.0543518066406,1323.611572265625,620.2808227539062
424,16.96,21,2,car,0.5842576622962952,1050.9224853515625,262.7278137207031,1025.091796875,240.58837890625,1076.753173828125,284.86724853515625
424,16.96,20,7,truck,0.5428871512413025,1632.0182495117188,341.89491271972656,1592.1768798828125,307.26837158203125,1671.859619140625,376.5214538574219
424,16.96,18,2,car,0.48083704710006714,1180.2382202148438,234.100341796875,1154.706787109375,216.9290313720703,1205.7696533203125,251.2716522216797
425,17.0,13,2,car,0.8309120535850525,1357.2489624023438,357.28399658203125,1320.462158203125,329.3876037597656,1394.0357666015625,385.1803894042969
425,17.0,17,2,car,0.8081678748130798,1493.7294311523438,615.7721557617188,1419.6796875,550.8797607421875,1567.7791748046875,680.66455078125
425,17.0,22,2,car,0.7557523250579834,1848.0167846679688,373.6484832763672,1805.5775146484375,339.89898681640625,1890.4560546875,407.3979797363281
425,17.0,16,2,car,0.7318897247314453,1453.9241333007812,487.90748596191406,1400.8818359375,445.9981384277344,1506.9664306640625,529.8168334960938
425,17.0,19,2,car,0.6974784731864929,1127.07275390625,282.9307098388672,1099.8369140625,264.33612060546875,1154.30859375,301.5252990722656
425,17.0,21,2,car,0.5736485719680786,1052.1741943359375,262.88565826416016,1027.8746337890625,240.5649871826172,1076.4737548828125,285.2063293457031
425,17.0,8,2,car,0.5664496421813965,1253.8922119140625,561.2302551269531,1186.2919921875,498.4427490234375,1321.492431640625,624.0177612304688
425,17.0,20,7,truck,0.5212542414665222,1629.1466674804688,342.15907287597656,1589.4759521484375,306.7275695800781,1668.8173828125,377.590576171875
425,17.0,18,2,car,0.4875515401363373,1179.3562622070312,236.37158203125,1152.892578125,217.33653259277344,1205.8199462890625,255.40663146972656
426,17.04,16,2,car,0.8389565348625183,1454.4525146484375,491.01490783691406,1400.672607421875,447.5669250488281,1508.232421875,534.462890625
426,17.04,13,2,car,0.8159233331680298,1359.1924438476562,358.0740051269531,1322.644775390625,330.01318359375,1395.7401123046875,386.13482666015625
426,17.04,17,2,car,0.7519327998161316,1495.0126342773438,620.1946411132812,1419.726318359375,552.43505859375,1570.2989501953125,687.9542236328125
426,17.04,8,2,car,0.7038037180900574,1252.0272216796875,566.9964141845703,1182.8096923828125,503.1968078613281,1321.2447509765625,630.7960205078125
426,17.04,19,2,car,0.6933590769767761,1128.4131469726562,283.70361328125,1102.221923828125,265.0635681152344,1154.6043701171875,302.3436584472656
426,17.04,22,2,car,0.6714714169502258,1844.4825439453125,372.5423889160156,1802.178955078125,339.45916748046875,1886.7861328125,405.6256103515625
426,17.04,21,2,car,0.5422420501708984,1053.0875854492188,263.2878112792969,1029.235595703125,240.07122802734375,1076.9395751953125,286.50439453125
426,17.04,18,2,car,0.49750375747680664,1177.4060668945312,233.8779067993164,1152.4368896484375,217.8616943359375,1202.375244140625,249.8941192626953
426,17.04,20,7,truck,0.4395487606525421,1627.0609130859375,340.50584411621094,1587.4427490234375,305.9342041015625,1666.6790771484375,375.0774841308594
427,17.08,17,2,car,0.8430019617080688,1495.5955810546875,630.6395263671875,1420.209228515625,565.1992797851562,1570.98193359375,696.0797729492188
427,17.08,16,2,car,0.8030838966369629,1456.1546020507812,493.75982666015625,1401.5330810546875,449.9542236328125,1510.776123046875,537.5654296875
427,17.08,13,2,car,0.799547016620636,1359.0796508789062,360.0336456298828,1321.7567138671875,332.4278869628906,1396.402587890625,387.639404296875
427,17.08,8,2,car,0.7574518918991089,1249.5497436523438,570.6666717529297,1178.8157958984375,505.7480163574219,1320.28369140625,635.5853271484375
427,17.08,19,2,car,0.7189146876335144,1128.545654296875,284.0001983642578,1101.802001953125,264.6266784667969,1155.289306640625,303.37371826171875
427,17.08,22,2,car,0.6845248341560364,1842.2080078125,371.19873046875,1801.9332275390625,338.0130615234375,1882.4827880859375,404.3843994140625
427,17.08,20,7,truck,0.6197195649147034,1625.2367553710938,338.5590057373047,1586.9796142578125,304.6128845214844,1663.493896484375,372.505126953125
427,17.08,21,2,car,0.5533592700958252,1054.34765625,262.7354431152344,1032.2618408203125,240.1929931640625,1076.4334716796875,285.27789306640625
427,17.08,18,2,car,0.48870524764060974,1175.4649658203125,234.3812484741211,1149.25341796875,218.45223999023438,1201.676513671875,250.3102569580078
427,17.08,23,2,car,0.36869457364082336,1436.2119750976562,263.2665786743164,1411.5830078125,245.54710388183594,1460.8409423828125,280.9860534667969
428,17.12,16,2,car,0.8169004917144775,1457.5410766601562,498.7204132080078,1402.8480224609375,453.1579284667969,1512.234130859375,544.2828979492188
428,17.12,13,2,car,0.7756878733634949,1360.5509643554688,360.27162170410156,1323.1566162109375,331.91943359375,1397.9453125,388.6238098144531
428,17.12,8,2,car,0.708964467048645,1247.9158935546875,574.2182922363281,1176.8372802734375,508.080322265625,1318.9945068359375,640.3562622070312
428,17.12,19,2,car,0.7031885385513306,1129.8392333984375,284.8686828613281,1104.011474609375,263.3658142089844,1155.6669921875,306.3715515136719
428,17.12,22,2,car,0.6882771253585815,1839.7044067382812,368.90760803222656,1800.079833984375,335.3174133300781,1879.3289794921875,402.497802734375
428,17.12,17,2,car,0.6551500558853149,1496.1328125,636.1987609863281,1419.1146240234375,568.144775390625,1573.1510009765625,704.2527465820312
428,17.12,18,2,car,0.5778300166130066,1172.5305786132812,234.0073471069336,1144.8011474609375,218.3419647216797,1200.260009765625,249.6727294921875
428,17.12,20,7,truck,0.5654034614562988,1619.2842407226562,335.4978332519531,1580.9776611328125,301.75927734375,1657.5908203125,369.23638916015625
428,17.12,21,2,car,0.5071267485618591,1055.0634155273438,262.1286315917969,1032.869384765625,239.57217407226562,1077.2574462890625,284.6850891113281
428,17.12,23,2,car,0.49491211771965027,1432.9086303710938,262.80967712402344,1407.46923828125,245.09033203125,1458.3480224609375,280.5290222167969
429,17.16,17,2,car,0.8186175227165222,1496.4439697265625,644.3832702636719,1418.952392578125,576.9668579101562,1573.935546875,711.7996826171875
429,17.16,16,2,car,0.8156921863555908,1458.8804931640625,502.9970245361328,1403.153564453125,458.1231994628906,1514.607421875,547.870849609375
429,17.16,13,2,car,0.7735944986343384,1363.6215209960938,361.7958984375,1325.08349609375,333.0575866699219,1402.1595458984375,390.5342102050781
429,17.16,8,2,car,0.7510772347450256,1246.4181518554688,580.3377685546875,1174.8076171875,513.5861206054688,1318.0286865234375,647.0894165039062
429,17.16,19,2,car,0.7048439979553223,1131.718505859375,285.7753143310547,1104.809326171875,263.91265869140625,1158.627685546875,307.6379699707031
429,17.16,22,2,car,0.6591801643371582,1835.2686767578125,366.2704315185547,1796.1654052734375,332.6094970703125,1874.3719482421875,399.9313659667969
429,17.16,18,2,car,0.5547692179679871,1169.849853515625,234.7033233642578,1142.5140380859375,219.25137329101562,1197.1856689453125,250.1552734375
429,17.16,21,2,car,0.5431938171386719,1056.8995971679688,262.1034393310547,1033.8739013671875,239.97994995117188,1079.92529296875,284.2269287109375
429,17.16,23,2,car,0.37214669585227966,1430.8353881835938,263.26830291748047,1406.593505859375,245.13331604003906,1455.0772705078125,281.4032897949219
429,17.16,20,7,truck,0.36733242869377136,1616.681884765625,335.24900817871094,1580.04248046875,302.39312744140625,1653.3212890625,368.1048889160156
430,17.2,17,2,car,0.8244978189468384,1499.2592163085938,650.5107116699219,1420.62060546875,580.9403076171875,1577.8978271484375,720.0811157226562
430,17.2,16,2,car,0.8070641756057739,1461.0081787109375,505.24534606933594,1404.10009765625,460.2563781738281,1517.916259765625,550.2343139648438
430,17.2,8,2,car,0.7888224124908447,1242.7879028320312,585.7103271484375,1169.4935302734375,517.7598876953125,1316.082275390625,653.6607666015625
430,17.2,13,2,car,0.7492163777351379,1364.8501586914062,363.0452575683594,1327.1221923828125,333.58660888671875,1402.578125,392.50390625
430,17.2,19,2,car,0.7158398628234863,1133.6793823242188,285.838623046875,1106.8985595703125,263.9636535644531,1160.460205078125,307.7135925292969
430,17.2,22,2,car,0.6244508624076843,1830.2197265625,364.6807556152344,1788.618896484375,331.016357421875,1871.820556640625,398.34515380859375
430,17.2,21,2,car,0.6170585751533508,1058.1104736328125,261.83824920654297,1034.7330322265625,240.5724334716797,1081.4879150390625,283.10406494140625
430,17.2,18,2,car,0.4422801434993744,1165.1647338867188,233.72760772705078,1140.2340087890625,219.7173614501953,1190.095458984375,247.73785400390625
430,17.2,20,7,truck,0.4121686816215515,1612.877197265625,333.5749053955078,1576.319091796875,299.77532958984375,1649.435302734375,367.3744812011719
431,17.24,16,2,car,0.8642563819885254,1461.6675415039062,509.0550842285156,1405.017822265625,463.32989501953125,1518.3172607421875,554.7802734375
431,17.24,17,2,car,0.8289754986763,1501.0674438476562,658.7169799804688,1420.574462890625,588.8193969726562,1581.5604248046875,728.6145629882812
431,17.24,13,2,car,0.7894862294197083,1368.6669921875,364.8515625,1330.1800537109375,334.8628234863281,1407.1539306640625,394.8403015136719
431,17.24,8,2,car,0.7886730432510376,1240.4220581054688,590.9225463867188,1166.2601318359375,522.157470703125,1314.583984375,659.6876220703125
431,17.24,19,2,car,0.7222750782966614,1135.1360473632812,286.04115295410156,1108.517578125,264.1512451171875,1161.7545166015625,307.9310607910156
431,17.24,22,2,car,0.6533163189888,1826.597900390625,362.67616271972656,1787.05810546875,329.8762512207031,1866.1376953125,395.47607421875
431,17.24,21,2,car,0.6520286798477173,1060.2030029296875,262.0315399169922,1038.4427490234375,240.68215942382812,1081.9632568359375,283.38092041015625
431,17.24,18,2,car,0.43371862173080444,1165.568115234375,233.44186401367188,1139.1943359375,219.37689208984375,1191.94189453125,247.5068359375
431,17.24,20,7,truck,0.3585454821586609,1608.719970703125,334.4461669921875,1570.598876953125,300.6297912597656,1646.841064453125,368.2625427246094
432,17.28,16,2,car,0.818436861038208,1463.5940551757812,514.3009490966797,1406.769287109375,468.1304626464844,1520.4188232421875,560.471435546875
432,17.28,13,2,car,0.8148305416107178,1370.7189331054688,366.68994140625,1332.1270751953125,336.05859375,1409.310791015625,397.3212890625
432,17.28,8,2,car,0.784476637840271,1238.5397338867188,595.8507385253906,1163.40771484375,526.33154296875,1313.6717529296875,665.3699340820312
432,17.28,17,2,car,0.7638005018234253,1501.1473388671875,664.2099609375,1419.598388671875,591.5899658203125,1582.6962890625,736.8299560546875
432,17.28,22,2,car,0.7385434508323669,1821.0406494140625,361.6519775390625,1781.189208984375,329.0878601074219,1860.89208984375,394.2160949707031
432,17.28,21,2,car,0.7126580476760864,1061.5167846679688,262.8653030395508,1040.3851318359375,241.0388641357422,1082.6484375,284.6917419433594
432,17.28,19,2,car,0.712142288684845,1136.8280639648438,286.102294921875,1109.7366943359375,263.6382751464844,1163.91943359375,308.5663146972656
432,17.28,18,2,car,0.5289502143859863,1165.1422729492188,234.35682678222656,1135.0411376953125,218.8585968017578,1195.243408203125,249.8550567626953
432,17.28,20,7,truck,0.48643046617507935,1606.16748046875,331.91539001464844,1569.274658203125,299.618896484375,1643.060302734375,364.2118835449219
433,17.32,16,2,car,0.8289464116096497,1464.3284912109375,518.7027740478516,1406.9468994140625,472.9278259277344,1521.7100830078125,564.4777221679688
433,17.32,13,2,car,0.8142271041870117,1371.7303466796875,368.3874969482422,1333.513671875,338.29974365234375,1409.947021484375,398.4752502441406
433,17.32,21,2,car,0.7185802459716797,1064.93310546875,263.3272705078125,1042.8095703125,241.60153198242188,1087.056640625,285.0530090332031
433,17.32,22,2,car,0.6996889710426331,1818.3348388671875,359.7586975097656,1778.6419677734375,326.6354675292969,1858.0277099609375,392.8819274902344
433,17.32,8,2,car,0.6944513320922852,1235.75732421875,602.2531127929688,1160.6624755859375,531.2391357421875,1310.8521728515625,673.26708984375
433,17.32,19,2,car,0.6566162109375,1138.449951171875,288.5315246582031,1110.9349365234375,266.1487121582031,1165.9649658203125,310.9143371582031
433,17.32,17,2,car,0.6412950158119202,1500.638427734375,672.4085693359375,1417.1767578125,598.9041748046875,1584.10009765625,745.9129638671875
433,17.32,18,2,car,0.48668360710144043,1163.087890625,234.02567291259766,1128.8720703125,218.1209716796875,1197.3037109375,249.9303741455078
433,17.32,20,7,truck,0.4540765881538391,1602.7210693359375,331.34861755371094,1564.8431396484375,298.6603088378906,1640.5989990234375,364.03692626953125
434,17.36,16,2,car,0.8689231276512146,1465.8193359375,521.9693298339844,1408.907958984375,473.943603515625,1522.730712890625,569.9950561523438
434,17.36,13,2,car,0.8087894320487976,1372.658447265625,370.275146484375,1334.608642578125,339.654052734375,1410.708251953125,400.896240234375
434,17.36,22,2,car,0.7479667067527771,1814.2651977539062,358.6952667236328,1774.8680419921875,326.0270080566406,1853.662353515625,391.363525390625
434,17.36,8,2,car,0.7028329968452454,1233.0103759765625,608.1208801269531,1156.704833984375,536.16845703125,1309.31591796875,680.0733032226562
434,17.36,19,2,car,0.6822198629379272,1140.125732421875,288.57191467285156,1113.941162109375,266.4637145996094,1166.310302734375,310.68011474609375
434,17.36,17,2,car,0.6558472514152527,1499.6315307617188,679.3429260253906,1415.48193359375,605.101318359375,1583.7811279296875,753.5845336914062
434,17.36,21,2,car,0.6162941455841064,1065.6478271484375,263.6447982788086,1042.8057861328125,242.0848846435547,1088.4898681640625,285.2047119140625
434,17.36,20,2,car,0.5712450742721558,1601.6129150390625,329.8251037597656,1564.6827392578125,297.9229736328125,1638.5430908203125,361.72723388671875
434,17.36,18,2,car,0.5285569429397583,1167.6287231445312,236.14900970458984,1125.871337890625,218.91903686523438,1209.3861083984375,253.3789825439453
435,17.4,16,2,car,0.8394309282302856,1466.997802734375,526.1299285888672,1409.0628662109375,478.1719665527344,1524.9327392578125,574.087890625
435,17.4,13,2,car,0.7992945313453674,1374.1054077148438,372.3314208984375,1335.167236328125,340.9675598144531,1413.0435791015625,403.6952819824219
435,17.4,17,2,car,0.7879632711410522,1501.1739501953125,687.7074890136719,1417.4715576171875,613.15966796875,1584.8763427734375,762.2553100585938
435,17.4,8,2,car,0.742306649684906,1229.1690673828125,613.7823181152344,1151.906982421875,541.1437377929688,1306.43115234375,686.4208984375
435,17.4,22,2,car,0.729203999042511,1811.6233520507812,357.6771697998047,1773.697998046875,325.839111328125,1849.5487060546875,389.5152282714844
435,17.4,19,2,car,0.6706057786941528,1141.664794921875,289.6293487548828,1114.705078125,268.25347900390625,1168.62451171875,311.0052185058594
435,17.4,18,2,car,0.5498193502426147,1170.5349731445312,236.78791046142578,1126.95751953125,218.60098266601562,1214.1124267578125,254.97483825683594
435,17.4,21,2,car,0.45260581374168396,1067.5945434570312,263.2385025024414,1043.4920654296875,242.2825469970703,1091.697021484375,284.1944580078125
435,17.4,20,2,car,0.3911226987838745,1597.6558227539062,329.9575500488281,1559.0548095703125,298.57977294921875,1636.2568359375,361.3353271484375
436,17.44,16,2,car,0.8538419008255005,1468.8788452148438,530.5518493652344,1410.287109375,482.969970703125,1527.4705810546875,578.1337280273438
436,17.44,13,2,car,0.7900720238685608,1374.7405395507812,372.8065185546875,1335.8695068359375,342.17938232421875,1413.611572265625,403.43365478515625
436,17.44,17,2,car,0.7577422261238098,1499.907470703125,697.8302307128906,1413.556396484375,620.93994140625,1586.258544921875,774.7205200195312
436,17.44,8,2,car,0.7422001957893372,1227.7110595703125,619.4994201660156,1149.832763671875,545.4190063476562,1305.58935546875,693.579833984375
436,17.44,22,2,car,0.7394984364509583,1806.8600463867188,357.56175231933594,1767.2384033203125,325.53399658203125,1846.481689453125,389.5895080566406
436,17.44,19,2,car,0.5525327920913696,1142.3718872070312,290.2207794189453,1115.0780029296875,268.04840087890625,1169.665771484375,312.3931579589844
436,17.44,18,2,car,0.5259602069854736,1169.0881958007812,237.99370574951172,1126.208251953125,217.9398651123047,1211.9681396484375,258.04754638671875
436,17.44,20,2,car,0.36936429142951965,1592.6422119140625,327.3447570800781,1556.068359375,294.80706787109375,1629.216064453125,359.8824462890625
437,17.48,16,2,car,0.8592188954353333,1469.4839477539062,534.5113525390625,1410.16552734375,485.915771484375,1528.8023681640625,583.10693359375
437,17.48,17,2,car,0.8324701189994812,1501.5355224609375,703.3216552734375,1415.09765625,627.0615234375,1587.973388671875,779.581787109375
437,17.48,22,2,car,0.7833001017570496,1802.001708984375,354.9326477050781,1763.448486328125,323.6166687011719,1840.554931640625,386.2486267089844
437,17.48,13,2,car,0.7768524289131165,1378.2949829101562,375.25733947753906,1337.381591796875,343.7344970703125,1419.2083740234375,406.7801818847656
437,17.48,8,2,car,0.7618284821510315,1224.4322509765625,625.6042785644531,1145.147705078125,551.0348510742188,1303.716796875,700.1737060546875
437,17.48,18,2,car,0.47615039348602295,1165.2430419921875,238.1117706298828,1121.3094482421875,219.26229858398438,1209.1766357421875,256.96124267578125
437,17.48,20,2,car,0.40897926688194275,1590.703125,326.15675354003906,1554.413818359375,295.17901611328125,1626.992431640625,357.1344909667969
437,17.48,19,2,car,0.37195825576782227,1143.506591796875,291.7805633544922,1116.1407470703125,269.92230224609375,1170.8724365234375,313.6388244628906
438,17.52,17,2,car,0.8541868925094604,1501.6630249023438,713.0152893066406,1414.822021484375,634.6055297851562,1588.5040283203125,791.425048828125
438,17.52,13,2,car,0.8335120677947998,1380.2454223632812,377.3668212890625,1339.9251708984375,345.1849365234375,1420.565673828125,409.5487060546875
438,17.52,16,2,car,0.7906052470207214,1469.7205810546875,538.4307250976562,1409.539306640625,489.89825439453125,1529.90185546875,586.9631958007812
438,17.52,22,2,car,0.7815533876419067,1798.5144653320312,352.79502868652344,1761.427001953125,320.56951904296875,1835.6019287109375,385.0205383300781
438,17.52,8,2,car,0.7029110193252563,1220.7220458984375,631.2771911621094,1140.5537109375,555.226318359375,1300.890380859375,707.3280639648438
438,17.52,18,2,car,0.45392537117004395,1161.9129638671875,236.3282012939453,1118.0518798828125,216.87100219726562,1205.7740478515625,255.785400390625
438,17.52,20,7,truck,0.3946140706539154,1587.9094848632812,325.02442932128906,1550.51220703125,294.7620849609375,1625.3067626953125,355.2867736816406
438,17.52,21,2,car,0.39427170157432556,1073.6779174804688,264.8327941894531,1050.891357421875,244.28399658203125,1096.4644775390625,285.381591796875
439,17.56,17,2,car,0.8709222078323364,1501.4860229492188,721.6544799804688,1412.8917236328125,641.0953369140625,1590.080322265625,802.213623046875
439,17.56,13,2,car,0.8607736229896545,1381.7442016601562,378.9260559082031,1340.8873291015625,347.3807373046875,1422.60107421875,410.47137451171875
439,17.56,16,2,car,0.7940607666969299,1471.222900390625,543.7908325195312,1409.7913818359375,494.48492431640625,1532.6544189453125,593.0967407226562
439,17.56,22,2,car,0.6588600873947144,1795.083984375,351.4566650390625,1756.7548828125,319.3693542480469,1833.4130859375,383.5439758300781
439,17.56,8,2,car,0.6165784001350403,1216.8385620117188,637.6871643066406,1135.9486083984375,560.790771484375,1297.728515625,714.5835571289062
439,17.56,19,2,car,0.5870751142501831,1148.6625366210938,295.370361328125,1120.5362548828125,275.8736572265625,1176.788818359375,314.8670654296875
439,17.56,21,2,car,0.5260902643203735,1075.1311645507812,262.81922912597656,1052.5069580078125,242.18258666992188,1097.75537109375,283.45587158203125
439,17.56,18,2,car,0.42262503504753113,1146.0739135742188,234.2471466064453,1116.6556396484375,217.37411499023438,1175.4921875,251.12017822265625
439,17.56,20,7,truck,0.39175930619239807,1583.5989990234375,323.8717956542969,1547.319580078125,293.09783935546875,1619.87841796875,354.645751953125
440,17.6,13,2,car,0.8426975011825562,1384.7659912109375,380.2997131347656,1344.3472900390625,348.8943786621094,1425.1846923828125,411.7050476074219
440,17.6,17,2,car,0.802158534526825,1502.2034912109375,731.1505126953125,1411.248779296875,647.9779052734375,1593.158203125,814.3231201171875
440,17.6,16,2,car,0.7217143774032593,1473.0441284179688,547.2539825439453,1410.6353759765625,498.6896667480469,1535.452880859375,595.8182983398438
440,17.6,22,2,car,0.7101636528968811,1791.2845458984375,351.210205078125,1753.248779296875,319.03509521484375,1829.3203125,383.38531494140625
440,17.6,8,2,car,0.6623247861862183,1213.0306396484375,645.809814453125,1130.11279296875,566.3997802734375,1295.948486328125,725.2198486328125
440,17.6,19,2,car,0.48637691140174866,1150.0055541992188,293.3519287109375,1121.747802734375,270.43646240234375,1178.2633056640625,316.26739501953125
440,17.6,21,2,car,0.48330551385879517,1077.2349853515625,263.6275100708008,1055.2568359375,240.90321350097656,1099.213134765625,286.351806640625
440,17.6,18,2,car,0.4363997280597687,1142.3268432617188,234.0885772705078,1111.6722412109375,216.8616485595703,1172.9814453125,251.3155059814453
440,17.6,20,7,truck,0.4084239602088928,1579.4117431640625,322.4018096923828,1543.56005859375,292.3993835449219,1615.263427734375,352.40423583984375
441,17.64,13,2,car,0.8280138969421387,1386.6395263671875,381.55682373046875,1346.1300048828125,349.70343017578125,1427.1490478515625,413.41021728515625
441,17.64,17,2,car,0.7731537222862244,1500.6255493164062,739.7766418457031,1407.9591064453125,654.3093872070312,1593.2919921875,825.243896484375
441,17.64,16,2,car,0.753778338432312,1474.1448974609375,552.5547027587891,1409.9737548828125,501.4571228027344,1538.3160400390625,603.6522827148438
441,17.64,22,2,car,0.7096560597419739,1787.5997314453125,349.9765167236328,1750.4739990234375,317.9452819824219,1824.7254638671875,382.00775146484375
441,17.64,8,2,car,0.6824465990066528,1211.4693603515625,652.1212158203125,1128.2197265625,573.1820678710938,1294.718994140625,731.0603637695312
441,17.64,20,7,truck,0.49316322803497314,1577.4684448242188,320.21148681640625,1541.4635009765625,289.2737121582031,1613.473388671875,351.1492614746094
441,17.64,18,2,car,0.40326419472694397,1138.8758544921875,234.93839263916016,1105.5362548828125,217.2626953125,1172.2154541015625,252.6140899658203
441,17.64,21,2,car,0.4015355408191681,1078.2203369140625,263.4407958984375,1055.409423828125,243.85025024414062,1101.03125,283.0313415527344
441,17.64,19,2,car,0.39719393849372864,1151.9288940429688,294.5390625,1124.6416015625,272.90277099609375,1179.2161865234375,316.17535400390625
442,17.68,13,2,car,0.8220233917236328,1387.4380493164062,382.8663330078125,1346.851806640625,349.649169921875,1428.0242919921875,416.08349609375
442,17.68,16,2,car,0.7561042308807373,1475.497802734375,558.3537445068359,1413.08837890625,506.8706359863281,1537.9072265625,609.8368530273438
442,17.68,22,2,car,0.6761305928230286,1785.357421875,348.34788513183594,1748.5777587890625,316.782958984375,1822.1370849609375,379.9128112792969
442,17.68,17,2,car,0.6741978526115417,1499.3226928710938,750.4003601074219,1405.048828125,666.5150756835938,1593.5965576171875,834.28564453125
442,17.68,8,2,car,0.6174002289772034,1207.507080078125,658.2881164550781,1122.1112060546875,578.3934326171875,1292.9029541015625,738.1828002929688
442,17.68,19,2,car,0.5192992687225342,1152.9508666992188,294.99131774902344,1124.6517333984375,273.06439208984375,1181.25,316.9182434082031
442,17.68,20,7,truck,0.4540638327598572,1573.198974609375,318.63677978515625,1538.217041015625,287.63226318359375,1608.180908203125,349.64129638671875
442,17.68,18,2,car,0.45021164417266846,1140.911376953125,235.89685821533203,1099.325927734375,216.55723571777344,1182.496826171875,255.23648071289062
443,17.72,17,2,car,0.8719927668571472,1497.8587036132812,760.3495483398438,1401.814208984375,673.6959838867188,1593.9031982421875,847.0031127929688
443,17.72,13,2,car,0.8493329286575317,1388.8726806640625,385.84584045410156,1347.3363037109375,352.6877746582031,1430.4090576171875,419.00390625
443,17.72,16,2,car,0.7805860638618469,1476.2457885742188,562.2247772216797,1412.5045166015625,510.9507751464844,1539.987060546875,613.498779296875
443,17.72,22,2,car,0.741933286190033,1780.18798828125,346.82359313964844,1742.9443359375,316.3955383300781,1817.431640625,377.25164794921875
443,17.72,8,2,car,0.7290977835655212,1202.7322998046875,666.0521545410156,1115.91064453125,584.3291625976562,1289.553955078125,747.775146484375
443,17.72,20,7,truck,0.43647637963294983,1570.1343383789062,317.5793762207031,1534.569580078125,286.7041015625,1605.6990966796875,348.45465087890625
443,17.72,18,2,car,0.4230375587940216,1146.3280639648438,236.58384704589844,1100.5712890625,217.05047607421875,1192.0848388671875,256.1172180175781
443,17.72,24,2,car,0.394717812538147,919.9011840820312,234.70288848876953,901.7697143554688,219.30030822753906,938.0326538085938,250.10546875
443,17.72,23,2,car,0.3660978078842163,1396.0811767578125,259.0436553955078,1372.1961669921875,241.78793334960938,1419.9661865234375,276.29937744140625
444,17.76,17,2,car,0.8551566004753113,1496.9127197265625,770.7450256347656,1397.484375,683.0612182617188,1596.341064453125,858.4288330078125
444,17.76,13,2,car,0.8187714219093323,1390.9507446289062,387.6640319824219,1348.5074462890625,354.77691650390625,1433.39404296875,420.5511474609375
444,17.76,16,2,car,0.8086145520210266,1477.0220947265625,568.0292663574219,1412.391357421875,515.6524658203125,1541.65283203125,620.4060668945312
444,17.76,8,2,car,0.7096794247627258,1197.0396728515625,672.5035400390625,1108.677734375,589.2398071289062,1285.401611328125,755.7672729492188
444,17.76,22,2,car,0.6864894032478333,1775.3792724609375,346.2492980957031,1737.52734375,314.9443359375,1813.231201171875,377.55426025390625
444,17.76,20,7,truck,0.44681450724601746,1566.7234497070312,317.00897216796875,1531.2813720703125,286.6044006347656,1602.16552734375,347.4135437011719
444,17.76,18,2,car,0.4356955587863922,1144.572509765625,234.8520965576172,1102.7958984375,216.4323272705078,1186.34912109375,253.27186584472656
444,17.76,24,2,car,0.40138769149780273,921.5409851074219,234.55709838867188,903.0020141601562,218.08287048339844,940.0799560546875,251.0313262939453
444,17.76,19,2,car,0.3654840290546417,1156.58544921875,297.37701416015625,1127.0418701171875,275.709228515625,1186.1290283203125,319.0447998046875
445,17.8,17,2,car,0.8211590051651001,1495.1539306640625,783.1427917480469,1395.26220703125,692.4441528320312,1595.045654296875,873.8414306640625
445,17.8,13,2,car,0.8187420964241028,1391.3159790039062,389.4495849609375,1349.05517578125,355.9023742675781,1433.5767822265625,422.9967956542969
445,17.8,16,2,car,0.7520210146903992,1477.8922729492188,572.8023986816406,1412.7642822265625,520.060791015625,1543.020263671875,625.5440063476562
445,17.8,22,2,car,0.7364833354949951,1771.8269653320312,345.35694885253906,1733.132568359375,314.344970703125,1810.5213623046875,376.3689270019531
445,17.8,8,2,car,0.6399162411689758,1192.7141723632812,680.9371032714844,1103.802001953125,596.7213134765625,1281.6263427734375,765.1528930664062
445,17.8,20,7,truck,0.5353859066963196,1564.9806518554688,316.1455841064453,1529.0482177734375,285.89593505859375,1600.9130859375,346.3952331542969
445,17.8,19,2,car,0.4540972411632538,1160.3673706054688,296.56402587890625,1131.8580322265625,274.4927673339844,1188.876708984375,318.6352844238281
445,17.8,21,2,car,0.3606080710887909,1085.31396484375,270.15599822998047,1062.389892578125,248.1808319091797,1108.238037109375,292.13116455078125
446,17.84,17,2,car,0.8264617323875427,1495.1841430664062,792.4434814453125,1393.2564697265625,700.965087890625,1597.11181640625,883.921875
446,17.84,13,2,car,0.8155128359794617,1393.0389404296875,391.68597412109375,1350.8990478515625,358.1858215332031,1435.1788330078125,425.1861267089844
446,17.84,8,2,car,0.7636573910713196,1188.5100708007812,689.4120788574219,1098.2886962890625,602.8394775390625,1278.7314453125,775.9846801757812
446,17.84,16,2,car,0.6988174319267273,1479.10498046875,577.3806762695312,1412.2296142578125,524.335205078125,1545.9803466796875,630.4261474609375
446,17.84,22,2,car,0.6928496956825256,1768.8643798828125,344.79925537109375,1731.0201416015625,313.9024963378906,1806.7086181640625,375.6960144042969
446,17.84,19,2,car,0.6402736306190491,1161.3190307617188,297.72633361816406,1132.202392578125,274.69244384765625,1190.4356689453125,320.7602233886719
446,17.84,20,7,truck,0.553669273853302,1560.8096313476562,315.63368225097656,1525.33837890625,285.2930603027344,1596.2808837890625,345.97430419921875
446,17.84,21,2,car,0.5098387598991394,1086.5700073242188,270.0442810058594,1062.9591064453125,248.85415649414062,1110.180908203125,291.2344055175781
446,17.84,24,2,car,0.37325286865234375,926.1591796875,234.62239837646484,908.2992553710938,217.81448364257812,944.0191040039062,251.43031311035156
447,17.88,17,2,car,0.8906654715538025,1495.5401000976562,804.8005065917969,1392.195556640625,712.067626953125,1598.8846435546875,897.5333862304688
447,17.88,13,2,car,0.8198971748352051,1395.004150390625,394.0300598144531,1352.700927734375,359.4112243652344,1437.307373046875,428.6488952636719
447,17.88,16,2,car,0.81850266456604,1480.0768432617188,582.5506896972656,1414.1121826171875,528.2763061523438,1546.04150390625,636.8250732421875
447,17.88,8,2,car,0.7785324454307556,1184.0948486328125,696.2450561523438,1092.5670166015625,608.314697265625,1275.6226806640625,784.1754150390625
447,17.88,20,7,truck,0.6895612478256226,1557.6558227539062,313.7090148925781,1522.51416015625,283.5004577636719,1592.7974853515625,343.9175720214844
447,17.88,22,2,car,0.6173480749130249,1765.1885375976562,343.39141845703125,1729.2451171875,312.3431396484375,1801.1319580078125,374.439697265625
447,17.88,19,2,car,0.5870059132575989,1163.4013671875,299.4962463378906,1134.748291015625,276.61724853515625,1192.054443359375,322.375244140625
447,17.88,24,2,car,0.44459524750709534,928.254638671875,234.76435089111328,909.3909301757812,217.81182861328125,947.1183471679688,251.7168731689453
447,17.88,21,2,car,0.42551273107528687,1088.2019653320312,270.9375915527344,1063.79443359375,248.85617065429688,1112.6094970703125,293.0190124511719
447,17.88,18,2,car,0.3713018596172333,1138.7467651367188,236.57125091552734,1093.6187744140625,216.17738342285156,1183.874755859375,256.9651184082031
448,17.92,17,2,car,0.8906516432762146,1494.6599731445312,815.0521240234375,1389.081298828125,719.5919189453125,1600.2386474609375,910.5123291015625
448,17.92,16,2,car,0.8742265701293945,1481.216064453125,587.7057495117188,1413.91162109375,532.7473754882812,1548.5205078125,642.6641235351562
448,17.92,13,2,car,0.846074104309082,1396.9342651367188,395.8768615722656,1355.172119140625,362.8255920410156,1438.6964111328125,428.9281311035156
448,17.92,8,2,car,0.8275799751281738,1180.4779052734375,703.2310791015625,1087.6993408203125,615.0284423828125,1273.2564697265625,791.4337158203125
448,17.92,20,2,car,0.7479236721992493,1555.2453002929688,312.4906311035156,1519.49267578125,282.2403259277344,1590.9979248046875,342.7409362792969
448,17.92,19,2,car,0.6682673692703247,1164.2019653320312,299.49705505371094,1136.7008056640625,276.875244140625,1191.703125,322.1188659667969
448,17.92,22,2,car,0.5935547947883606,1763.1317138671875,341.447998046875,1728.5496826171875,312.5401611328125,1797.7137451171875,370.3558349609375
448,17.92,21,2,car,0.44352591037750244,1090.796875,271.6193389892578,1064.9464111328125,249.74588012695312,1116.6473388671875,293.4927978515625
448,17.92,24,2,car,0.4024431109428406,931.1801147460938,234.68577575683594,912.4213256835938,217.77085876464844,949.9389038085938,251.60069274902344
448,17.92,18,2,car,0.3651740252971649,1135.9564819335938,236.44422912597656,1091.35546875,216.06930541992188,1180.5574951171875,256.81915283203125
449,17.96,17,2,car,0.8885053992271423,1493.68994140625,828.569091796875,1385.7027587890625,731.1853637695312,1601.6771240234375,925.9528198242188
449,17.96,13,2,car,0.8226687908172607,1398.341064453125,397.9596405029297,1355.1607666015625,364.0462646484375,1441.5213623046875,431.8730163574219
449,17.96,16,2,car,0.8072366714477539,1481.195068359375,593.5234375,1413.6383056640625,536.9263916015625,1548.7518310546875,650.1204833984375
449,17.96,8,2,car,0.7867372035980225,1173.7715454101562,713.4961853027344,1080.0235595703125,624.13037109375,1267.51953125,802.8619995117188
449,17.96,20,2,car,0.6978983879089355,1551.6190795898438,311.53985595703125,1518.085693359375,281.7364196777344,1585.1524658203125,341.3432922363281
449,17.96,19,2,car,0.6710948944091797,1165.8665771484375,301.2986145019531,1137.0758056640625,278.8238830566406,1194.6573486328125,323.7733459472656
449,17.96,21,2,car,0.4853024482727051,1097.6273193359375,274.0618209838867,1067.02490234375,253.8621368408203,1128.229736328125,294.2615051269531
449,17.96,22,2,car,0.44365090131759644,1760.643798828125,340.52195739746094,1726.0745849609375,311.0910949707031,1795.2130126953125,369.95281982421875
450,18.0,17,2,car,0.8744124174118042,1492.7510986328125,840.4824829101562,1385.0028076171875,740.8663330078125,1600.4993896484375,940.0986328125
450,18.0,13,2,car,0.8416444659233093,1400.6558837890625,399.8306579589844,1356.6446533203125,365.78558349609375,1444.6671142578125,433.875732421875
450,18.0,8,2,car,0.753573477268219,1168.7921752929688,721.1048583984375,1072.7396240234375,629.5191650390625,1264.8447265625,812.6905517578125
450,18.0,16,2,car,0.7527112364768982,1482.103515625,599.8961486816406,1413.5552978515625,541.6985473632812,1550.6517333984375,658.09375
450,18.0,20,2,car,0.6447614431381226,1546.9031372070312,310.11866760253906,1513.4244384765625,280.1690673828125,1580.3818359375,340.0682678222656
450,18.0,19,2,car,0.6376239657402039,1168.4955444335938,304.3844909667969,1138.74658203125,283.4571533203125,1198.2445068359375,325.31182861328125
450,18.0,22,2,car,0.5426213145256042,1754.16064453125,338.614013671875,1717.1466064453125,308.9764709472656,1791.1746826171875,368.2515563964844
450,18.0,21,2,car,0.461298406124115,1096.7125854492188,273.82005310058594,1067.7205810546875,253.57553100585938,1125.70458984375,294.0645751953125
451,18.04,17,2,car,0.8847030401229858,1492.0015869140625,853.4126586914062,1382.302001953125,750.6948852539062,1601.701171875,956.1304321289062
451,18.04,13,2,car,0.822836697101593,1402.2000122070312,402.1387939453125,1358.71923828125,367.8809509277344,1445.6807861328125,436.3966369628906
451,18.04,8,2,car,0.7879122495651245,1165.6638793945312,730.9931945800781,1068.9400634765625,636.82470703125,1262.3876953125,825.1616821289062
451,18.04,16,2,car,0.7587293982505798,1483.3273315429688,604.7474670410156,1413.9788818359375,545.4933471679688,1552.67578125,664.0015869140625
451,18.04,20,2,car,0.6636484861373901,1544.829833984375,310.3954772949219,1510.4151611328125,280.5469970703125,1579.2445068359375,340.24395751953125
451,18.04,19,2,car,0.6516258716583252,1170.3447875976562,305.74041748046875,1140.008056640625,285.9090881347656,1200.6815185546875,325.5717468261719
451,18.04,22,2,car,0.6438108682632446,1750.3768920898438,337.38404846191406,1714.15771484375,306.9781494140625,1786.5960693359375,367.7899475097656
451,18.04,21,2,car,0.39458417892456055,1097.1223754882812,274.38002014160156,1069.5084228515625,253.9302978515625,1124.736328125,294.8297424316406
451,18.04,18,2,car,0.362091600894928,1124.3389892578125,233.79725646972656,1075.365234375,215.87338256835938,1173.312744140625,251.72113037109375
452,18.08,17,2,car,0.8692370057106018,1489.439453125,868.3866577148438,1375.8651123046875,764.6709594726562,1603.0137939453125,972.1023559570312
452,18.08,16,2,car,0.8486288785934448,1483.5908813476562,612.7061157226562,1413.7098388671875,554.6087646484375,1553.471923828125,670.803466796875
452,18.08,13,2,car,0.7972769737243652,1403.5861206054688,403.624267578125,1358.807861328125,369.2032775878906,1448.3643798828125,438.0452575683594
452,18.08,8,2,car,0.7512126564979553,1158.3948364257812,740.2024841308594,1058.9866943359375,645.318603515625,1257.802978515625,835.0863647460938
452,18.08,22,2,car,0.691589891910553,1748.5969848632812,336.0524597167969,1712.1068115234375,306.0347900390625,1785.087158203125,366.07012939453125
452,18.08,19,2,car,0.6818360686302185,1170.691162109375,304.4015808105469,1140.997314453125,281.2865295410156,1200.385009765625,327.5166320800781
452,18.08,20,2,car,0.6078736186027527,1541.4254150390625,309.48638916015625,1506.7730712890625,280.7252502441406,1576.0777587890625,338.2475280761719
452,18.08,21,2,car,0.4646436274051666,1097.634765625,274.13423919677734,1071.095947265625,252.8463592529297,1124.173583984375,295.422119140625
453,18.12,17,2,car,0.8658806681632996,1489.568603515625,881.7116088867188,1372.56787109375,775.6212158203125,1606.5693359375,987.802001953125
453,18.12,13,2,car,0.7816576957702637,1406.3282470703125,405.5272521972656,1361.9122314453125,372.45721435546875,1450.7442626953125,438.5972900390625
453,18.12,16,2,car,0.7387843132019043,1485.0145263671875,617.6279602050781,1412.996337890625,556.8359985351562,1557.03271484375,678.419921875
453,18.12,8,2,car,0.7218676805496216,1152.8058471679688,749.7030029296875,1053.6038818359375,652.4225463867188,1252.0078125,846.9834594726562
453,18.12,19,2,car,0.7049620151519775,1171.7434692382812,304.7711181640625,1142.3662109375,281.82086181640625,1201.1207275390625,327.72137451171875
453,18.12,22,2,car,0.6773223280906677,1744.8065185546875,334.78375244140625,1708.90869140625,304.7076721191406,1780.704345703125,364.8598327636719
453,18.12,20,2,car,0.531086802482605,1538.3236083984375,308.1536407470703,1504.8094482421875,280.1197814941406,1571.8377685546875,336.1875
453,18.12,21,2,car,0.46244052052497864,1098.9451904296875,276.29891204833984,1073.6854248046875,255.95127868652344,1124.2049560546875,296.64654541015625
454,18.16,17,2,car,0.8774693012237549,1488.1386108398438,895.9301147460938,1370.341552734375,787.7032470703125,1605.9356689453125,1004.156982421875
454,18.16,8,2,car,0.788284420967102,1145.7189331054688,758.4797058105469,1043.530517578125,660.6011352539062,1247.9073486328125,856.3582763671875
454,18.16,13,2,car,0.7686685919761658,1408.42724609375,407.3626403808594,1363.9447021484375,373.8861999511719,1452.9097900390625,440.8390808105469
454,18.16,19,2,car,0.7269793748855591,1172.2135009765625,305.19578552246094,1142.6240234375,282.3770446777344,1201.802978515625,328.0145263671875
454,18.16,22,2,car,0.6846666932106018,1741.9427490234375,334.07225036621094,1705.642822265625,303.82757568359375,1778.24267578125,364.3169250488281
454,18.16,16,2,car,0.6664935946464539,1486.3153076171875,624.6740417480469,1413.7723388671875,565.4049682617188,1558.8582763671875,683.943115234375
454,18.16,20,2,car,0.6352844834327698,1534.9594116210938,305.86216735839844,1501.4476318359375,276.2000427246094,1568.47119140625,335.5242919921875
454,18.16,21,2,car,0.4473469853401184,1101.009521484375,273.1819534301758,1075.6329345703125,249.5742645263672,1126.3861083984375,296.7896423339844
455,18.2,17,2,car,0.8826351761817932,1486.689208984375,911.5447998046875,1365.72412109375,799.4320678710938,1607.654296875,1023.6575317382812
455,18.2,13,2,car,0.771742582321167,1410.7684326171875,409.9530944824219,1365.797119140625,375.2562561035156,1455.73974609375,444.6499328613281
455,18.2,8,2,car,0.7527544498443604,1138.98193359375,769.6102294921875,1035.9345703125,670.2485961914062,1242.029296875,868.9718627929688
455,18.2,16,2,car,0.7297765612602234,1486.59423828125,630.5315551757812,1412.46875,568.6228637695312,1560.7197265625,692.4402465820312
455,18.2,19,2,car,0.7061553001403809,1174.0155639648438,305.90293884277344,1144.9891357421875,282.58807373046875,1203.0419921875,329.2178039550781
455,18.2,20,2,car,0.6593955159187317,1531.056640625,305.5841064453125,1497.3743896484375,275.8451232910156,1564.7388916015625,335.3230895996094
455,18.2,22,2,car,0.5794456601142883,1739.990478515625,332.37078857421875,1704.20068359375,301.6278381347656,1775.7802734375,363.1137390136719
455,18.2,21,2,car,0.4209668040275574,1102.8018798828125,271.9759750366211,1076.3382568359375,247.67820739746094,1129.2655029296875,296.27374267578125
456,18.24,17,2,car,0.851764976978302,1483.9545288085938,928.2141723632812,1360.626708984375,814.370361328125,1607.2823486328125,1042.0579833984375
456,18.24,13,2,car,0.7938059568405151,1413.0435180664062,412.238525390625,1368.5322265625,376.7677001953125,1457.5548095703125,447.7093505859375
456,18.24,8,2,car,0.7412655353546143,1133.9072875976562,778.6494750976562,1028.0404052734375,677.7243041992188,1239.774169921875,879.5746459960938
456,18.24,16,2,car,0.7175288200378418,1487.67236328125,639.0600280761719,1412.1680908203125,577.0170288085938,1563.1766357421875,701.10302734375
456,18.24,19,2,car,0.6961260437965393,1175.90234375,307.3815155029297,1145.4698486328125,283.2237243652344,1206.3348388671875,331.539306640625
456,18.24,22,2,car,0.5593644380569458,1735.37255859375,331.31117248535156,1702.2158203125,300.1462097167969,1768.529296875,362.47613525390625
456,18.24,20,2,car,0.4391707181930542,1529.1310424804688,304.1927490234375,1496.7020263671875,274.66571044921875,1561.56005859375,333.71978759765625
456,18.24,21,2,car,0.38114431500434875,1104.4815063476562,269.2070083618164,1077.2103271484375,243.16062927246094,1131.752685546875,295.2533874511719
457,18.28,17,2,car,0.8107349276542664,1483.6530151367188,943.0751953125,1359.468505859375,826.7362060546875,1607.8375244140625,1059.4141845703125
457,18.28,8,2,car,0.7814350128173828,1127.2677612304688,787.6179809570312,1020.88916015625,684.7727661132812,1233.6463623046875,890.4631958007812
457,18.28,13,2,car,0.7588308453559875,1413.7286376953125,415.2301025390625,1369.4478759765625,378.5765075683594,1458.0093994140625,451.8836975097656
457,18.28,22,2,car,0.6947765350341797,1732.5538330078125,330.38153076171875,1700.0460205078125,300.7302551269531,1765.0616455078125,360.0328063964844
457,18.28,16,2,car,0.6936938762664795,1485.7003784179688,643.9843139648438,1409.722412109375,580.480224609375,1561.6783447265625,707.4884033203125
457,18.28,19,2,car,0.5948240756988525,1177.8883666992188,307.5120849609375,1146.7891845703125,282.4888000488281,1208.987548828125,332.5353698730469
457,18.28,21,2,car,0.5589553713798523,1106.195556640625,275.4870300292969,1080.33740234375,253.90484619140625,1132.0537109375,297.0692138671875
457,18.28,20,2,car,0.38722947239875793,1526.14892578125,302.8411407470703,1492.38427734375,272.8551025390625,1559.91357421875,332.8271789550781
458,18.32,17,2,car,0.8498051166534424,1480.4281005859375,960.7653198242188,1352.9583740234375,843.0665283203125,1607.8978271484375,1078.464111328125
458,18.32,8,2,car,0.7877248525619507,1118.6605834960938,799.5265197753906,1009.31689453125,696.1982421875,1228.0042724609375,902.8547973632812
458,18.32,13,2,car,0.7557404041290283,1413.8338012695312,417.0643615722656,1369.132080078125,381.236572265625,1458.5355224609375,452.89215087890625
458,18.32,16,2,car,0.7383776307106018,1486.73876953125,653.0404663085938,1409.4927978515625,591.1549072265625,1563.9847412109375,714.926025390625
458,18.32,22,2,car,0.6516640782356262,1727.94482421875,329.65431213378906,1693.2745361328125,300.4644775390625,1762.6151123046875,358.8441467285156
458,18.32,19,2,car,0.6056651473045349,1180.10986328125,309.3785858154297,1148.5950927734375,285.5125732421875,1211.6246337890625,333.2445983886719
458,18.32,21,2,car,0.5293096899986267,1106.9497680664062,276.3405303955078,1081.31201171875,255.2017822265625,1132.5875244140625,297.4792785644531
458,18.32,20,2,car,0.41949495673179626,1521.54638671875,300.81884765625,1488.2779541015625,269.36517333984375,1554.8148193359375,332.27252197265625
459,18.36,17,2,car,0.8363825082778931,1477.6638793945312,967.6581726074219,1347.6068115234375,857.8621215820312,1607.720947265625,1077.4542236328125
459,18.36,8,2,car,0.7831147909164429,1111.13916015625,811.870849609375,1000.109619140625,704.1107177734375,1222.168701171875,919.6309814453125
459,18.36,13,2,car,0.7744766473770142,1416.2930908203125,419.64979553222656,1371.3211669921875,382.7355041503906,1461.2650146484375,456.5640869140625
459,18.36,16,2,car,0.7687774896621704,1487.649169921875,659.260986328125,1409.7330322265625,594.7445068359375,1565.5653076171875,723.7774658203125
459,18.36,22,2,car,0.6524842977523804,1724.9739990234375,328.3679504394531,1689.5518798828125,298.5156555175781,1760.3961181640625,358.2202453613281
459,18.36,21,2,car,0.5932508111000061,1109.1261596679688,276.0998306274414,1083.1873779296875,255.08042907714844,1135.06494140625,297.1192321777344
459,18.36,19,2,car,0.5694032311439514,1179.9191284179688,307.592041015625,1148.3922119140625,281.30133056640625,1211.446044921875,333.88275146484375
459,18.36,20,2,car,0.523467481136322,1518.994384765625,300.3228302001953,1485.134521484375,270.3879089355469,1552.854248046875,330.25775146484375
459,18.36,24,2,car,0.4003204107284546,952.5063781738281,239.8084259033203,932.6184692382812,223.06219482421875,972.394287109375,256.5546569824219
460,18.4,8,2,car,0.8575183153152466,1103.1362609863281,823.3604431152344,990.0225219726562,714.9212646484375,1216.25,931.7996215820312
460,18.4,17,2,car,0.8271204829216003,1477.0449829101562,977.0380249023438,1345.2301025390625,874.52294921875,1608.85986328125,1079.5531005859375
460,18.4,13,2,car,0.7854707837104797,1417.9264526367188,421.72998046875,1372.617919921875,384.8896179199219,1463.2349853515625,458.5703430175781
460,18.4,16,2,car,0.6738666892051697,1487.5225830078125,667.2681579589844,1407.57177734375,602.2930908203125,1567.473388671875,732.2432250976562
460,18.4,19,2,car,0.6359123587608337,1183.6543579101562,310.26109313964844,1152.536865234375,285.281982421875,1214.7718505859375,335.2402038574219
460,18.4,22,2,car,0.5346604585647583,1721.830078125,328.2991485595703,1686.74853515625,298.5591735839844,1756.91162109375,358.03912353515625
460,18.4,21,2,car,0.35747432708740234,1110.2125854492188,277.810791015625,1084.1290283203125,257.4632263183594,1136.296142578125,298.1583557128906
460,18.4,24,2,car,0.3514305651187897,954.7391967773438,240.54884338378906,935.211181640625,223.73178100585938,974.2672119140625,257.36590576171875
461,18.44,17,2,car,0.8295596241950989,1471.8504638671875,985.4648132324219,1334.9600830078125,891.0712280273438,1608.7408447265625,1079.8583984375
461,18.44,13,2,car,0.7786940932273865,1419.8138427734375,424.2879638671875,1373.23974609375,387.2148742675781,1466.387939453125,461.3610534667969
461,18.44,8,2,car,0.7548595666885376,1096.0523681640625,833.0411682128906,980.980224609375,720.2821655273438,1211.12451171875,945.8001708984375
461,18.44,16,2,car,0.6295531988143921,1488.6497802734375,675.6412963867188,1407.9046630859375,608.7200927734375,1569.3948974609375,742.5625
461,18.44,19,2,car,0.6293068528175354,1183.3306274414062,311.66893005371094,1152.970458984375,287.7760925292969,1213.6907958984375,335.561767578125
461,18.44,22,2,car,0.5460816025733948,1717.0262451171875,326.8222961425781,1680.801025390625,296.4071044921875,1753.25146484375,357.23748779296875
461,18.44,24,2,car,0.40513503551483154,956.9278564453125,241.46039581298828,937.4736328125,224.51573181152344,976.382080078125,258.4050598144531
461,18.44,21,2,car,0.37888309359550476,1111.86474609375,278.81288146972656,1085.426513671875,257.0581970214844,1138.302978515625,300.56756591796875
462,18.48,13,2,car,0.8096907734870911,1421.2968139648438,426.7215270996094,1373.158935546875,388.6408996582031,1469.4346923828125,464.8021545410156
462,18.48,17,2,car,0.8092548847198486,1471.8680419921875,993.7505493164062,1334.1375732421875,907.5010986328125,1609.5985107421875,1080.0
462,18.48,19,2,car,0.7211921215057373,1185.3480224609375,312.27882385253906,1153.6846923828125,287.6205139160156,1217.0113525390625,336.9371337890625
462,18.48,8,2,car,0.6849269866943359,1085.7414855957031,846.5113220214844,968.4302368164062,732.4246215820312,1203.052734375,960.5980224609375
462,18.48,22,2,car,0.6775627732276917,1716.339111328125,324.9633026123047,1682.51220703125,295.3041076660156,1750.166015625,354.62249755859375
462,18.48,16,2,car,0.6473641991615295,1489.6185302734375,683.7416687011719,1407.716064453125,615.2159423828125,1571.52099609375,752.2673950195312
462,18.48,24,2,car,0.42193472385406494,959.077880859375,241.52313232421875,940.2799072265625,224.18215942382812,977.8758544921875,258.8641052246094
462,18.48,18,2,car,0.3661169707775116,1096.7559204101562,232.47154998779297,1053.166015625,214.73780822753906,1140.3458251953125,250.20529174804688
462,18.48,21,2,car,0.35041365027427673,1114.9705200195312,280.32257080078125,1087.0302734375,258.103271484375,1142.9107666015625,302.5418701171875
463,18.52,8,2,car,0.8560307025909424,1078.0122680664062,859.7589111328125,957.9671630859375,744.2481079101562,1198.057373046875,975.2697143554688
463,18.52,17,2,car,0.845539391040802,1468.1663208007812,1002.3856811523438,1324.2294921875,925.3839111328125,1612.1031494140625,1079.387451171875
463,18.52,13,2,car,0.7715164422988892,1423.158935546875,428.3760681152344,1375.6121826171875,389.2803955078125,1470.7056884765625,467.47174072265625
463,18.52,16,2,car,0.7059842944145203,1489.3124389648438,691.2874145507812,1405.382568359375,623.3270874023438,1573.2423095703125,759.2477416992188
463,18.52,22,2,car,0.6307393908500671,1712.5845336914062,324.7925567626953,1677.7291259765625,295.0162658691406,1747.43994140625,354.56884765625
463,18.52,19,2,car,0.6121824979782104,1187.468017578125,312.42694091796875,1157.227783203125,287.081298828125,1217.708251953125,337.7725830078125
463,18.52,24,2,car,0.4949682354927063,960.1023559570312,241.4762420654297,941.1509399414062,224.15762329101562,979.0537719726562,258.79486083984375
463,18.52,20,2,car,0.3747022747993469,1509.519775390625,296.52622985839844,1479.6431884765625,268.307861328125,1539.3963623046875,324.7445983886719
463,18.52,21,2,car,0.3683925271034241,1117.8599853515625,280.82582092285156,1090.571044921875,260.5781555175781,1145.14892578125,301.073486328125
464,18.56,8,2,car,0.8351798057556152,1068.5530700683594,874.7625427246094,945.0027465820312,754.0796508789062,1192.1033935546875,995.4454345703125
464,18.56,17,2,car,0.7895902395248413,1468.416259765625,1011.5938720703125,1323.9486083984375,943.6036376953125,1612.8839111328125,1079.5841064453125
464,18.56,13,2,car,0.7620294690132141,1424.8523559570312,431.9369201660156,1377.0166015625,393.0151062011719,1472.6881103515625,470.8587341308594
464,18.56,16,2,car,0.759326696395874,1489.392578125,697.9438171386719,1404.7635498046875,627.9049682617188,1574.0216064453125,767.982666015625
464,18.56,19,2,car,0.70255047082901,1188.2097778320312,313.64610290527344,1156.546630859375,288.432861328125,1219.8729248046875,338.8593444824219
464,18.56,22,2,car,0.6018689274787903,1710.2255249023438,323.4261474609375,1676.6368408203125,293.4861145019531,1743.814208984375,353.3661804199219
464,18.56,21,2,car,0.4984581470489502,1118.4961547851562,280.7810516357422,1091.0946044921875,261.0257568359375,1145.897705078125,300.5363464355469
464,18.56,24,2,car,0.45055410265922546,960.984375,240.6497039794922,942.202880859375,223.31442260742188,979.765869140625,257.9849853515625
464,18.56,20,2,car,0.447515070438385,1505.0504150390625,295.14947509765625,1475.3909912109375,266.88873291015625,1534.7098388671875,323.41021728515625
465,18.6,13,2,car,0.8041772842407227,1426.3804321289062,434.9717102050781,1378.3516845703125,395.90643310546875,1474.4091796875,474.0369873046875
465,18.6,8,2,car,0.7968263030052185,1060.0909118652344,886.8373718261719,935.5248413085938,765.0078735351562,1184.656982421875,1008.6668701171875
465,18.6,16,2,car,0.7586888670921326,1489.6029663085938,707.388427734375,1404.059326171875,636.7285766601562,1575.1466064453125,778.0482788085938
465,18.6,17,2,car,0.7427782416343689,1472.7305297851562,1019.7349243164062,1329.58642578125,962.85791015625,1615.8746337890625,1076.6119384765625
465,18.6,22,2,car,0.6515800952911377,1705.22802734375,323.70556640625,1670.528076171875,293.7366027832031,1739.927978515625,353.6745300292969
465,18.6,19,2,car,0.6487409472465515,1189.8717041015625,314.1210479736328,1160.4195556640625,288.7665710449219,1219.3238525390625,339.47552490234375
465,18.6,24,2,car,0.4940362572669983,964.011474609375,241.5549774169922,944.6310424804688,223.959228515625,983.3919067382812,259.1507263183594
465,18.6,21,2,car,0.4597075283527374,1118.5690307617188,280.5474548339844,1091.13671875,259.93682861328125,1146.0013427734375,301.1580810546875
465,18.6,20,2,car,0.41063252091407776,1502.5376586914062,294.3916473388672,1473.5848388671875,266.31884765625,1531.490478515625,322.4644470214844
466,18.64,13,2,car,0.8223087787628174,1426.9389038085938,437.74420166015625,1378.311767578125,398.2096252441406,1475.5660400390625,477.2787780761719
466,18.64,8,2,car,0.8022328019142151,1049.5843200683594,902.417724609375,923.0454711914062,778.3399658203125,1176.1231689453125,1026.4954833984375
466,18.64,17,2,car,0.7823727130889893,1457.269775390625,1031.5896606445312,1325.2225341796875,986.537841796875,1589.3170166015625,1076.6414794921875
466,18.64,16,2,car,0.7518112659454346,1490.3429565429688,715.8711242675781,1403.2603759765625,643.1463012695312,1577.425537109375,788.595947265625
466,18.64,19,2,car,0.6632062792778015,1190.9224853515625,315.10240173339844,1160.5450439453125,289.2063903808594,1221.2999267578125,340.9984130859375
466,18.64,22,2,car,0.6380351781845093,1702.4718017578125,322.9566345214844,1669.1279296875,293.33660888671875,1735.815673828125,352.57666015625
466,18.64,24,2,car,0.5910040140151978,965.2849731445312,241.5841522216797,945.39111328125,224.55029296875,985.1788330078125,258.6180114746094
466,18.64,21,2,car,0.5275022983551025,1121.0371704101562,283.3971405029297,1094.31201171875,261.708251953125,1147.7623291015625,305.0860290527344
466,18.64,20,2,car,0.4042283892631531,1499.848876953125,292.4606170654297,1468.9134521484375,262.7840270996094,1530.7843017578125,322.13720703125
467,18.68,13,2,car,0.8065890073776245,1428.1196899414062,438.7608337402344,1379.448974609375,399.85064697265625,1476.7904052734375,477.6710205078125
467,18.68,16,2,car,0.7423266768455505,1489.950927734375,724.3872375488281,1401.67431640625,650.1458129882812,1578.2275390625,798.628662109375
467,18.68,17,2,car,0.729816734790802,1460.9843139648438,1041.2384033203125,1337.461669921875,1004.009765625,1584.5069580078125,1078.467041015625
467,18.68,19,2,car,0.7290541529655457,1191.0504760742188,316.3513488769531,1161.5831298828125,290.4311218261719,1220.517822265625,342.2715759277344
467,18.68,8,2,car,0.7036229968070984,1039.1937255859375,918.6562805175781,910.169677734375,792.5530395507812,1168.2177734375,1044.759521484375
467,18.68,22,2,car,0.6516700983047485,1698.1607666015625,321.7174377441406,1664.1522216796875,291.83837890625,1732.1693115234375,351.59649658203125
467,18.68,21,2,car,0.6172699928283691,1123.6027221679688,283.90455627441406,1097.376708984375,262.67681884765625,1149.8287353515625,305.1322937011719
467,18.68,24,2,car,0.5782919526100159,966.6787719726562,242.82433319091797,947.18408203125,226.1992950439453,986.1734619140625,259.4493713378906
467,18.68,20,2,car,0.4270816445350647,1494.8076171875,290.7561492919922,1463.5970458984375,262.7165222167969,1526.0181884765625,318.7957763671875
468,18.72,8,2,car,0.795434296131134,1027.0280151367188,933.7937927246094,892.342529296875,804.1117553710938,1161.7135009765625,1063.475830078125
468,18.72,16,2,car,0.7810006737709045,1490.44091796875,735.2240295410156,1399.91650390625,659.5257568359375,1580.96533203125,810.9223022460938
468,18.72,13,2,car,0.7422332763671875,1429.8756713867188,440.9942321777344,1380.288818359375,401.7886962890625,1479.4625244140625,480.19976806640625
468,18.72,22,2,car,0.6377478837966919,1694.625732421875,319.26963806152344,1662.0977783203125,291.3023376464844,1727.1536865234375,347.2369384765625
468,18.72,21,2,car,0.592199981212616,1125.4035034179688,283.0553283691406,1099.5423583984375,261.7074279785156,1151.2646484375,304.4032287597656
468,18.72,19,2,car,0.5774239301681519,1192.1638793945312,317.36407470703125,1162.5731201171875,291.6627502441406,1221.754638671875,343.0653991699219
468,18.72,20,2,car,0.5127014517784119,1492.12548828125,289.42311096191406,1461.0513916015625,261.08074951171875,1523.1995849609375,317.7654724121094
468,18.72,24,2,car,0.5037269592285156,968.3491516113281,243.35549926757812,949.743896484375,226.50137329101562,986.9544067382812,260.2096252441406
469,18.76,16,2,car,0.7810891270637512,1490.1734008789062,744.5867614746094,1399.3433837890625,667.4197998046875,1581.00341796875,821.7537231445312
469,18.76,8,2,car,0.7751441597938538,1018.0036926269531,946.3578796386719,881.8866577148438,818.5094604492188,1154.1207275390625,1074.206298828125
469,18.76,13,2,car,0.7244981527328491,1431.028564453125,444.48980712890625,1381.4652099609375,405.6558837890625,1480.5919189453125,483.32373046875
469,18.76,22,2,car,0.6914563775062561,1690.2098999023438,317.68247985839844,1657.0009765625,288.6845703125,1723.4188232421875,346.6803894042969
469,18.76,19,2,car,0.6524346470832825,1194.1188354492188,317.9849090576172,1163.1961669921875,291.7193603515625,1225.04150390625,344.2504577636719
469,18.76,21,2,car,0.6097718477249146,1127.4935302734375,284.2963409423828,1100.361328125,261.85394287109375,1154.625732421875,306.7387390136719
469,18.76,18,2,car,0.48487943410873413,1098.9817504882812,233.54246520996094,1067.8568115234375,217.52064514160156,1130.106689453125,249.5642852783203
469,18.76,24,2,car,0.4509817063808441,969.966064453125,243.1446533203125,949.2579345703125,225.4599609375,990.6741943359375,260.829345703125
469,18.76,20,2,car,0.39811787009239197,1490.2832641601562,287.9062805175781,1461.5418701171875,258.8393859863281,1519.024658203125,316.9731750488281
469,18.76,23,2,car,0.3714933693408966,1333.7007446289062,250.19849395751953,1312.5538330078125,236.3279571533203,1354.84765625,264.06903076171875
470,18.8,8,2,car,0.816828727722168,1005.6058349609375,955.0758972167969,865.7159423828125,831.3088989257812,1145.4957275390625,1078.8428955078125
470,18.8,16,2,car,0.7862702012062073,1490.7816772460938,752.7179260253906,1398.622314453125,674.5281372070312,1582.9410400390625,830.90771484375
470,18.8,13,2,car,0.750510036945343,1432.8584594726562,447.6397705078125,1382.314208984375,407.7151794433594,1483.4027099609375,487.5643615722656
470,18.8,22,2,car,0.6625372171401978,1688.5189208984375,317.5483093261719,1656.1634521484375,289.04498291015625,1720.8743896484375,346.0516357421875
470,18.8,21,2,car,0.6352679133415222,1128.740478515625,284.8800811767578,1102.743896484375,262.12408447265625,1154.737060546875,307.6360778808594
470,18.8,19,2,car,0.5192069411277771,1195.167724609375,319.19664001464844,1162.9776611328125,292.8793029785156,1227.3577880859375,345.51397705078125
470,18.8,24,2,car,0.4856826066970825,973.3456420898438,244.17305755615234,950.5211791992188,227.2646026611328,996.1701049804688,261.0815124511719
470,18.8,18,2,car,0.4695304334163666,1103.4744262695312,233.48533630371094,1079.31884765625,218.0402069091797,1127.6300048828125,248.9304656982422
470,18.8,23,2,car,0.43494099378585815,1332.1048583984375,250.09373474121094,1312.3265380859375,236.4305419921875,1351.8831787109375,263.7569274902344
470,18.8,20,2,car,0.36530405282974243,1486.7863159179688,288.63270568847656,1457.4903564453125,258.9388122558594,1516.082275390625,318.32659912109375
471,18.84,8,2,car,0.8605781197547913,991.54833984375,962.003662109375,849.9078369140625,844.0380859375,1133.1888427734375,1079.96923828125
471,18.84,16,2,car,0.7811955213546753,1489.7334594726562,764.3953857421875,1395.4046630859375,684.66796875,1584.062255859375,844.122802734375
471,18.84,22,2,car,0.7413780689239502,1686.931640625,317.1745300292969,1655.71875,289.0837097167969,1718.14453125,345.2653503417969
471,18.84,13,2,car,0.7192949652671814,1435.365966796875,449.40966796875,1384.32568359375,408.7182312011719,1486.40625,490.1011047363281
471,18.84,21,2,car,0.6709657311439514,1130.5628051757812,285.8637237548828,1103.38525390625,262.65924072265625,1157.7403564453125,309.0682067871094
471,18.84,19,2,car,0.5820940136909485,1198.35107421875,319.8992614746094,1167.6873779296875,293.51129150390625,1229.0147705078125,346.2872314453125
471,18.84,24,2,car,0.5338442325592041,974.427978515625,244.47733306884766,951.2495727539062,227.36476135253906,997.6063842773438,261.58990478515625
471,18.84,23,2,car,0.4973531663417816,1331.123779296875,250.15200805664062,1311.5670166015625,236.22409057617188,1350.6805419921875,264.0799255371094
471,18.84,20,2,car,0.45256298780441284,1482.2133178710938,288.0235595703125,1452.6317138671875,257.7762756347656,1511.794921875,318.2708435058594
471,18.84,18,2,car,0.4187919497489929,1093.4216918945312,233.41655731201172,1060.747314453125,216.7192840576172,1126.0960693359375,250.11383056640625
472,18.88,8,2,car,0.8609563112258911,979.844970703125,969.3451232910156,837.6917724609375,859.8557739257812,1121.9981689453125,1078.83447265625
472,18.88,21,2,car,0.7571548819541931,1131.5853881835938,285.1816711425781,1105.1378173828125,262.25830078125,1158.032958984375,308.10504150390625
472,18.88,16,2,car,0.7402466535568237,1489.8214111328125,774.2969665527344,1394.453369140625,694.448974609375,1585.189453125,854.1449584960938
472,18.88,13,2,car,0.7075751423835754,1435.5782470703125,452.50177001953125,1384.8824462890625,410.83062744140625,1486.2740478515625,494.17291259765625
472,18.88,22,2,car,0.6193661093711853,1682.341552734375,315.96778869628906,1651.8709716796875,288.09735107421875,1712.8121337890625,343.8382263183594
472,18.88,19,2,car,0.6131975054740906,1199.4111938476562,320.51947021484375,1167.412109375,293.9456481933594,1231.4102783203125,347.0932922363281
472,18.88,24,2,car,0.537205159664154,976.0726013183594,244.07867431640625,953.9429321289062,226.77255249023438,998.2022705078125,261.3847961425781
472,18.88,23,2,car,0.44139474630355835,1329.224853515625,249.2836151123047,1311.35595703125,235.86672973632812,1347.09375,262.70050048828125
473,18.92,8,2,car,0.7943310737609863,967.0893249511719,977.4153442382812,821.8078002929688,876.8126220703125,1112.370849609375,1078.01806640625
473,18.92,16,2,car,0.7191994190216064,1489.5726318359375,785.7872314453125,1392.4578857421875,702.6135864257812,1586.6873779296875,868.9608764648438
473,18.92,21,2,car,0.7114540934562683,1132.8314208984375,284.47760009765625,1105.6827392578125,261.3534851074219,1159.9801025390625,307.6017150878906
473,18.92,13,2,car,0.702288031578064,1438.1420288085938,455.9156799316406,1387.720458984375,414.1328430175781,1488.5635986328125,497.6985168457031
473,18.92,22,2,car,0.6214374303817749,1677.3088989257812,315.5650939941406,1643.53125,287.44580078125,1711.0865478515625,343.68438720703125
473,18.92,24,2,car,0.6195521354675293,978.4264526367188,244.9799575805664,955.7125854492188,227.99244689941406,1001.1403198242188,261.96746826171875
473,18.92,19,2,car,0.5882509350776672,1201.9854125976562,319.67320251464844,1167.75732421875,292.51025390625,1236.2135009765625,346.8361511230469
473,18.92,23,2,car,0.4177640974521637,1324.6083984375,249.18096923828125,1304.0430908203125,235.62771606445312,1345.1737060546875,262.7342224121094
474,18.96,8,2,car,0.8084428310394287,952.8245544433594,985.8579711914062,804.8120727539062,891.7196044921875,1100.8370361328125,1079.996337890625
474,18.96,13,2,car,0.8057845234870911,1439.7251586914062,459.7366180419922,1387.3289794921875,418.0419006347656,1492.121337890625,501.43133544921875
474,18.96,16,2,car,0.7452883720397949,1489.71240234375,796.0879211425781,1390.934326171875,713.788330078125,1588.490478515625,878.3875122070312
474,18.96,21,2,car,0.7277291417121887,1134.2306518554688,288.0102844238281,1107.2330322265625,264.7110900878906,1161.228271484375,311.3094787597656
474,18.96,22,2,car,0.7003971338272095,1675.8554077148438,314.5294494628906,1643.3697509765625,287.26641845703125,1708.341064453125,341.79248046875
474,18.96,19,2,car,0.6230841279029846,1201.0006103515625,322.317626953125,1164.186767578125,292.3717346191406,1237.814453125,352.2635192871094
474,18.96,24,2,car,0.6017752885818481,980.9652099609375,245.4638214111328,959.7463989257812,228.27694702148438,1002.1840209960938,262.65069580078125
475,19.0,13,2,car,0.8121588230133057,1441.5169677734375,462.79554748535156,1388.7930908203125,421.6894226074219,1494.2408447265625,503.90167236328125
475,19.0,16,2,car,0.7956744432449341,1489.455078125,808.4199829101562,1388.1900634765625,722.2739868164062,1590.7200927734375,894.5659790039062
475,19.0,8,2,car,0.7622273564338684,926.9319152832031,994.1628112792969,765.7822875976562,908.3256225585938,1088.08154296875,1080.0
475,19.0,22,2,car,0.6690133213996887,1673.87255859375,315.07945251464844,1641.368408203125,288.6443786621094,1706.376708984375,341.5145263671875
475,19.0,21,2,car,0.6429882049560547,1135.8414306640625,289.68743896484375,1109.769775390625,266.9252014160156,1161.9130859375,312.4496765136719
475,19.0,24,2,car,0.6074485778808594,982.0770263671875,245.23249053955078,961.4371948242188,227.2701873779297,1002.7168579101562,263.1947937011719
475,19.0,19,2,car,0.6008894443511963,1202.38916015625,324.23382568359375,1167.017578125,294.9461975097656,1237.7607421875,353.5214538574219
475,19.0,20,2,car,0.48578864336013794,1471.3404541015625,284.71287536621094,1442.1131591796875,256.53857421875,1500.5677490234375,312.8871765136719
476,19.04,13,2,car,0.8127629160881042,1443.38232421875,465.1388854980469,1390.779052734375,423.5126037597656,1495.985595703125,506.7651672363281
476,19.04,16,2,car,0.8106346130371094,1489.526611328125,819.3475341796875,1386.9954833984375,732.75,1592.0577392578125,905.945068359375
476,19.04,8,2,car,0.7524216771125793,917.2801818847656,1001.1785888671875,759.1843872070312,927.2904052734375,1075.3759765625,1075.0667724609375
476,19.04,24,2,car,0.6548492312431335,983.0414428710938,246.3609848022461,962.38037109375,227.52159118652344,1003.7025146484375,265.20037841796875
476,19.04,22,2,car,0.6297355890274048,1668.6619262695312,314.2405700683594,1634.4635009765625,286.5870666503906,1702.8603515625,341.8940734863281
476,19.04,19,2,car,0.623420238494873,1206.1676025390625,324.6236572265625,1171.7371826171875,296.30694580078125,1240.5980224609375,352.94036865234375
476,19.04,21,2,car,0.573379635810852,1137.3569946289062,289.95001220703125,1111.7598876953125,267.1736145019531,1162.9541015625,312.7264099121094
477,19.08,16,2,car,0.8277307748794556,1488.1138916015625,831.3965148925781,1383.3006591796875,741.5744018554688,1592.9271240234375,921.2186279296875
477,19.08,13,2,car,0.8055271506309509,1444.4425659179688,468.4208221435547,1391.145751953125,425.4920654296875,1497.7393798828125,511.3495788574219
477,19.08,8,2,car,0.7924636602401733,907.5498046875,1011.4636840820312,754.4952392578125,944.8857421875,1060.6043701171875,1078.0416259765625
477,19.08,24,2,car,0.6452146172523499,985.0562438964844,247.69129943847656,962.832275390625,229.55868530273438,1007.2802124023438,265.82391357421875
477,19.08,22,2,car,0.6334952116012573,1665.43505859375,313.6947784423828,1632.43505859375,286.10467529296875,1698.43505859375,341.2848815917969
477,19.08,19,2,car,0.6321425437927246,1204.0940551757812,326.3778533935547,1168.442138671875,296.27398681640625,1239.7459716796875,356.4817199707031
477,19.08,21,2,car,0.48690930008888245,1139.7552490234375,290.65667724609375,1113.367431640625,267.6998291015625,1166.14306640625,313.613525390625
478,19.12,16,2,car,0.8102045059204102,1487.3427734375,844.6723022460938,1382.4771728515625,753.1137084960938,1592.2083740234375,936.2308959960938
478,19.12,13,2,car,0.7947803139686584,1445.353759765625,470.0072937011719,1391.45263671875,427.61114501953125,1499.2548828125,512.4034423828125
478,19.12,8,2,car,0.7868204712867737,894.5086364746094,1021.7737426757812,750.9230346679688,965.6920166015625,1038.09423828125,1077.85546875
478,19.12,22,2,car,0.6814732551574707,1663.0223999023438,312.8151550292969,1630.76123046875,285.29443359375,1695.2835693359375,340.33587646484375
478,19.12,24,2,car,0.6427314281463623,986.608154296875,247.15633392333984,963.5238647460938,228.4119415283203,1009.6924438476562,265.9007263183594
478,19.12,21,2,car,0.6354759335517883,1142.9278564453125,293.2503967285156,1114.934326171875,270.6325378417969,1170.92138671875,315.8682556152344
478,19.12,19,2,car,0.6141520142555237,1205.7937622070312,328.7411346435547,1169.775634765625,298.93572998046875,1241.8118896484375,358.5465393066406
478,19.12,20,2,car,0.3964921534061432,1460.6146850585938,286.6494140625,1431.0382080078125,260.4264221191406,1490.191162109375,312.8724060058594
479,19.16,16,2,car,0.8547810912132263,1487.1221313476562,859.0450744628906,1379.01171875,765.889892578125,1595.2325439453125,952.2002563476562
479,19.16,13,2,car,0.7977551817893982,1447.9815063476562,473.7451477050781,1393.1292724609375,431.07550048828125,1502.833740234375,516.414794921875
479,19.16,8,2,car,0.7884354591369629,883.1141662597656,1032.5014038085938,742.1798706054688,987.0538330078125,1024.0484619140625,1077.948974609375
479,19.16,19,2,car,0.6506668925285339,1207.647705078125,331.7228088378906,1172.85107421875,303.9148864746094,1242.4443359375,359.5307312011719
479,19.16,22,2,car,0.6413519978523254,1660.4703369140625,311.95330810546875,1628.384033203125,285.01519775390625,1692.556640625,338.89141845703125
479,19.16,21,2,car,0.6023111343383789,1143.5467529296875,293.02308654785156,1116.02490234375,270.3675842285156,1171.068603515625,315.6785888671875
479,19.16,24,2,car,0.5750149488449097,988.6279602050781,247.40643310546875,967.9006958007812,230.09262084960938,1009.355224609375,264.7202453613281
479,19.16,20,2,car,0.5083007216453552,1458.954833984375,285.5710906982422,1429.364990234375,258.92877197265625,1488.544677734375,312.2134094238281
480,19.2,16,2,car,0.8428677320480347,1487.9051513671875,872.5106506347656,1377.6441650390625,776.7127075195312,1598.1661376953125,968.30859375
480,19.2,13,2,car,0.7836127877235413,1449.5707397460938,477.3957214355469,1395.3680419921875,433.55181884765625,1503.7734375,521.2396240234375
480,19.2,22,2,car,0.6601641178131104,1657.67724609375,310.82301330566406,1623.8345947265625,283.5062255859375,1691.5198974609375,338.1398010253906
480,19.2,21,2,car,0.6075920462608337,1144.1802978515625,294.50880432128906,1116.6243896484375,271.7732849121094,1171.7362060546875,317.24432373046875
480,19.2,19,2,car,0.5910597443580627,1208.9443359375,332.7518310546875,1173.3592529296875,305.64801025390625,1244.5294189453125,359.85565185546875
480,19.2,24,2,car,0.5715950131416321,991.0090942382812,247.1823959350586,970.5137329101562,229.7892608642578,1011.5044555664062,264.5755310058594
481,19.24,16,2,car,0.8605807423591614,1484.9760131835938,885.4981994628906,1373.1199951171875,787.3673095703125,1596.83203125,983.6290893554688
481,19.24,13,2,car,0.835807740688324,1450.3432006835938,480.9156799316406,1394.7001953125,437.10125732421875,1505.9862060546875,524.7301025390625
481,19.24,22,2,car,0.6486024856567383,1655.2188720703125,310.17840576171875,1624.1466064453125,283.49859619140625,1686.2911376953125,336.85821533203125
481,19.24,19,2,car,0.6002652049064636,1210.45751953125,332.6373291015625,1174.95263671875,304.99237060546875,1245.96240234375,360.28228759765625
481,19.24,24,2,car,0.5745624899864197,992.8552551269531,247.83554077148438,972.3667602539062,230.41104125976562,1013.34375,265.2600402832031
481,19.24,21,2,car,0.5597202777862549,1145.3723754882812,296.64349365234375,1117.60205078125,273.5761413574219,1173.1427001953125,319.7108459472656
481,19.24,20,2,car,0.3538016378879547,1451.4283447265625,284.94602966308594,1421.78173828125,260.2021179199219,1481.074951171875,309.68994140625
482,19.28,16,2,car,0.8404370546340942,1483.2017211914062,901.0112915039062,1369.1539306640625,801.9168090820312,1597.24951171875,1000.1057739257812
482,19.28,13,2,car,0.8096140027046204,1450.683837890625,483.0388641357422,1395.29443359375,437.8948059082031,1506.0732421875,528.1829223632812
482,19.28,19,2,car,0.66934734582901,1214.4483032226562,334.73236083984375,1178.8597412109375,308.5527648925781,1250.036865234375,360.9119567871094
482,19.28,22,2,car,0.6651262044906616,1650.1959228515625,308.7961883544922,1618.077392578125,283.2960510253906,1682.314453125,334.29632568359375
482,19.28,24,2,car,0.6519712805747986,994.51708984375,248.46935272216797,972.1895751953125,231.3592071533203,1016.8446044921875,265.5794982910156
482,19.28,21,2,car,0.6230899095535278,1147.705078125,298.7944641113281,1119.1644287109375,276.2475280761719,1176.2457275390625,321.3414001464844
482,19.28,20,2,car,0.48648834228515625,1446.9833984375,285.2574462890625,1416.9039306640625,260.6953125,1477.0628662109375,309.819580078125
482,19.28,23,2,car,0.4238193929195404,1304.6294555664062,244.5583267211914,1285.45068359375,229.09938049316406,1323.8082275390625,260.01727294921875
483,19.32,13,2,car,0.8053436875343323,1453.3765869140625,486.2101135253906,1398.551513671875,441.403564453125,1508.20166015625,531.0166625976562
483,19.32,16,2,car,0.8045729398727417,1483.0374145507812,917.4775085449219,1365.84716796875,815.8685302734375,1600.2276611328125,1019.0864868164062
483,19.32,19,2,car,0.6776321530342102,1215.0863647460938,335.59886169433594,1180.5057373046875,310.1104431152344,1249.6669921875,361.0872802734375
483,19.32,22,2,car,0.6616902947425842,1646.5843505859375,306.1202850341797,1613.9578857421875,278.12213134765625,1679.2108154296875,334.1184387207031
483,19.32,24,2,car,0.6008198261260986,996.4062194824219,249.10164642333984,972.7706909179688,231.51402282714844,1020.041748046875,266.68927001953125
483,19.32,21,2,car,0.5761591196060181,1149.9682006835938,298.59169006347656,1121.249755859375,275.9217224121094,1178.6866455078125,321.26165771484375
483,19.32,20,2,car,0.497977614402771,1443.9412841796875,283.7027893066406,1413.990478515625,258.8616943359375,1473.89208984375,308.54388427734375
483,19.32,23,2,car,0.48280319571495056,1302.3361206054688,244.78357696533203,1282.8629150390625,229.2755584716797,1321.809326171875,260.2915954589844
484,19.36,16,2,car,0.8604825735092163,1479.7844848632812,933.4364929199219,1360.5389404296875,828.5288696289062,1599.030029296875,1038.3441162109375
484,19.36,13,2,car,0.7890267968177795,1455.0065307617188,489.56358337402344,1399.9151611328125,444.8070373535156,1510.097900390625,534.3201293945312
484,19.36,22,2,car,0.7130101919174194,1642.86669921875,305.3596649169922,1609.6429443359375,277.22601318359375,1676.0904541015625,333.4933166503906
484,19.36,19,2,car,0.6647477746009827,1215.8934936523438,335.22401428222656,1181.4827880859375,308.277587890625,1250.30419921875,362.1704406738281
484,19.36,21,2,car,0.5728248953819275,1151.5511474609375,298.55921936035156,1123.2374267578125,275.2669372558594,1179.8648681640625,321.85150146484375
484,19.36,24,2,car,0.5140860080718994,998.9558715820312,249.28499603271484,975.6967163085938,231.70912170410156,1022.2150268554688,266.8608703613281
484,19.36,23,2,car,0.4814035892486572,1300.3815307617188,244.4640655517578,1280.9212646484375,229.24118041992188,1319.841796875,259.68695068359375
484,19.36,20,2,car,0.35629671812057495,1442.137939453125,281.0400161743164,1414.1619873046875,255.70692443847656,1470.1138916015625,306.37310791015625
485,19.4,13,2,car,0.857096791267395,1456.045654296875,492.70933532714844,1400.3492431640625,447.7043151855469,1511.7420654296875,537.71435546875
485,19.4,16,2,car,0.8519970774650574,1479.4536743164062,948.8663635253906,1359.434814453125,842.6171264648438,1599.4725341796875,1055.1156005859375
485,19.4,22,2,car,0.7396370768547058,1638.9417114257812,303.94761657714844,1608.6719970703125,275.7132568359375,1669.21142578125,332.1819763183594
485,19.4,19,2,car,0.6378428339958191,1217.0978393554688,336.5503692626953,1183.3165283203125,310.16180419921875,1250.879150390625,362.9389343261719
485,19.4,24,2,car,0.5362122654914856,1000.4933776855469,248.39108276367188,976.7330932617188,228.88247680664062,1024.253662109375,267.8996887207031
485,19.4,21,2,car,0.48847997188568115,1153.30224609375,299.5743103027344,1124.89453125,277.2188720703125,1181.7099609375,321.92974853515625
485,19.4,23,2,car,0.4802628457546234,1297.365966796875,242.80398559570312,1277.2305908203125,225.90060424804688,1317.5013427734375,259.7073669433594
486,19.44,16,2,car,0.8332013487815857,1478.7308959960938,967.8797607421875,1355.071044921875,858.703125,1602.3907470703125,1077.056396484375
486,19.44,13,2,car,0.8273175954818726,1456.9425659179688,496.4265899658203,1400.255859375,449.4578552246094,1513.6292724609375,543.3953247070312
486,19.44,22,2,car,0.7119768261909485,1636.4796752929688,301.86505126953125,1606.35205078125,273.749755859375,1666.6072998046875,329.9803466796875
486,19.44,19,2,car,0.564792811870575,1218.0377807617188,337.1024627685547,1184.1239013671875,310.1295166015625,1251.95166015625,364.0754089355469
486,19.44,21,2,car,0.5392725467681885,1155.41650390625,300.2115173339844,1126.2109375,277.6993408203125,1184.6220703125,322.72369384765625
486,19.44,24,2,car,0.5104072690010071,1002.9960632324219,248.01390838623047,979.6646118164062,228.19285583496094,1026.3275146484375,267.8349609375
487,19.48,16,2,car,0.8369066119194031,1475.3194580078125,976.2586669921875,1350.7120361328125,873.9913330078125,1599.9268798828125,1078.5260009765625
487,19.48,13,2,car,0.77548748254776,1459.0294189453125,501.24681091308594,1401.1483154296875,454.1022033691406,1516.9105224609375,548.3914184570312
487,19.48,22,2,car,0.7031237483024597,1634.9915771484375,302.67218017578125,1603.646484375,274.4694519042969,1666.336669921875,330.8749084472656
487,19.48,19,2,car,0.6880120635032654,1218.68408203125,338.7494812011719,1185.9140625,310.8598327636719,1251.4541015625,366.6391296386719
487,19.48,21,2,car,0.5958310961723328,1157.43017578125,299.78968811035156,1128.583740234375,276.84881591796875,1186.276611328125,322.7305603027344
487,19.48,24,2,car,0.5113664269447327,1004.3298645019531,249.52784729003906,982.1591186523438,229.07858276367188,1026.5006103515625,269.97711181640625
487,19.48,20,2,car,0.36986181139945984,1433.1837158203125,276.4418258666992,1405.8812255859375,250.3421173095703,1460.4862060546875,302.5415344238281
488,19.52,16,2,car,0.8303521871566772,1473.9962768554688,984.4573974609375,1345.9947509765625,890.3990478515625,1601.997802734375,1078.5157470703125
488,19.52,13,2,car,0.8126393556594849,1460.61669921875,503.8196105957031,1402.329833984375,457.57977294921875,1518.903564453125,550.0594482421875
488,19.52,22,2,car,0.6836838722229004,1630.4813232421875,301.6893768310547,1599.2611083984375,273.3251953125,1661.7015380859375,330.0535583496094
488,19.52,19,2,car,0.6218065023422241,1220.2413330078125,339.8696746826172,1186.0452880859375,311.78668212890625,1254.4373779296875,367.9526672363281
488,19.52,20,2,car,0.5896151661872864,1430.1917114257812,274.85672760009766,1401.765625,249.36924743652344,1458.6177978515625,300.3442077636719
488,19.52,21,2,car,0.5652855038642883,1157.3788452148438,301.2867736816406,1129.841796875,276.60205078125,1184.9158935546875,325.97149658203125
488,19.52,24,2,car,0.5474792122840881,1006.6607666015625,245.53134155273438,986.313720703125,220.64236450195312,1027.0078125,270.4203186035156
489,19.56,16,2,car,0.8704121112823486,1469.2415771484375,993.0078430175781,1338.295166015625,909.4692993164062,1600.18798828125,1076.54638671875
489,19.56,13,2,car,0.8078163862228394,1461.7301635742188,507.61952209472656,1403.29150390625,460.6632385253906,1520.1688232421875,554.5758056640625
489,19.56,22,2,car,0.7082964181900024,1626.4552001953125,301.1751251220703,1594.963623046875,273.0367126464844,1657.94677734375,329.31353759765625
489,19.56,19,2,car,0.6677277684211731,1221.9601440429688,341.0368194580078,1187.1695556640625,312.8991394042969,1256.750732421875,369.17449951171875
489,19.56,20,2,car,0.626347005367279,1425.5111694335938,274.54302978515625,1396.4554443359375,249.17962646484375,1454.56689453125,299.90643310546875
489,19.56,21,2,car,0.5665985345840454,1158.7796630859375,301.70037841796875,1129.87939453125,277.0572814941406,1187.679931640625,326.3434753417969
489,19.56,24,2,car,0.532745361328125,1008.4328308105469,247.32604217529297,986.9210815429688,222.7029571533203,1029.944580078125,271.9491271972656
490,19.6,16,2,car,0.8088818788528442,1469.20361328125,1002.8175354003906,1333.021484375,927.3118286132812,1605.3857421875,1078.3232421875
490,19.6,13,2,car,0.7829773426055908,1463.2443237304688,511.13294982910156,1404.627685546875,462.4058532714844,1521.8609619140625,559.8600463867188
490,19.6,19,2,car,0.7336887121200562,1223.592529296875,341.54673767089844,1187.790283203125,313.3005065917969,1259.394775390625,369.79296875
490,19.6,21,2,car,0.6878446340560913,1161.522705078125,302.1786193847656,1131.8603515625,277.6867980957031,1191.18505859375,326.6704406738281
490,19.6,22,2,car,0.6672482490539551,1624.598876953125,299.86289978027344,1592.794921875,271.69573974609375,1656.40283203125,328.0300598144531
490,19.6,20,2,car,0.6417657732963562,1422.9050903320312,275.5656280517578,1394.13427734375,250.20465087890625,1451.6759033203125,300.9266052246094
490,19.6,24,2,car,0.5420593023300171,1008.9935913085938,248.4052505493164,987.3045654296875,225.07310485839844,1030.6826171875,271.7373962402344
491,19.64,13,2,car,0.8327864408493042,1463.949951171875,515.2103118896484,1403.20556640625,466.3861999511719,1524.6943359375,564.034423828125
491,19.64,16,2,car,0.7922216057777405,1465.4915161132812,1011.6468811035156,1333.34814453125,944.6372680664062,1597.6348876953125,1078.656494140625
491,19.64,19,2,car,0.7276636958122253,1224.1685791015625,342.96739196777344,1188.080322265625,313.46612548828125,1260.2568359375,372.4686584472656
491,19.64,21,2,car,0.6536056995391846,1161.434326171875,301.7122497558594,1132.3238525390625,275.6123962402344,1190.5447998046875,327.8121032714844
491,19.64,22,2,car,0.6469752192497253,1621.426025390625,300.42942810058594,1588.2359619140625,272.593505859375,1654.6160888671875,328.2653503417969
491,19.64,20,2,car,0.566525936126709,1419.2333984375,274.92189025878906,1390.83447265625,249.52633666992188,1447.63232421875,300.31744384765625
491,19.64,24,2,car,0.4001113474369049,1010.359619140625,251.92427825927734,986.5823974609375,233.1103057861328,1034.1368408203125,270.7382507324219
492,19.68,13,2,car,0.8248863816261292,1465.1028442382812,519.3890838623047,1403.337890625,470.6117248535156,1526.8677978515625,568.1664428710938
492,19.68,16,2,car,0.7565460801124573,1463.2261962890625,1018.3489379882812,1331.2467041015625,962.1046142578125,1595.2056884765625,1074.59326171875
492,19.68,22,2,car,0.6995223760604858,1618.0374755859375,298.26780700683594,1586.1448974609375,270.31146240234375,1649.9300537109375,326.2241516113281
492,19.68,19,2,car,0.6636863350868225,1226.3920288085938,343.19085693359375,1191.532958984375,314.4084167480469,1261.2510986328125,371.9732971191406
492,19.68,20,2,car,0.6547244787216187,1416.4873657226562,274.0964813232422,1388.3671875,250.73648071289062,1444.6075439453125,297.45648193359375
492,19.68,21,2,car,0.592856764793396,1163.4407958984375,302.78758239746094,1134.6708984375,276.0360107421875,1192.210693359375,329.5391540527344
492,19.68,24,2,car,0.3590306043624878,1014.5165100097656,253.17544555664062,990.2323608398438,235.82061767578125,1038.8006591796875,270.5302734375
493,19.72,13,2,car,0.8132893443107605,1466.797119140625,523.0931854248047,1406.5810546875,472.7659606933594,1527.01318359375,573.42041015625
493,19.72,16,2,car,0.7422371506690979,1457.2672729492188,1031.1791076660156,1323.5379638671875,985.2632446289062,1590.99658203125,1077.094970703125
493,19.72,19,2,car,0.7416924834251404,1226.5159912109375,345.8330841064453,1190.7196044921875,314.972900390625,1262.3123779296875,376.6932678222656
493,19.72,20,2,car,0.6993608474731445,1412.2156982421875,273.79712677001953,1382.7255859375,250.59278869628906,1441.705810546875,297.00146484375
493,19.72,22,2,car,0.6751073002815247,1615.0742797851562,297.08921813964844,1585.172607421875,269.8440856933594,1644.9759521484375,324.3343505859375
493,19.72,21,2,car,0.6149285435676575,1164.5416870117188,301.7846374511719,1135.9864501953125,276.24627685546875,1193.096923828125,327.322998046875
494,19.76,13,2,car,0.8284424543380737,1468.0036010742188,526.5140228271484,1407.343505859375,475.9012145996094,1528.6636962890625,577.1268310546875
494,19.76,16,2,car,0.7541686296463013,1461.0498046875,1040.9037475585938,1341.4530029296875,1003.8665771484375,1580.6466064453125,1077.94091796875
494,19.76,21,2,car,0.7265288829803467,1165.9163208007812,302.8038787841797,1137.58740234375,275.6228332519531,1194.2452392578125,329.98492431640625
494,19.76,19,2,car,0.6803175210952759,1227.005615234375,346.7106628417969,1190.517333984375,315.2850036621094,1263.493896484375,378.1363220214844
494,19.76,22,2,car,0.6328241229057312,1613.6480102539062,296.6695098876953,1584.015869140625,270.4922790527344,1643.2801513671875,322.84674072265625
494,19.76,20,2,car,0.6091868877410889,1409.4947509765625,272.77664947509766,1381.2513427734375,248.71742248535156,1437.7381591796875,296.83587646484375
494,19.76,23,2,car,0.35966211557388306,1277.1058959960938,239.86229705810547,1257.810791015625,223.50416564941406,1296.4010009765625,256.2204284667969
495,19.8,13,2,car,0.7833655476570129,1469.6474609375,531.6326141357422,1408.1990966796875,481.9124450683594,1531.0958251953125,581.352783203125
495,19.8,19,2,car,0.6702982187271118,1226.866943359375,347.5669403076172,1191.0732421875,315.6897888183594,1262.66064453125,379.444091796875
495,19.8,21,2,car,0.6546273231506348,1166.1897583007812,303.56243896484375,1138.600341796875,275.71685791015625,1193.7791748046875,331.40802001953125
495,19.8,22,2,car,0.577384889125824,1610.25927734375,295.25421142578125,1580.6932373046875,269.6650390625,1639.8253173828125,320.8433837890625
495,19.8,20,2,car,0.5534185171127319,1406.5669555664062,271.1317672729492,1378.6878662109375,245.9346466064453,1434.446044921875,296.3288879394531
495,19.8,23,2,car,0.3512488007545471,1273.41650390625,239.56861877441406,1253.3203125,221.44610595703125,1293.5126953125,257.6911315917969
496,19.84,13,2,car,0.7919703125953674,1470.6783447265625,535.1290283203125,1408.362060546875,484.68310546875,1532.99462890625,585.574951171875
496,19.84,19,2,car,0.7720938324928284,1227.4125366210938,349.6539001464844,1190.3675537109375,318.03662109375,1264.45751953125,381.27117919921875
496,19.84,20,2,car,0.7214208841323853,1403.675537109375,272.78126525878906,1375.185791015625,248.93460083007812,1432.165283203125,296.6279296875
496,19.84,21,2,car,0.7024120092391968,1168.066162109375,305.118896484375,1139.5482177734375,277.3966369628906,1196.5841064453125,332.8411560058594
496,19.84,22,2,car,0.6161149740219116,1606.0321655273438,294.7984161376953,1576.7735595703125,269.7044982910156,1635.290771484375,319.892333984375
496,19.84,24,2,car,0.396027535200119,1021.3912658691406,254.96954345703125,998.9846801757812,238.38168334960938,1043.7978515625,271.5574035644531
497,19.88,13,2,car,0.7801127433776855,1472.354248046875,538.9637145996094,1408.8023681640625,487.171875,1535.9061279296875,590.7555541992188
497,19.88,20,2,car,0.6739493012428284,1400.525146484375,272.4983215332031,1371.5670166015625,248.69610595703125,1429.4832763671875,296.300537109375
497,19.88,19,2,car,0.6725342273712158,1228.5020141601562,350.47108459472656,1190.7945556640625,318.639892578125,1266.20947265625,382.3022766113281
497,19.88,21,2,car,0.6642329096794128,1169.9198608398438,307.0786437988281,1140.8541259765625,280.2982482910156,1198.985595703125,333.8590393066406
497,19.88,22,2,car,0.6610246896743774,1603.4285888671875,294.39271545410156,1573.352783203125,269.8010559082031,1633.50439453125,318.984375
497,19.88,24,2,car,0.6018032431602478,1022.4332885742188,255.9678497314453,999.42333984375,239.57382202148438,1045.4432373046875,272.36187744140625
497,19.88,23,2,car,0.3544437289237976,1270.5900268554688,238.32431030273438,1251.6878662109375,222.1160888671875,1289.4921875,254.53253173828125
498,19.92,13,2,car,0.7645102143287659,1472.4376220703125,544.3937072753906,1408.496826171875,492.573486328125,1536.37841796875,596.2139282226562
498,19.92,19,2,car,0.7151587605476379,1231.2611694335938,351.4423828125,1193.2596435546875,319.8984375,1269.2626953125,382.986328125
498,19.92,22,2,car,0.6292788982391357,1600.723388671875,294.23419189453125,1570.2506103515625,270.1064758300781,1631.1961669921875,318.3619079589844
498,19.92,21,2,car,0.6058903932571411,1172.2019653320312,307.8409881591797,1143.0667724609375,280.4501037597656,1201.337158203125,335.23187255859375
498,19.92,20,2,car,0.5827921032905579,1397.2294311523438,271.7872848510742,1370.28564453125,248.55335998535156,1424.1732177734375,295.0212097167969
498,19.92,24,2,car,0.5431160926818848,1025.8172607421875,255.6308822631836,1002.80419921875,239.54420471191406,1048.830322265625,271.7175598144531
499,19.96,13,2,car,0.7525305151939392,1473.6083984375,547.7946166992188,1408.81982421875,494.65924072265625,1538.39697265625,600.9299926757812
499,19.96,19,2,car,0.7151205539703369,1231.6261596679688,353.12525939941406,1192.9661865234375,321.0087890625,1270.2861328125,385.2417297363281
499,19.96,21,2,car,0.5881367921829224,1174.1453857421875,308.1542053222656,1144.06396484375,280.55859375,1204.226806640625,335.74981689453125
499,19.96,20,2,car,0.5592869520187378,1394.402099609375,271.2105255126953,1368.0008544921875,247.44781494140625,1420.8033447265625,294.9732360839844
499,19.96,22,2,car,0.5532767176628113,1595.542236328125,293.3248291015625,1564.03564453125,267.3096618652344,1627.048828125,319.3399963378906
499,19.96,24,2,car,0.4968327581882477,1027.8009033203125,255.91781616210938,1004.061279296875,238.03976440429688,1051.54052734375,273.7958679199219
500,20.0,13,2,car,0.775333821773529,1473.6389770507812,553.6107788085938,1407.5655517578125,500.10516357421875,1539.71240234375,607.1163940429688
500,20.0,19,2,car,0.7196035981178284,1233.1271362304688,354.2550048828125,1194.1094970703125,323.93292236328125,1272.144775390625,384.57708740234375
500,20.0,21,2,car,0.48488515615463257,1175.8162841796875,308.74903869628906,1146.1326904296875,280.3017578125,1205.4998779296875,337.1963195800781
500,20.0,22,2,car,0.46558842062950134,1592.4921875,292.35008239746094,1561.4158935546875,265.8544921875,1623.5684814453125,318.8456726074219
500,20.0,24,2,car,0.4584968090057373,1029.4144287109375,255.10592651367188,1006.68017578125,236.23114013671875,1052.148681640625,273.980712890625
500,20.0,20,2,car,0.45197391510009766,1392.41162109375,269.8528137207031,1364.2159423828125,247.00787353515625,1420.6072998046875,292.69775390625
501,20.04,13,2,car,0.8054776191711426,1476.8819580078125,557.2662200927734,1411.3741455078125,503.8540954589844,1542.3897705078125,610.6783447265625
501,20.04,19,2,car,0.6902230978012085,1235.4451904296875,356.42535400390625,1197.462890625,326.4472351074219,1273.427490234375,386.4034729003906
501,20.04,22,2,car,0.6243217587471008,1589.975830078125,292.6455535888672,1560.5789794921875,266.7210998535156,1619.3726806640625,318.57000732421875
501,20.04,21,2,car,0.47415879368782043,1176.64697265625,310.3180236816406,1146.2974853515625,282.19671630859375,1206.9964599609375,338.4393310546875
501,20.04,24,2,car,0.42624980211257935,1031.9137878417969,256.1271514892578,1008.3468627929688,237.44705200195312,1055.480712890625,274.8072509765625
502,20.08,13,2,car,0.818756103515625,1477.5016479492188,561.8976135253906,1411.7369384765625,507.64306640625,1543.266357421875,616.1521606445312
502,20.08,19,2,car,0.626244843006134,1236.713134765625,357.6983947753906,1198.58251953125,329.0812072753906,1274.84375,386.3155822753906
502,20.08,22,2,car,0.5155883431434631,1587.1748657226562,292.75828552246094,1558.2703857421875,267.3908386230469,1616.079345703125,318.125732421875
502,20.08,21,2,car,0.45131081342697144,1178.432861328125,310.3283233642578,1148.2310791015625,282.9985046386719,1208.6346435546875,337.65814208984375
502,20.08,24,2,car,0.4426434636116028,1033.4091186523438,255.26917266845703,1009.703125,235.27964782714844,1057.1151123046875,275.2586975097656
503,20.12,13,2,car,0.7941402196884155,1478.0418090820312,566.4274291992188,1410.3988037109375,510.83441162109375,1545.684814453125,622.0204467773438
503,20.12,19,2,car,0.7305790781974792,1238.950439453125,358.4776916503906,1199.545166015625,329.5754089355469,1278.355712890625,387.3799743652344
503,20.12,21,2,car,0.5760600566864014,1180.0689086914062,313.49449157714844,1149.74169921875,285.4576110839844,1210.3961181640625,341.5313720703125
503,20.12,22,2,car,0.5376413464546204,1584.399169921875,292.2596130371094,1555.69775390625,267.2353820800781,1613.1005859375,317.2838439941406
503,20.12,24,2,car,0.5058085322380066,1034.7869567871094,256.748291015625,1010.6925659179688,237.6826171875,1058.88134765625,275.81396484375
503,20.12,20,2,car,0.4594612419605255,1382.5936889648438,270.3517837524414,1355.3345947265625,245.5883331298828,1409.852783203125,295.115234375
504,20.16,13,2,car,0.7806208729743958,1478.8963012695312,572.2590942382812,1409.8463134765625,518.498291015625,1547.9462890625,626.0198974609375
504,20.16,19,2,car,0.717103123664856,1238.2539672851562,358.9597625732422,1198.6551513671875,330.1378173828125,1277.852783203125,387.7817077636719
504,20.16,21,2,car,0.589990496635437,1181.7940673828125,313.1686706542969,1151.81689453125,284.74273681640625,1211.771240234375,341.5946044921875
504,20.16,22,2,car,0.5759052634239197,1581.327880859375,291.4970245361328,1551.1370849609375,267.193115234375,1611.5186767578125,315.8009338378906
504,20.16,24,2,car,0.4511236548423767,1035.7205200195312,257.01927947998047,1010.971435546875,237.33119201660156,1060.4696044921875,276.7073669433594
504,20.16,20,2,car,0.3520766794681549,1380.0932006835938,266.13189697265625,1351.2015380859375,242.30419921875,1408.98486328125,289.9595947265625
505,20.2,13,2,car,0.79642653465271,1479.7514038085938,576.4084777832031,1412.082763671875,521.75048828125,1547.4200439453125,631.0664672851562
505,20.2,19,2,car,0.7016239166259766,1237.6348876953125,360.1864471435547,1200.366943359375,331.6809997558594,1274.90283203125,388.69189453125
505,20.2,21,2,car,0.6182719469070435,1182.7803344726562,314.3556823730469,1153.2978515625,286.9682312011719,1212.2628173828125,341.7431335449219
505,20.2,22,2,car,0.5975853800773621,1577.6656494140625,290.5364227294922,1547.808837890625,265.3092041015625,1607.5224609375,315.7636413574219
505,20.2,24,2,car,0.45392635464668274,1038.2543334960938,256.82738494873047,1013.827880859375,236.7132110595703,1062.6807861328125,276.9415588378906
505,20.2,20,2,car,0.4052083194255829,1376.91552734375,266.4555206298828,1348.974609375,243.29861450195312,1404.8564453125,289.6124267578125
505,20.2,23,2,car,0.3595938980579376,1252.732421875,237.27792358398438,1233.34326171875,222.32337951660156,1272.12158203125,252.2324676513672
506,20.24,13,2,car,0.8229968547821045,1480.8744506835938,581.102294921875,1411.04296875,524.9033813476562,1550.7059326171875,637.3012084960938
506,20.24,22,2,car,0.5744960904121399,1574.2347412109375,289.8949432373047,1544.7730712890625,264.5812072753906,1603.6964111328125,315.20867919921875
506,20.24,19,2,car,0.5707185864448547,1239.0179443359375,361.8377227783203,1201.078125,332.9953918457031,1276.957763671875,390.6800537109375
506,20.24,21,2,car,0.5682135224342346,1184.0716552734375,316.6536560058594,1153.975341796875,289.2284851074219,1214.16796875,344.0788269042969
506,20.24,24,2,car,0.41168537735939026,1041.5764770507812,257.8061294555664,1019.2041015625,237.5954132080078,1063.9488525390625,278.016845703125
506,20.24,20,2,car,0.4088898003101349,1373.0091552734375,266.34937286376953,1346.01123046875,243.20164489746094,1400.007080078125,289.4971008300781
507,20.28,13,2,car,0.8159753680229187,1482.0739135742188,587.1116638183594,1412.4112548828125,529.5362548828125,1551.736572265625,644.6870727539062
507,20.28,19,2,car,0.5971246957778931,1241.2935180664062,363.88841247558594,1202.8748779296875,333.5957946777344,1279.712158203125,394.1810302734375
507,20.28,21,2,car,0.5521461367607117,1187.2554321289062,318.30723571777344,1157.1561279296875,289.4888610839844,1217.354736328125,347.1256103515625
507,20.28,20,2,car,0.5020742416381836,1369.870361328125,267.57623291015625,1340.75732421875,243.59060668945312,1398.9833984375,291.5618591308594
507,20.28,22,2,car,0.4956168234348297,1570.88232421875,288.90708923339844,1540.960693359375,264.3079528808594,1600.803955078125,313.5062255859375
507,20.28,24,2,car,0.49404725432395935,1043.9970703125,259.43384552001953,1021.07373046875,239.64390563964844,1066.92041015625,279.2237854003906
508,20.32,13,2,car,0.8401440978050232,1482.4265747070312,590.8582153320312,1411.115234375,532.1432495117188,1553.7379150390625,649.5731811523438
508,20.32,19,2,car,0.6793673038482666,1242.1947631835938,364.43621826171875,1203.78271484375,334.43109130859375,1280.6068115234375,394.44134521484375
508,20.32,21,2,car,0.6780472993850708,1188.1426391601562,318.62913513183594,1158.0787353515625,290.4111633300781,1218.20654296875,346.84710693359375
508,20.32,22,2,car,0.5830655694007874,1566.9136962890625,287.83131408691406,1537.9332275390625,262.9649963378906,1595.8941650390625,312.6976318359375
508,20.32,24,2,car,0.568284809589386,1045.5858764648438,261.2424011230469,1022.940673828125,241.48370361328125,1068.2310791015625,281.0010986328125
508,20.32,20,2,car,0.5575516223907471,1367.3543701171875,265.39476013183594,1339.0400390625,243.00064086914062,1395.668701171875,287.78887939453125
509,20.36,13,2,car,0.7988463640213013,1483.21435546875,596.2919921875,1411.820068359375,535.6781005859375,1554.608642578125,656.9058837890625
509,20.36,19,2,car,0.6990142464637756,1243.0217895507812,367.5000305175781,1204.3251953125,335.110595703125,1281.7183837890625,399.88946533203125
509,20.36,22,2,car,0.6420047283172607,1564.94677734375,287.57569885253906,1536.02490234375,262.7610168457031,1593.86865234375,312.390380859375
509,20.36,24,2,car,0.5970110893249512,1048.0595703125,262.21121978759766,1026.5589599609375,244.03028869628906,1069.5601806640625,280.39215087890625
509,20.36,20,2,car,0.542323887348175,1364.7291870117188,264.45772552490234,1335.8704833984375,241.7642364501953,1393.587890625,287.1512145996094
509,20.36,21,2,car,0.5224477648735046,1189.2145385742188,318.6837463378906,1160.126220703125,289.85498046875,1218.3028564453125,347.51251220703125
510,20.4,13,2,car,0.8205603361129761,1483.2312622070312,602.20361328125,1410.1817626953125,542.0245971679688,1556.28076171875,662.3826293945312
510,20.4,19,2,car,0.7132712602615356,1245.0149536132812,368.33595275878906,1206.7806396484375,334.3327941894531,1283.249267578125,402.339111328125
510,20.4,24,2,car,0.6426379680633545,1050.6069946289062,261.7872619628906,1026.5068359375,242.15496826171875,1074.7071533203125,281.4195556640625
510,20.4,22,2,car,0.6266632080078125,1562.2561645507812,286.99693298339844,1533.448486328125,262.3612976074219,1591.0638427734375,311.632568359375
510,20.4,20,2,car,0.5568718910217285,1359.6229248046875,265.1069564819336,1331.53271484375,241.30906677246094,1387.713134765625,288.90484619140625
510,20.4,21,2,car,0.4095095694065094,1190.9268798828125,318.985595703125,1160.64697265625,289.71600341796875,1221.206787109375,348.25518798828125
511,20.44,13,2,car,0.7974658012390137,1484.2010498046875,608.2463684082031,1409.2955322265625,546.6137084960938,1559.1065673828125,669.8790283203125
511,20.44,19,2,car,0.7611495852470398,1244.6149291992188,370.1063232421875,1206.95654296875,335.56256103515625,1282.2733154296875,404.65008544921875
511,20.44,24,2,car,0.683804452419281,1050.9493408203125,261.84031677246094,1028.1024169921875,241.93011474609375,1073.7962646484375,281.7505187988281
511,20.44,21,2,car,0.6349831223487854,1191.6233520507812,319.30796813964844,1160.860107421875,290.78759765625,1222.3865966796875,347.8283386230469
511,20.44,22,2,car,0.6030827164649963,1558.3958129882812,286.50567626953125,1529.6282958984375,262.0179748535156,1587.163330078125,310.9933776855469
511,20.44,20,2,car,0.537868320941925,1358.3274536132812,263.12291717529297,1331.4305419921875,240.1414031982422,1385.224365234375,286.10443115234375
512,20.48,13,2,car,0.813687264919281,1486.2542114257812,614.1987609863281,1412.0347900390625,552.6651000976562,1560.4736328125,675.732421875
512,20.48,19,2,car,0.6997956037521362,1245.3621215820312,369.5676574707031,1207.331298828125,334.86468505859375,1283.3929443359375,404.2706298828125
512,20.48,24,2,car,0.6422244906425476,1053.2982788085938,261.98973083496094,1031.384033203125,241.31973266601562,1075.2125244140625,282.65972900390625
512,20.48,21,2,car,0.6309864521026611,1193.171630859375,320.3649597167969,1162.084716796875,290.9548034667969,1224.258544921875,349.7751159667969
512,20.48,22,2,car,0.6100653409957886,1555.8721923828125,285.6650390625,1526.9539794921875,261.7825927734375,1584.7904052734375,309.5474853515625
512,20.48,20,2,car,0.5007025003433228,1353.9874877929688,263.29444122314453,1326.264404296875,241.65248107910156,1381.7105712890625,284.9364013671875
513,20.52,13,2,car,0.7923110723495483,1486.5287475585938,619.1732177734375,1411.9888916015625,556.6491088867188,1561.068603515625,681.6973266601562
513,20.52,24,2,car,0.6984210014343262,1054.7892456054688,263.0323715209961,1031.9642333984375,241.9972686767578,1077.6142578125,284.0674743652344
513,20.52,19,2,car,0.6354999542236328,1246.447509765625,373.07142639160156,1205.962890625,339.0158996582031,1286.93212890625,407.126953125
513,20.52,21,2,car,0.6326292157173157,1194.5888061523438,321.38389587402344,1162.438232421875,291.7416076660156,1226.7393798828125,351.02618408203125
513,20.52,22,2,car,0.6251172423362732,1554.9065551757812,284.2569580078125,1524.33837890625,260.43182373046875,1585.4747314453125,308.08209228515625
513,20.52,20,2,car,0.5945509672164917,1350.3298950195312,262.2340774536133,1321.4400634765625,240.2014617919922,1379.2197265625,284.2666931152344
514,20.56,13,2,car,0.7560815215110779,1488.0860595703125,625.1830444335938,1411.1802978515625,561.7553100585938,1564.9918212890625,688.6107788085938
514,20.56,19,2,car,0.7075474858283997,1247.1279907226562,374.9769592285156,1206.63623046875,340.73431396484375,1287.6197509765625,409.2196044921875
514,20.56,22,2,car,0.6521633267402649,1549.2566528320312,283.5436553955078,1519.711669921875,258.8468017578125,1578.8016357421875,308.2405090332031
514,20.56,20,2,car,0.6358181834220886,1347.8020629882812,262.4663772583008,1320.5174560546875,240.33705139160156,1375.086669921875,284.595703125
514,20.56,24,2,car,0.6305240392684937,1057.144287109375,263.5972671508789,1034.328125,241.84471130371094,1079.96044921875,285.3498229980469
514,20.56,21,2,car,0.5664389729499817,1196.05712890625,322.53370666503906,1163.3262939453125,292.698974609375,1228.7879638671875,352.3684387207031
514,20.56,25,2,car,0.43631836771965027,971.739990234375,219.8206024169922,928.9185791015625,203.29940795898438,1014.5614013671875,236.341796875
515,20.6,13,2,car,0.7851177453994751,1487.5448608398438,631.8275146484375,1408.359375,567.4352416992188,1566.7303466796875,696.2197875976562
515,20.6,20,2,car,0.7124729752540588,1347.0921020507812,262.2105712890625,1321.965087890625,240.044921875,1372.2191162109375,284.376220703125
515,20.6,22,2,car,0.6970903277397156,1545.10595703125,282.5615997314453,1515.946044921875,258.601806640625,1574.265869140625,306.5213928222656
515,20.6,19,2,car,0.6851993203163147,1247.5125122070312,375.311767578125,1207.2410888671875,340.69000244140625,1287.783935546875,409.93353271484375
515,20.6,24,2,car,0.6670759320259094,1057.63818359375,264.1412658691406,1034.0784912109375,241.9896240234375,1081.1978759765625,286.29290771484375
515,20.6,21,2,car,0.6062825918197632,1195.9827880859375,322.62281799316406,1163.6461181640625,292.9464111328125,1228.3194580078125,352.2992248535156
515,20.6,25,2,car,0.4108913242816925,972.9966430664062,219.0065460205078,934.2689208984375,203.12745666503906,1011.724365234375,234.88563537597656
516,20.64,13,2,car,0.7996553182601929,1490.01171875,638.7778930664062,1411.3829345703125,572.9009399414062,1568.6405029296875,704.6548461914062
516,20.64,19,2,car,0.7206678986549377,1249.2067260742188,377.44354248046875,1208.1783447265625,342.42333984375,1290.235107421875,412.4637451171875
516,20.64,22,2,car,0.6966384649276733,1543.1458740234375,281.5801086425781,1514.2503662109375,258.11370849609375,1572.0413818359375,305.0465087890625
516,20.64,24,2,car,0.6766626238822937,1059.5187377929688,264.07250213623047,1034.2587890625,242.00852966308594,1084.7786865234375,286.136474609375
516,20.64,21,2,car,0.5911252498626709,1197.451416015625,323.83973693847656,1164.470458984375,293.45709228515625,1230.432373046875,354.2223815917969
516,20.64,20,2,car,0.5477339029312134,1342.4032592773438,261.02855682373047,1315.239013671875,240.4199981689453,1369.5675048828125,281.6371154785156
517,20.68,13,2,car,0.7960355281829834,1488.4833984375,644.76806640625,1408.5772705078125,579.3958129882812,1568.3895263671875,710.1403198242188
517,20.68,19,2,car,0.7090446352958679,1248.72705078125,379.60711669921875,1208.0513916015625,345.0498962402344,1289.4027099609375,414.1643371582031
517,20.68,24,2,car,0.7006996273994446,1059.62109375,263.6749267578125,1035.6998291015625,242.01678466796875,1083.5423583984375,285.33306884765625
517,20.68,22,2,car,0.6388511061668396,1540.7581787109375,281.3922119140625,1510.834716796875,257.029541015625,1570.681640625,305.7548828125
517,20.68,20,2,car,0.4534386992454529,1338.9759521484375,260.27467346191406,1311.394775390625,239.06195068359375,1366.55712890625,281.4873962402344
517,20.68,21,2,car,0.4279249608516693,1198.52783203125,325.4642791748047,1166.931884765625,293.6561584472656,1230.123779296875,357.27239990234375
518,20.72,13,2,car,0.7843583822250366,1489.6226196289062,650.9622802734375,1409.265869140625,583.365966796875,1569.9793701171875,718.55859375
518,20.72,24,2,car,0.7184680104255676,1062.745361328125,264.0237274169922,1038.4256591796875,242.11871337890625,1087.0650634765625,285.9287414550781
518,20.72,19,2,car,0.697535514831543,1251.8422241210938,379.5397186279297,1209.619873046875,344.6713562011719,1294.0645751953125,414.4080810546875
518,20.72,22,2,car,0.6088933348655701,1539.1953125,280.84889221191406,1510.1368408203125,256.1878356933594,1568.2537841796875,305.50994873046875
518,20.72,21,2,car,0.5228416919708252,1199.334228515625,327.8193054199219,1167.0948486328125,296.8543395996094,1231.5736083984375,358.7842712402344
518,20.72,20,2,car,0.403483510017395,1336.19873046875,261.03739166259766,1308.66748046875,238.8892364501953,1363.72998046875,283.185546875
519,20.76,13,2,car,0.7914291620254517,1489.9762573242188,657.7304382324219,1408.529296875,590.2686767578125,1571.4232177734375,725.1921997070312
519,20.76,19,2,car,0.6937395930290222,1249.755615234375,381.70143127441406,1209.3790283203125,346.4271240234375,1290.1322021484375,416.9757385253906
519,20.76,24,2,car,0.6793487071990967,1065.4501953125,264.37398529052734,1040.9052734375,242.50877380371094,1089.9951171875,286.23919677734375
519,20.76,20,2,car,0.6375557780265808,1333.3798217773438,261.0105514526367,1307.3013916015625,239.39588928222656,1359.458251953125,282.6252136230469
519,20.76,22,2,car,0.5734683871269226,1536.3273315429688,280.98443603515625,1507.803466796875,256.8168029785156,1564.8511962890625,305.1520690917969
519,20.76,21,2,car,0.5473974943161011,1201.5751953125,327.60560607910156,1168.1500244140625,295.5826110839844,1235.0003662109375,359.62860107421875
520,20.8,13,2,car,0.779286801815033,1490.9974975585938,664.6763610839844,1408.3927001953125,597.4188232421875,1573.602294921875,731.9338989257812
520,20.8,19,2,car,0.5968316793441772,1251.9755859375,383.2646789550781,1210.19384765625,346.9014892578125,1293.75732421875,419.62786865234375
520,20.8,24,2,car,0.5406152606010437,1067.945556640625,265.05816650390625,1043.298828125,243.30413818359375,1092.59228515625,286.81219482421875
520,20.8,22,2,car,0.523885190486908,1532.1652221679688,280.0132522583008,1502.990478515625,255.9795684814453,1561.3399658203125,304.04693603515625
520,20.8,20,2,car,0.45361432433128357,1330.695556640625,261.04420471191406,1305.8382568359375,238.50537109375,1355.5528564453125,283.5830383300781
520,20.8,21,2,car,0.39632648229599,1202.3488159179688,328.0486602783203,1168.7747802734375,295.0677185058594,1235.9228515625,361.02960205078125
521,20.84,13,2,car,0.8041730523109436,1490.9825439453125,672.5751647949219,1406.286376953125,602.6475219726562,1575.6787109375,742.5028076171875
521,20.84,24,2,car,0.6283861398696899,1070.0357055664062,265.4567108154297,1043.77490234375,244.05035400390625,1096.2965087890625,286.8630676269531
521,20.84,19,2,car,0.6140984296798706,1252.4715576171875,384.20909118652344,1210.1728515625,348.1889953613281,1294.770263671875,420.22918701171875
521,20.84,21,2,car,0.5306129455566406,1204.2577514648438,329.297119140625,1170.7283935546875,296.8354797363281,1237.787109375,361.7587585449219
521,20.84,20,2,car,0.4672882854938507,1327.7290649414062,260.7029495239258,1302.1937255859375,239.1625213623047,1353.264404296875,282.2433776855469
521,20.84,22,2,car,0.4363003969192505,1529.498046875,280.1196594238281,1501.095458984375,256.1888732910156,1557.900634765625,304.0504455566406
522,20.88,13,2,car,0.812370240688324,1490.8262939453125,678.8373413085938,1404.09814453125,608.1978149414062,1577.554443359375,749.4768676757812
522,20.88,19,2,car,0.6251972317695618,1254.9873046875,387.94757080078125,1210.857421875,351.2251281738281,1299.1171875,424.6700134277344
522,20.88,21,2,car,0.6081371307373047,1206.0530395507812,331.17286682128906,1173.3883056640625,297.677978515625,1238.7177734375,364.6677551269531
522,20.88,24,2,car,0.5721284747123718,1072.0801391601562,265.4063415527344,1046.470458984375,243.86187744140625,1097.6898193359375,286.9508056640625
523,20.92,13,2,car,0.8385985493659973,1491.4921875,685.4654235839844,1403.9952392578125,614.7271728515625,1578.9891357421875,756.2036743164062
523,20.92,19,2,car,0.7139583230018616,1254.6213989257812,390.7563018798828,1211.5372314453125,353.9476623535156,1297.70556640625,427.56494140625
523,20.92,24,2,car,0.603818953037262,1073.1239624023438,265.8544616699219,1048.3408203125,244.65618896484375,1097.9071044921875,287.052734375
523,20.92,21,2,car,0.5814207792282104,1208.1207885742188,331.47438049316406,1174.804443359375,298.7666320800781,1241.4371337890625,364.18212890625
523,20.92,22,2,car,0.381122350692749,1523.9937133789062,277.7921829223633,1495.329833984375,254.38160705566406,1552.6575927734375,301.2027587890625
524,20.96,13,2,car,0.774131178855896,1491.201171875,693.4250793457031,1402.548828125,622.4044189453125,1579.853515625,764.4457397460938
524,20.96,19,2,car,0.6762050986289978,1255.5062866210938,391.79945373535156,1212.3260498046875,355.11175537109375,1298.6865234375,428.4871520996094
524,20.96,21,2,car,0.613959550857544,1207.64990234375,332.5142364501953,1174.5762939453125,301.1517333984375,1240.7235107421875,363.8767395019531
524,20.96,24,2,car,0.5686101913452148,1074.872802734375,266.1203079223633,1050.5755615234375,245.7776641845703,1099.1700439453125,286.46295166015625
524,20.96,22,2,car,0.5090398788452148,1519.8148193359375,278.21646881103516,1490.9364013671875,255.5717010498047,1548.6932373046875,300.8612365722656
525,21.0,13,2,car,0.7864721417427063,1490.4456787109375,699.7249755859375,1401.6571044921875,627.6193237304688,1579.2342529296875,771.8306274414062
525,21.0,19,2,car,0.6925838589668274,1255.3602294921875,392.8572692871094,1212.852294921875,356.1393127441406,1297.8681640625,429.5752258300781
525,21.0,21,2,car,0.6407067179679871,1208.5455932617188,333.0666046142578,1175.173828125,302.1063537597656,1241.9173583984375,364.02685546875
525,21.0,24,2,car,0.5578546524047852,1076.9486694335938,266.5232467651367,1052.6397705078125,245.7211456298828,1101.257568359375,287.3253479003906
525,21.0,22,2,car,0.43518513441085815,1519.362548828125,278.72481536865234,1490.7467041015625,255.2742462158203,1547.9783935546875,302.1753845214844
526,21.04,13,2,car,0.7816970348358154,1490.7695922851562,705.8792724609375,1400.5057373046875,631.9266357421875,1581.033447265625,779.8319091796875
526,21.04,19,2,car,0.7125124931335449,1254.8221435546875,395.662353515625,1211.4730224609375,358.3574523925781,1298.1712646484375,432.9672546386719
526,21.04,21,2,car,0.6416513323783875,1210.1853637695312,333.1573181152344,1177.18408203125,301.7452087402344,1243.1866455078125,364.5694274902344
526,21.04,24,2,car,0.5811445713043213,1079.1912841796875,266.0513610839844,1054.928466796875,245.65353393554688,1103.4541015625,286.4491882324219
526,21.04,22,2,car,0.40648290514945984,1517.3157958984375,277.1091079711914,1489.6728515625,255.0236358642578,1544.958740234375,299.194580078125
527,21.08,19,2,car,0.7427062392234802,1256.4966430664062,395.9410858154297,1212.938232421875,358.9383544921875,1300.0550537109375,432.9438171386719
527,21.08,13,2,car,0.7398753762245178,1491.5206909179688,715.386962890625,1401.6146240234375,639.0623168945312,1581.4267578125,791.7116088867188
527,21.08,21,2,car,0.6342569589614868,1211.0408935546875,335.4046630859375,1178.4169921875,304.09234619140625,1243.664794921875,366.71697998046875
527,21.08,24,2,car,0.6261536478996277,1081.7200317382812,267.4195861816406,1056.527099609375,246.32867431640625,1106.9129638671875,288.510498046875
527,21.08,22,2,car,0.5026067495346069,1515.500244140625,276.649658203125,1488.528076171875,254.91119384765625,1542.472412109375,298.38812255859375
527,21.08,20,2,car,0.3545771539211273,1310.9390258789062,255.9036102294922,1286.4085693359375,233.91061401367188,1335.469482421875,277.8966064453125
528,21.12,13,2,car,0.7964444756507874,1491.3656005859375,722.9854125976562,1399.524658203125,646.1109619140625,1583.20654296875,799.85986328125
528,21.12,19,2,car,0.7221763730049133,1257.0139770507812,398.0526123046875,1213.154296875,361.6871337890625,1300.8736572265625,434.4180908203125
528,21.12,21,2,car,0.6183767318725586,1214.489990234375,337.6540985107422,1179.5029296875,306.1576843261719,1249.47705078125,369.1505126953125
528,21.12,20,2,car,0.5086546540260315,1308.7265014648438,256.2188720703125,1285.880615234375,237.0299072265625,1331.5723876953125,275.4078369140625
528,21.12,24,2,car,0.5057199597358704,1082.1761474609375,266.5772018432617,1057.636962890625,245.38050842285156,1106.71533203125,287.7738952636719
528,21.12,22,2,car,0.4689446687698364,1512.3531494140625,278.1012191772461,1482.1817626953125,255.88600158691406,1542.5245361328125,300.3164367675781
529,21.16,13,2,car,0.8707438707351685,1489.5545043945312,731.1567077636719,1395.3685302734375,651.6251220703125,1583.740478515625,810.6882934570312
529,21.16,21,2,car,0.6661604642868042,1215.532470703125,340.25303649902344,1180.2703857421875,307.92681884765625,1250.7945556640625,372.5792541503906
529,21.16,19,2,car,0.6525110006332397,1255.9827270507812,399.7832336425781,1211.9913330078125,362.0014343261719,1299.97412109375,437.5650329589844
529,21.16,22,2,car,0.507839560508728,1509.5593872070312,277.1852798461914,1475.8861083984375,254.4250030517578,1543.232666015625,299.945556640625
529,21.16,24,2,car,0.4393938183784485,1086.2116088867188,266.96375274658203,1062.970947265625,246.2188262939453,1109.4522705078125,287.70867919921875
530,21.2,13,2,car,0.8263616561889648,1489.2559814453125,739.3458251953125,1394.4482421875,659.6123657226562,1584.063720703125,819.0792846679688
530,21.2,21,2,car,0.6571398377418518,1216.155517578125,340.7182159423828,1180.2906494140625,310.02813720703125,1252.0203857421875,371.4082946777344
530,21.2,19,2,car,0.6131101250648499,1257.9732666015625,401.31422424316406,1212.8785400390625,363.5490417480469,1303.0679931640625,439.07940673828125
530,21.2,22,2,car,0.47144967317581177,1506.5484619140625,278.01123046875,1473.3563232421875,256.0132141113281,1539.7406005859375,300.0092468261719
530,21.2,24,2,car,0.42778417468070984,1086.7890014648438,267.98158264160156,1062.4346923828125,246.35366821289062,1111.143310546875,289.6094970703125
530,21.2,20,2,car,0.3618541359901428,1299.6674194335938,253.10118865966797,1273.8548583984375,231.7447967529297,1325.47998046875,274.45758056640625
531,21.24,13,2,car,0.8058789372444153,1488.6144409179688,747.9047241210938,1392.773193359375,668.3865966796875,1584.4556884765625,827.4228515625
531,21.24,21,2,car,0.7069330215454102,1215.7578735351562,341.65953063964844,1179.3826904296875,310.056884765625,1252.133056640625,373.2621765136719
531,21.24,19,2,car,0.6972226500511169,1259.5233154296875,403.24658203125,1214.32080078125,365.7309265136719,1304.725830078125,440.7622375488281
531,21.24,22,2,car,0.4316672086715698,1505.4483642578125,276.7096939086914,1473.4449462890625,254.64894104003906,1537.4517822265625,298.77044677734375
531,21.24,24,2,car,0.41559818387031555,1089.9988403320312,267.8759231567383,1064.6964111328125,245.9982147216797,1115.30126953125,289.7536315917969
531,21.24,20,2,car,0.38325056433677673,1298.24072265625,251.08185577392578,1273.600341796875,229.7650909423828,1322.881103515625,272.39862060546875
532,21.28,13,2,car,0.8528428077697754,1488.5941772460938,756.111572265625,1391.4638671875,675.0615844726562,1585.7244873046875,837.1615600585938
532,21.28,19,2,car,0.6852889060974121,1261.6881103515625,404.4452819824219,1215.447998046875,366.8746032714844,1307.92822265625,442.0159606933594
532,21.28,21,2,car,0.646131157875061,1215.9986572265625,342.6134490966797,1180.6142578125,309.2449035644531,1251.383056640625,375.98199462890625
532,21.28,24,2,car,0.4667221009731293,1093.1647338867188,269.1209487915039,1066.8160400390625,247.0371551513672,1119.513427734375,291.2047424316406
532,21.28,22,2,car,0.40754884481430054,1504.7037353515625,275.9211654663086,1469.8792724609375,253.90040588378906,1539.5281982421875,297.9419250488281
532,21.28,20,2,car,0.3697434663772583,1295.9408569335938,251.73783111572266,1271.7022705078125,229.73094177246094,1320.179443359375,273.7447204589844
533,21.32,13,2,car,0.8791298866271973,1487.0724487304688,766.3128662109375,1388.6993408203125,683.12109375,1585.445556640625,849.504638671875
533,21.32,19,2,car,0.672451376914978,1262.9063720703125,406.98316955566406,1216.618896484375,367.3092956542969,1309.19384765625,446.65704345703125
533,21.32,21,2,car,0.5435857772827148,1218.8981323242188,343.5716857910156,1183.2850341796875,310.95721435546875,1254.51123046875,376.1861572265625
533,21.32,20,2,car,0.44212716817855835,1291.4638671875,251.15731811523438,1266.88818359375,230.67068481445312,1316.03955078125,271.6439514160156
533,21.32,24,2,car,0.43423113226890564,1094.5830078125,270.38140869140625,1068.5516357421875,248.38787841796875,1120.6143798828125,292.37493896484375
533,21.32,22,2,car,0.40928465127944946,1503.4715576171875,274.84193420410156,1466.3731689453125,253.5064697265625,1540.5699462890625,296.1773986816406
534,21.36,13,2,car,0.8654095530509949,1486.9764404296875,773.8869018554688,1387.5230712890625,690.4638671875,1586.4298095703125,857.3099365234375
534,21.36,21,2,car,0.6629080772399902,1218.9357299804688,344.47633361816406,1182.43017578125,311.97601318359375,1255.4412841796875,376.9766540527344
534,21.36,19,2,car,0.6381365656852722,1264.3154296875,409.54457092285156,1217.3375244140625,370.85552978515625,1311.2933349609375,448.2336120605469
534,21.36,20,2,car,0.46192872524261475,1287.6915893554688,252.12030029296875,1261.32275390625,230.07394409179688,1314.0604248046875,274.1666564941406
534,21.36,24,2,car,0.4172448217868805,1095.5179443359375,270.1945495605469,1070.251953125,247.93734741210938,1120.783935546875,292.4517517089844
535,21.4,13,2,car,0.8451452851295471,1485.4414672851562,784.3893737792969,1383.4515380859375,699.0435180664062,1587.431396484375,869.7352294921875
535,21.4,19,2,car,0.7287501692771912,1263.3389282226562,412.5582275390625,1216.0360107421875,372.62969970703125,1310.641845703125,452.48675537109375
535,21.4,21,2,car,0.6777934432029724,1218.3880615234375,346.4949645996094,1183.2591552734375,312.763916015625,1253.5169677734375,380.22601318359375
535,21.4,24,2,car,0.4521947205066681,1098.0986328125,270.55604553222656,1072.1383056640625,248.45809936523438,1124.0589599609375,292.65399169921875
535,21.4,22,2,car,0.369310587644577,1491.995361328125,274.1466979980469,1462.60693359375,252.75457763671875,1521.3837890625,295.538818359375
536,21.44,13,2,car,0.8384524583816528,1484.7687377929688,794.1073303222656,1381.5875244140625,706.8067626953125,1587.949951171875,881.4078979492188
536,21.44,21,2,car,0.7347961664199829,1220.3551635742188,347.54180908203125,1185.0443115234375,314.4698486328125,1255.666015625,380.61376953125
536,21.44,19,2,car,0.6739231944084167,1263.5698852539062,414.541259765625,1216.189453125,374.9063415527344,1310.9503173828125,454.1761779785156
536,21.44,24,2,car,0.4317964017391205,1099.886474609375,270.3033752441406,1075.180419921875,248.42236328125,1124.592529296875,292.18438720703125
536,21.44,22,2,car,0.3656257092952728,1490.1646728515625,272.423583984375,1461.207275390625,250.09414672851562,1519.1220703125,294.7530212402344
537,21.48,13,2,car,0.873214066028595,1483.9219970703125,806.3275146484375,1379.275390625,717.6654663085938,1588.568603515625,894.9895629882812
537,21.48,21,2,car,0.6869969367980957,1220.7222900390625,347.6742858886719,1186.212646484375,313.1860046386719,1255.23193359375,382.1625671386719
537,21.48,19,2,car,0.6634833216667175,1263.8477783203125,415.26036071777344,1217.1302490234375,375.368408203125,1310.5653076171875,455.1523132324219
537,21.48,24,2,car,0.5263823866844177,1100.5865478515625,270.340576171875,1076.61474609375,247.45925903320312,1124.558349609375,293.2218933105469
537,21.48,22,2,car,0.4179227948188782,1484.0503540039062,271.3515853881836,1458.7911376953125,249.4384002685547,1509.3095703125,293.2647705078125
538,21.52,13,2,car,0.8885478377342224,1482.9651489257812,815.9932250976562,1376.5264892578125,725.8090209960938,1589.40380859375,906.1774291992188
538,21.52,21,2,car,0.6959646344184875,1222.2205200195312,349.7844543457031,1188.22607421875,315.321533203125,1256.2149658203125,384.24737548828125
538,21.52,19,2,car,0.6216771602630615,1264.8331909179688,417.7527770996094,1219.874755859375,378.25408935546875,1309.7916259765625,457.25146484375
538,21.52,24,2,car,0.4551383852958679,1101.99853515625,271.81868743896484,1076.6883544921875,248.5078582763672,1127.3087158203125,295.1295166015625
538,21.52,20,2,car,0.3901314437389374,1274.126220703125,250.69115447998047,1248.1878662109375,228.29750061035156,1300.0645751953125,273.0848083496094
539,21.56,13,2,car,0.8717492818832397,1480.8065185546875,826.0870971679688,1372.4761962890625,733.1251831054688,1589.1368408203125,919.0490112304688
539,21.56,21,2,car,0.7770791053771973,1221.9158325195312,350.052978515625,1185.7586669921875,315.87322998046875,1258.072998046875,384.23272705078125
539,21.56,19,2,car,0.6601744294166565,1265.9527587890625,420.3230285644531,1220.4642333984375,381.61187744140625,1311.4412841796875,459.0341796875
539,21.56,20,2,car,0.4613140821456909,1272.0700073242188,249.4123992919922,1247.4876708984375,226.5966796875,1296.65234375,272.2281188964844
539,21.56,24,2,car,0.45271748304367065,1105.019287109375,272.84737396240234,1078.7557373046875,249.6507110595703,1131.2828369140625,296.0440368652344
540,21.6,13,2,car,0.8781198859214783,1479.7509765625,836.2797241210938,1370.2196044921875,741.0410766601562,1589.2823486328125,931.5183715820312
540,21.6,21,2,car,0.7606465816497803,1222.9760131835938,351.7041778564453,1186.0767822265625,316.7760314941406,1259.875244140625,386.63232421875
540,21.6,19,2,car,0.6916667819023132,1267.4700927734375,422.26019287109375,1218.1934814453125,382.46038818359375,1316.7467041015625,462.05999755859375
540,21.6,24,2,car,0.6229237914085388,1107.0932006835938,274.42369842529297,1079.9659423828125,252.3928680419922,1134.220458984375,296.45452880859375
541,21.64,13,2,car,0.8882662653923035,1476.0042114257812,847.0472717285156,1364.763427734375,750.62255859375,1587.2449951171875,943.4719848632812
541,21.64,21,2,car,0.7955337166786194,1224.7726440429688,353.05548095703125,1188.141845703125,318.8346252441406,1261.4034423828125,387.2763366699219
541,21.64,19,2,car,0.6639946103096008,1267.3777465820312,423.79559326171875,1219.58740234375,384.27337646484375,1315.1680908203125,463.31781005859375
541,21.64,24,2,car,0.6486169099807739,1108.7095947265625,274.5245132446289,1082.16943359375,253.1638641357422,1135.249755859375,295.8851623535156
541,21.64,22,2,car,0.4803270399570465,1474.1102905273438,270.01505279541016,1448.1700439453125,248.72886657714844,1500.050537109375,291.3012390136719
542,21.68,13,2,car,0.8792367577552795,1473.5164184570312,860.6802978515625,1359.4676513671875,763.3610229492188,1587.565185546875,957.9995727539062
542,21.68,21,2,car,0.7089759111404419,1225.0953369140625,353.71726989746094,1189.03271484375,319.1368713378906,1261.157958984375,388.29766845703125
542,21.68,19,2,car,0.6720395088195801,1266.9154663085938,426.2029724121094,1220.1962890625,386.1744689941406,1313.6346435546875,466.2314758300781
542,21.68,24,2,car,0.6388672590255737,1110.360595703125,276.3118362426758,1081.63525390625,254.2967987060547,1139.0859375,298.3268737792969
542,21.68,22,2,car,0.462466299533844,1468.8931274414062,270.0532760620117,1440.6199951171875,247.6391143798828,1497.166259765625,292.4674377441406
543,21.72,13,2,car,0.859748363494873,1473.88818359375,871.1920776367188,1358.150146484375,772.5139770507812,1589.626220703125,969.8701782226562
543,21.72,21,2,car,0.7421295046806335,1226.2374877929688,354.41477966308594,1189.8564453125,318.890625,1262.6185302734375,389.9389343261719
543,21.72,19,2,car,0.7404720783233643,1267.2796020507812,429.9916076660156,1219.8577880859375,389.2162170410156,1314.701416015625,470.7669982910156
543,21.72,24,2,car,0.673367440700531,1113.549560546875,277.91678619384766,1084.60546875,255.6159210205078,1142.49365234375,300.2176513671875
543,21.72,22,2,car,0.35757970809936523,1467.3765869140625,268.7734680175781,1440.011474609375,247.41192626953125,1494.74169921875,290.135009765625
544,21.76,13,2,car,0.8605281114578247,1471.2933349609375,882.6879272460938,1354.0643310546875,780.9503173828125,1588.5223388671875,984.425537109375
544,21.76,21,2,car,0.7770153284072876,1226.1679077148438,356.85546875,1190.1732177734375,322.10186767578125,1262.16259765625,391.60906982421875
544,21.76,19,2,car,0.7614597678184509,1267.5669555664062,430.7637634277344,1218.283203125,387.5647888183594,1316.8507080078125,473.9627380371094
544,21.76,24,2,car,0.665877640247345,1116.4356079101562,277.8912353515625,1088.058837890625,256.59075927734375,1144.8123779296875,299.19171142578125
544,21.76,22,2,car,0.36228781938552856,1465.714599609375,268.5899963378906,1439.1046142578125,248.064697265625,1492.3245849609375,289.11529541015625
545,21.8,13,2,car,0.8276857733726501,1467.1266479492188,895.001953125,1347.9625244140625,791.7225952148438,1586.290771484375,998.2813110351562
545,21.8,21,2,car,0.7354677319526672,1228.4027709960938,357.6537322998047,1190.707763671875,322.26361083984375,1266.0977783203125,393.0438537597656
545,21.8,24,2,car,0.7317546010017395,1118.07666015625,278.6666259765625,1090.3525390625,257.9610595703125,1145.80078125,299.3721923828125
545,21.8,19,2,car,0.7211951613426208,1268.6102905273438,434.26226806640625,1218.62451171875,392.7479553222656,1318.5960693359375,475.7765808105469
546,21.84,21,2,car,0.8039107918739319,1227.0360717773438,357.2874298095703,1190.8502197265625,321.8443908691406,1263.221923828125,392.73046875
546,21.84,13,2,car,0.7782129049301147,1465.1370239257812,908.1436157226562,1343.6837158203125,803.1829833984375,1586.59033203125,1013.104248046875
546,21.84,24,2,car,0.6938475370407104,1119.976806640625,278.460693359375,1094.881591796875,256.39117431640625,1145.072021484375,300.53021240234375
546,21.84,19,2,car,0.6000691652297974,1269.6153564453125,436.1547546386719,1220.20068359375,392.88336181640625,1319.030029296875,479.4261474609375
546,21.84,22,2,car,0.4585765600204468,1458.1025390625,267.9009246826172,1429.916748046875,247.5413818359375,1486.288330078125,288.2604675292969
546,21.84,20,2,car,0.42604976892471313,1255.2429809570312,246.7282943725586,1228.3846435546875,222.95091247558594,1282.101318359375,270.50567626953125
547,21.88,13,2,car,0.8174908757209778,1463.1849975585938,923.0040893554688,1339.4483642578125,815.883544921875,1586.921630859375,1030.1246337890625
547,21.88,21,2,car,0.7442339658737183,1227.9630737304688,358.26768493652344,1190.78662109375,322.03729248046875,1265.1395263671875,394.4980773925781
547,21.88,24,2,car,0.6706770062446594,1120.4528198242188,279.8299255371094,1094.92138671875,256.9948425292969,1145.9842529296875,302.6650085449219
547,21.88,19,2,car,0.637364387512207,1271.4967651367188,437.6630859375,1219.224365234375,395.9433288574219,1323.7691650390625,479.3828430175781
547,21.88,20,2,car,0.54339200258255,1251.450927734375,246.68804931640625,1227.4276123046875,222.38897705078125,1275.4742431640625,270.98712158203125
547,21.88,22,2,car,0.3680979609489441,1455.5075073242188,267.075439453125,1429.2913818359375,246.9627685546875,1481.7236328125,287.1881103515625
548,21.92,13,2,car,0.8933195471763611,1461.0516967773438,935.7094116210938,1334.499755859375,826.163818359375,1587.6036376953125,1045.2550048828125
548,21.92,24,2,car,0.7176015973091125,1123.2549438476562,280.98004150390625,1097.170166015625,259.5121154785156,1149.3397216796875,302.4479675292969
548,21.92,21,2,car,0.7016116976737976,1228.2900390625,359.80943298339844,1190.43603515625,322.762939453125,1266.14404296875,396.8559265136719
548,21.92,19,2,car,0.6267068386077881,1270.7086791992188,440.0636901855469,1218.833984375,397.3861999511719,1322.5833740234375,482.7411804199219
548,21.92,20,2,car,0.5717893838882446,1247.5916137695312,246.08047485351562,1226.02197265625,222.06243896484375,1269.1612548828125,270.0985107421875
548,21.92,26,2,car,0.46714356541633606,986.255126953125,242.68917083740234,967.4485473632812,224.71897888183594,1005.0617065429688,260.65936279296875
549,21.96,13,2,car,0.8836206793785095,1456.0087280273438,948.0007019042969,1327.927001953125,837.8611450195312,1584.0904541015625,1058.1402587890625
549,21.96,24,2,car,0.7358927726745605,1125.8218994140625,281.34149169921875,1100.099609375,260.23516845703125,1151.544189453125,302.44781494140625
549,21.96,21,2,car,0.6751581430435181,1229.08935546875,361.5109405517578,1190.845703125,323.9610900878906,1267.3330078125,399.060791015625
549,21.96,19,2,car,0.6310352683067322,1269.1627197265625,443.11280822753906,1219.119140625,399.9253234863281,1319.206298828125,486.30029296875
549,21.96,20,2,car,0.5222959518432617,1245.821044921875,247.14784240722656,1223.870361328125,222.55178833007812,1267.771728515625,271.743896484375
549,21.96,26,2,car,0.5039479732513428,987.6174926757812,241.4307861328125,968.738037109375,223.52352905273438,1006.4969482421875,259.3380432128906
550,22.0,13,2,car,0.8711441159248352,1455.1244506835938,962.6736755371094,1325.7071533203125,851.3670043945312,1584.541748046875,1073.9803466796875
550,22.0,24,2,car,0.6967682242393494,1128.4954833984375,281.7846221923828,1100.7919921875,260.6203308105469,1156.198974609375,302.94891357421875
550,22.0,21,2,car,0.6461402773857117,1229.8731079101562,363.76666259765625,1191.135498046875,325.1212463378906,1268.6107177734375,402.4120788574219
550,22.0,19,2,car,0.6458160281181335,1269.7344360351562,444.8817443847656,1219.15576171875,400.2909851074219,1320.3131103515625,489.4725036621094
550,22.0,26,2,car,0.5611690282821655,989.6399230957031,241.84917449951172,970.6199340820312,223.72132873535156,1008.659912109375,259.9770202636719
550,22.0,20,2,car,0.3972409963607788,1242.76611328125,248.61680603027344,1218.0860595703125,223.57122802734375,1267.4461669921875,273.6623840332031
550,22.0,22,2,car,0.3939208388328552,1443.8501586914062,265.0491943359375,1417.6864013671875,245.91348266601562,1470.013916015625,284.1849060058594
551,22.04,13,2,car,0.881386399269104,1453.4338989257812,971.1459655761719,1321.9039306640625,864.7406616210938,1584.9638671875,1077.55126953125
551,22.04,24,2,car,0.6813125014305115,1129.9927368164062,281.37290954589844,1103.2994384765625,260.252197265625,1156.68603515625,302.4936218261719
551,22.04,19,2,car,0.629444420337677,1269.159423828125,447.06065368652344,1218.799560546875,401.84857177734375,1319.519287109375,492.2727355957031
551,22.04,21,2,car,0.6168051958084106,1229.7081298828125,365.4463653564453,1191.3856201171875,327.1430358886719,1268.0306396484375,403.74969482421875
551,22.04,26,2,car,0.5906378626823425,991.2599487304688,244.60269927978516,971.3631591796875,227.44395446777344,1011.15673828125,261.7614440917969
551,22.04,20,2,car,0.4381835162639618,1240.4589233398438,245.95523071289062,1215.9530029296875,223.45916748046875,1264.96484375,268.4512939453125
552,22.08,13,2,car,0.8464078903198242,1451.5075073242188,978.3707885742188,1319.6416015625,877.0206298828125,1583.3734130859375,1079.720947265625
552,22.08,24,2,car,0.6892595887184143,1129.893798828125,283.44627380371094,1104.454833984375,260.9401550292969,1155.332763671875,305.952392578125
552,22.08,19,2,car,0.6149765253067017,1271.4462890625,449.5030517578125,1218.3966064453125,403.9068603515625,1324.4959716796875,495.0992431640625
552,22.08,21,2,car,0.5946547389030457,1230.394775390625,367.3197784423828,1192.2139892578125,328.38134765625,1268.5755615234375,406.2582092285156
552,22.08,26,2,car,0.5609452128410339,993.04833984375,244.62738800048828,972.7694091796875,227.71604919433594,1013.3272705078125,261.5387268066406
552,22.08,20,2,car,0.44750747084617615,1237.244873046875,244.18650817871094,1212.9046630859375,223.02993774414062,1261.5850830078125,265.34307861328125
552,22.08,22,2,car,0.41099050641059875,1441.52978515625,265.1216278076172,1416.80615234375,245.341796875,1466.25341796875,284.9014587402344
553,22.12,13,2,car,0.8341206312179565,1444.4920654296875,984.9544067382812,1307.76171875,892.3359375,1581.222412109375,1077.5728759765625
553,22.12,24,2,car,0.7392351627349854,1131.5831298828125,283.71356201171875,1106.82568359375,261.7017517089844,1156.340576171875,305.7253723144531
553,22.12,19,2,car,0.692086935043335,1272.0444946289062,453.23638916015625,1219.0283203125,407.5754699707031,1325.0606689453125,498.8973083496094
553,22.12,21,2,car,0.6675482988357544,1231.7290649414062,368.0409393310547,1192.8621826171875,328.7055358886719,1270.595947265625,407.3763427734375
553,22.12,26,2,car,0.5437369346618652,994.4866333007812,243.9894256591797,973.8792114257812,227.47683715820312,1015.0940551757812,260.50201416015625
553,22.12,22,2,car,0.4214576482772827,1438.79541015625,263.6343765258789,1415.6224365234375,244.2715301513672,1461.9683837890625,282.9972229003906
553,22.12,20,2,car,0.36037763953208923,1233.447265625,243.29823303222656,1211.35888671875,223.19558715820312,1255.53564453125,263.40087890625
554,22.16,13,2,car,0.8379190564155579,1423.1963500976562,992.9800415039062,1265.3995361328125,908.1390380859375,1580.9931640625,1077.821044921875
554,22.16,24,2,car,0.7490144968032837,1133.4793701171875,284.14744567871094,1106.90380859375,262.1034240722656,1160.054931640625,306.19146728515625
554,22.16,19,2,car,0.7373826503753662,1271.6520385742188,455.8428955078125,1219.1939697265625,410.8487548828125,1324.110107421875,500.8370361328125
554,22.16,21,2,car,0.7148615717887878,1232.1631469726562,369.9055938720703,1192.9798583984375,332.3247985839844,1271.346435546875,407.48638916015625
554,22.16,22,2,car,0.6042003631591797,1434.8287353515625,262.47957611083984,1410.0955810546875,243.43580627441406,1459.5618896484375,281.5233459472656
554,22.16,26,2,car,0.5182228684425354,996.4786376953125,245.2022476196289,974.6647338867188,228.5526580810547,1018.2925415039062,261.8518371582031
554,22.16,20,2,car,0.5045368075370789,1230.5844116210938,245.93328094482422,1206.8160400390625,222.34767150878906,1254.352783203125,269.5188903808594
555,22.2,13,2,car,0.7972676157951355,1422.9638671875,1000.9564514160156,1264.291259765625,923.3064575195312,1581.636474609375,1078.6064453125
555,22.2,19,2,car,0.7663899064064026,1272.310546875,456.4523620605469,1220.67919921875,411.3775634765625,1323.94189453125,501.52716064453125
555,22.2,21,2,car,0.7547144889831543,1232.9071655273438,371.2188720703125,1193.7872314453125,333.36090087890625,1272.027099609375,409.07684326171875
555,22.2,24,2,car,0.7164211273193359,1134.628173828125,284.59019470214844,1106.62548828125,262.8752136230469,1162.630859375,306.30517578125
555,22.2,20,2,car,0.5900270342826843,1228.1651000976562,245.52918243408203,1204.0902099609375,222.3651580810547,1252.239990234375,268.6932067871094
555,22.2,26,2,car,0.4304509460926056,999.0419921875,245.7432403564453,978.2457885742188,229.25912475585938,1019.8381958007812,262.22735595703125
555,22.2,22,2,car,0.41629743576049805,1432.2838745117188,261.9163513183594,1407.4791259765625,242.12722778320312,1457.088623046875,281.7054748535156
556,22.24,13,2,car,0.7849499583244324,1437.1609497070312,1008.2492065429688,1296.1732177734375,936.71044921875,1578.148681640625,1079.7879638671875
556,22.24,21,2,car,0.7371848821640015,1232.2703247070312,372.95899963378906,1192.7523193359375,335.0258483886719,1271.788330078125,410.89215087890625
556,22.24,24,2,car,0.7300825715065002,1137.2926025390625,285.79856872558594,1108.7230224609375,263.35198974609375,1165.8621826171875,308.2451477050781
556,22.24,19,2,car,0.6646305918693542,1272.0462646484375,459.7900085449219,1222.2218017578125,415.23101806640625,1321.8707275390625,504.3489990234375
556,22.24,20,2,car,0.5378000736236572,1225.9724731445312,245.41612243652344,1202.887451171875,222.479736328125,1249.0574951171875,268.3525085449219
556,22.24,26,2,car,0.4481353461742401,1001.6218872070312,246.3303680419922,980.8536987304688,229.5494384765625,1022.3900756835938,263.1112976074219
557,22.28,24,2,car,0.7646541595458984,1139.7801513671875,287.9997863769531,1111.8287353515625,265.7253723144531,1167.7315673828125,310.2742004394531
557,22.28,13,2,car,0.7586798667907715,1433.5291748046875,1015.3899536132812,1297.8201904296875,953.9512939453125,1569.2381591796875,1076.82861328125
557,22.28,21,2,car,0.7251736521720886,1232.774169921875,374.20005798339844,1192.1185302734375,335.15826416015625,1273.4298095703125,413.2418518066406
557,22.28,19,2,car,0.6560071706771851,1271.392578125,463.18670654296875,1219.1737060546875,418.2366943359375,1323.6114501953125,508.13671875
557,22.28,20,2,car,0.5514960289001465,1223.3726196289062,244.55107879638672,1202.283447265625,222.13270568847656,1244.4617919921875,266.9694519042969
557,22.28,26,2,car,0.4992204010486603,1004.2795104980469,246.77822875976562,984.0795288085938,228.06314086914062,1024.4794921875,265.4933166503906
558,22.32,24,2,car,0.7519956827163696,1140.9047241210938,287.64305114746094,1114.427490234375,265.1773986816406,1167.3819580078125,310.10870361328125
558,22.32,13,2,car,0.7191630005836487,1429.17529296875,1022.7454528808594,1285.928955078125,971.4724731445312,1572.421630859375,1074.0184326171875
558,22.32,21,2,car,0.669968843460083,1233.0603637695312,374.6968688964844,1193.4423828125,335.1801452636719,1272.6783447265625,414.2135925292969
558,22.32,19,2,car,0.6575127243995667,1270.9661254882812,466.0620880126953,1217.80859375,418.7018127441406,1324.1236572265625,513.42236328125
558,22.32,20,2,car,0.5577610731124878,1221.7947998046875,243.66224670410156,1200.562255859375,222.29058837890625,1243.02734375,265.0339050292969
558,22.32,26,2,car,0.4569907486438751,1005.9442749023438,245.3180160522461,986.2034912109375,224.2456512451172,1025.68505859375,266.390380859375
558,22.32,22,2,car,0.4283011555671692,1421.0946044921875,261.06703186035156,1394.409912109375,241.42080688476562,1447.779296875,280.7132568359375
559,22.36,24,2,car,0.730074942111969,1142.0518188476562,289.541259765625,1115.255615234375,266.7677307128906,1168.8480224609375,312.3147888183594
559,22.36,13,2,car,0.725766122341156,1417.7425537109375,1033.9456787109375,1274.7862548828125,989.8916015625,1560.6988525390625,1077.999755859375
559,22.36,19,2,car,0.7036886811256409,1271.3959350585938,468.75181579589844,1216.04443359375,421.7582702636719,1326.7474365234375,515.745361328125
559,22.36,21,2,car,0.5871372818946838,1234.369384765625,376.64610290527344,1194.71533203125,336.6344909667969,1274.0234375,416.65771484375
559,22.36,20,2,car,0.5693427920341492,1218.41796875,242.9728012084961,1196.8829345703125,223.10719299316406,1239.9530029296875,262.8384094238281
559,22.36,22,2,car,0.4991742968559265,1418.7019653320312,261.6156005859375,1393.3209228515625,242.41571044921875,1444.0830078125,280.81549072265625
559,22.36,26,2,car,0.35980021953582764,1006.8799438476562,245.90349578857422,987.116455078125,224.9264373779297,1026.6434326171875,266.88055419921875
560,22.4,24,2,car,0.7308691740036011,1143.8314819335938,290.0948028564453,1117.4154052734375,267.0701599121094,1170.24755859375,313.11944580078125
560,22.4,13,2,car,0.7135820388793945,1424.6295776367188,1040.785400390625,1298.7615966796875,1003.740234375,1550.49755859375,1077.83056640625
560,22.4,19,2,car,0.6887752413749695,1271.4755859375,472.50135803222656,1214.386962890625,424.7765808105469,1328.564208984375,520.2261352539062
560,22.4,21,2,car,0.6555881500244141,1235.142822265625,378.73890686035156,1194.638427734375,338.1069641113281,1275.647216796875,419.370849609375
560,22.4,20,2,car,0.522676408290863,1214.7410278320312,242.8618621826172,1193.13916015625,223.17257690429688,1236.3428955078125,262.5511474609375
560,22.4,26,2,car,0.46152955293655396,1008.0058288574219,247.2563705444336,988.4086303710938,226.5560760498047,1027.60302734375,267.9566650390625
561,22.44,19,2,car,0.7328645586967468,1271.0170288085938,475.31907653808594,1213.7689208984375,427.5519104003906,1328.26513671875,523.0862426757812
561,22.44,24,2,car,0.7188276052474976,1145.2481079101562,290.7509002685547,1117.7279052734375,267.5541687011719,1172.768310546875,313.9476318359375
561,22.44,21,2,car,0.7012902498245239,1235.82861328125,380.6438446044922,1194.29736328125,339.8857116699219,1277.35986328125,421.4019775390625
561,22.44,26,2,car,0.4418848156929016,1010.5572509765625,247.5167007446289,990.4921875,227.5258026123047,1030.622314453125,267.5075988769531
562,22.48,24,2,car,0.7245417237281799,1145.3706665039062,291.3103942871094,1118.26904296875,268.2550354003906,1172.4722900390625,314.3657531738281
562,22.48,19,2,car,0.720487654209137,1270.330078125,477.12156677246094,1215.4720458984375,429.3730773925781,1325.1881103515625,524.8700561523438
562,22.48,21,2,car,0.6788821220397949,1235.4595947265625,380.34104919433594,1192.5927734375,338.9967041015625,1278.326416015625,421.6853942871094
562,22.48,26,2,car,0.5472530126571655,1011.9534606933594,249.64508056640625,990.1611938476562,231.19070434570312,1033.7457275390625,268.0994567871094
562,22.48,22,2,car,0.3901383876800537,1409.8786010742188,260.2896423339844,1383.670166015625,239.70785522460938,1436.0870361328125,280.8714294433594
563,22.52,19,2,car,0.7389407753944397,1269.354248046875,479.2138214111328,1213.1068115234375,430.8417663574219,1325.6016845703125,527.5858764648438
563,22.52,21,2,car,0.7075996994972229,1235.7157592773438,382.7868194580078,1192.6055908203125,340.417724609375,1278.825927734375,425.1559143066406
563,22.52,24,2,car,0.6796849370002747,1146.9387817382812,292.26332092285156,1119.6192626953125,268.9282531738281,1174.25830078125,315.598388671875
563,22.52,26,2,car,0.44135749340057373,1015.0360717773438,248.25082397460938,994.9478759765625,228.64169311523438,1035.124267578125,267.8599548339844
564,22.56,19,2,car,0.6913624405860901,1270.1626586914062,481.9695739746094,1212.449462890625,432.63958740234375,1327.8758544921875,531.299560546875
564,22.56,24,2,car,0.6847838759422302,1149.523193359375,292.3868103027344,1122.301513671875,269.3062438964844,1176.744873046875,315.4673767089844
564,22.56,21,2,car,0.6662300229072571,1235.5783081054688,383.7381591796875,1191.907470703125,340.3920593261719,1279.2491455078125,427.0842590332031
564,22.56,26,2,car,0.45084869861602783,1017.1818237304688,250.2047348022461,995.4583740234375,232.12660217285156,1038.9052734375,268.2828674316406
564,22.56,20,2,car,0.44006651639938354,1204.1214599609375,239.85557556152344,1183.89306640625,221.74850463867188,1224.349853515625,257.962646484375
565,22.6,19,2,car,0.7334724068641663,1270.5242919921875,487.0588836669922,1211.404296875,438.2858581542969,1329.644287109375,535.8319091796875
565,22.6,24,2,car,0.6960859298706055,1152.5516967773438,292.8359069824219,1124.309326171875,269.03045654296875,1180.7940673828125,316.641357421875
565,22.6,21,2,car,0.6875357031822205,1235.38916015625,385.24017333984375,1192.065673828125,341.51788330078125,1278.712646484375,428.96246337890625
565,22.6,26,2,car,0.5614413619041443,1019.4583129882812,250.89724731445312,997.1168212890625,232.94512939453125,1041.7998046875,268.849365234375
565,22.6,22,2,car,0.38979628682136536,1402.752197265625,260.5696487426758,1377.8704833984375,240.60719299316406,1427.6339111328125,280.5321044921875
566,22.64,24,2,car,0.7343056201934814,1153.9258422851562,292.44480895996094,1125.148193359375,268.43408203125,1182.7034912109375,316.4555358886719
566,22.64,19,2,car,0.72368985414505,1269.0957641601562,489.6700744628906,1209.6163330078125,438.51397705078125,1328.5751953125,540.826171875
566,22.64,21,2,car,0.6691904067993164,1235.7030639648438,386.7473449707031,1192.9615478515625,342.8271179199219,1278.444580078125,430.6675720214844
566,22.64,26,2,car,0.4413984417915344,1020.3619689941406,251.27741241455078,998.3739624023438,234.2021942138672,1042.3499755859375,268.3526306152344
567,22.68,19,2,car,0.797897219657898,1268.1964721679688,492.59315490722656,1209.1165771484375,439.8100891113281,1327.2763671875,545.376220703125
567,22.68,24,2,car,0.7890514731407166,1156.0804443359375,293.5529327392578,1127.2017822265625,269.80419921875,1184.9591064453125,317.3016662597656
567,22.68,21,2,car,0.6769004464149475,1236.52392578125,391.004150390625,1193.520751953125,348.8443908691406,1279.527099609375,433.1639099121094
567,22.68,26,2,car,0.49500539898872375,1022.0169067382812,250.8159942626953,1001.4481201171875,234.58657836914062,1042.585693359375,267.04541015625
568,22.72,19,2,car,0.7958516478538513,1268.6409912109375,495.75465393066406,1209.1397705078125,442.2761535644531,1328.1422119140625,549.233154296875
568,22.72,24,2,car,0.7669699192047119,1158.6691284179688,294.08912658691406,1128.6759033203125,270.3838806152344,1188.662353515625,317.79437255859375
568,22.72,21,2,car,0.7199508547782898,1236.712646484375,391.24131774902344,1194.2684326171875,348.357421875,1279.1568603515625,434.1252136230469
568,22.72,26,2,car,0.49893856048583984,1025.5548400878906,251.83019256591797,1006.1156616210938,235.4633331298828,1044.9940185546875,268.1970520019531
569,22.76,19,2,car,0.7838948965072632,1268.1830444335938,499.9967041015625,1208.6435546875,449.4664306640625,1327.7225341796875,550.5269775390625
569,22.76,24,2,car,0.7724666595458984,1160.4345092773438,294.58209228515625,1129.65283203125,271.2882385253906,1191.2161865234375,317.8759460449219
569,22.76,21,2,car,0.6777146458625793,1236.5966796875,393.1351318359375,1193.2830810546875,350.2942199707031,1279.9102783203125,435.9760437011719
569,22.76,26,2,car,0.3729442358016968,1028.2826232910156,252.80877685546875,1009.2503051757812,235.11355590820312,1047.31494140625,270.5039978027344
570,22.8,19,2,car,0.7385656237602234,1267.3004150390625,502.3976287841797,1207.257568359375,450.7140197753906,1327.34326171875,554.0812377929688
570,22.8,21,2,car,0.6248387098312378,1236.4946899414062,395.42156982421875,1192.0938720703125,350.7450256347656,1280.8955078125,440.0981140136719
570,22.8,24,2,car,0.610577404499054,1162.354736328125,295.3092346191406,1132.27197265625,271.28680419921875,1192.4375,319.3316650390625
570,22.8,26,2,car,0.3884046673774719,1030.2041015625,253.0540771484375,1009.892578125,235.15509033203125,1050.515625,270.95306396484375
571,22.84,24,2,car,0.7414722442626953,1163.4878540039062,297.06463623046875,1133.9619140625,272.8645935058594,1193.0137939453125,321.2646789550781
571,22.84,19,2,car,0.7152039408683777,1266.5462036132812,505.40789794921875,1205.8275146484375,452.29852294921875,1327.264892578125,558.5172729492188
571,22.84,21,2,car,0.6144447326660156,1236.6920776367188,398.8354797363281,1191.9771728515625,354.8836669921875,1281.406982421875,442.78729248046875
571,22.84,26,2,car,0.3907231390476227,1032.1612854003906,253.25509643554688,1010.9555053710938,235.15081787109375,1053.3670654296875,271.359375
572,22.88,24,2,car,0.7174708247184753,1164.9962158203125,298.0156555175781,1136.375244140625,274.531494140625,1193.6171875,321.49981689453125
572,22.88,19,2,car,0.7163563370704651,1266.2186279296875,508.71119689941406,1205.3016357421875,455.1746520996094,1327.1356201171875,562.2477416992188
572,22.88,21,2,car,0.5878928899765015,1236.9699096679688,400.48387145996094,1192.8116455078125,355.633056640625,1281.128173828125,445.3346862792969
572,22.88,26,2,car,0.4858182370662689,1033.7550354003906,253.34156036376953,1010.1172485351562,235.8753204345703,1057.392822265625,270.80780029296875
573,22.92,19,2,car,0.7996710538864136,1265.523193359375,512.3749694824219,1204.307373046875,460.121337890625,1326.739013671875,564.6286010742188
573,22.92,24,2,car,0.7007874250411987,1165.6993408203125,300.47084045410156,1136.6243896484375,275.6577453613281,1194.7742919921875,325.283935546875
573,22.92,21,2,car,0.6120495796203613,1237.5855102539062,402.39422607421875,1194.123779296875,357.0196838378906,1281.0472412109375,447.7687683105469
573,22.92,26,2,car,0.5784987807273865,1034.2352905273438,253.3916778564453,1011.983154296875,236.16958618164062,1056.4874267578125,270.61376953125
574,22.96,19,2,car,0.7735642194747925,1264.7413330078125,517.7648468017578,1202.9600830078125,465.2256774902344,1326.5225830078125,570.3040161132812
574,22.96,24,2,car,0.6727240085601807,1167.5399169921875,302.19444274902344,1138.62353515625,278.29083251953125,1196.456298828125,326.0980529785156
574,22.96,26,2,car,0.6068534851074219,1035.7518005371094,254.1067657470703,1013.5222778320312,236.24917602539062,1057.9813232421875,271.96435546875
574,22.96,21,2,car,0.6012275218963623,1237.5691528320312,406.23980712890625,1192.2415771484375,361.3576354980469,1282.896728515625,451.1219787597656
575,23.0,19,2,car,0.7679705023765564,1263.2841186523438,520.2889556884766,1199.6878662109375,467.8340148925781,1326.88037109375,572.743896484375
575,23.0,24,2,car,0.7529917359352112,1169.1869506835938,302.7498321533203,1140.921875,278.85479736328125,1197.4520263671875,326.6448669433594
575,23.0,21,2,car,0.6413829326629639,1237.4657592773438,407.0765838623047,1191.4918212890625,360.48150634765625,1283.439697265625,453.6716613769531
575,23.0,26,2,car,0.5946449637413025,1037.8082580566406,254.08497619628906,1013.4977416992188,235.82601928710938,1062.1187744140625,272.34393310546875
576,23.04,19,2,car,0.8836873173713684,1261.4588012695312,523.6624450683594,1198.3062744140625,469.984130859375,1324.611328125,577.3407592773438
576,23.04,24,2,car,0.7687854170799255,1170.241455078125,302.6018829345703,1139.964599609375,277.130859375,1200.518310546875,328.0729064941406
576,23.04,21,2,car,0.6539482474327087,1237.2833251953125,410.1517639160156,1191.4639892578125,362.98516845703125,1283.1026611328125,457.318359375
576,23.04,26,2,car,0.5766832232475281,1040.6950988769531,254.95673370361328,1017.1671752929688,235.87586975097656,1064.2230224609375,274.03759765625
577,23.08,19,2,car,0.9151280522346497,1260.941650390625,526.4041290283203,1196.8228759765625,471.4864196777344,1325.0604248046875,581.3218383789062
577,23.08,24,2,car,0.7758143544197083,1172.9620361328125,302.80296325683594,1143.1107177734375,277.02313232421875,1202.8133544921875,328.5827941894531
577,23.08,21,2,car,0.6860107183456421,1236.9014892578125,412.0584259033203,1190.50537109375,365.5537109375,1283.297607421875,458.5631408691406
577,23.08,26,2,car,0.45332956314086914,1042.4617004394531,255.38388061523438,1018.9797973632812,236.06011962890625,1065.943603515625,274.7076416015625
577,23.08,22,2,car,0.352691113948822,1368.4461669921875,254.64675903320312,1344.460205078125,236.82125854492188,1392.43212890625,272.4722595214844
578,23.12,19,2,car,0.8427231907844543,1258.66455078125,531.0820159912109,1193.861328125,476.3949279785156,1323.4677734375,585.7691040039062
578,23.12,24,2,car,0.7479321360588074,1173.8775634765625,303.2539978027344,1143.5772705078125,277.517333984375,1204.1778564453125,328.99066162109375
578,23.12,21,2,car,0.7226565480232239,1237.5223999023438,414.43707275390625,1191.79248046875,370.1121826171875,1283.2523193359375,458.761962890625
578,23.12,26,2,car,0.5107384920120239,1044.394287109375,255.69831085205078,1021.447998046875,237.7080841064453,1067.340576171875,273.68853759765625
578,23.12,22,2,car,0.4208030700683594,1365.7015380859375,254.3340835571289,1342.0916748046875,235.70860290527344,1389.3114013671875,272.9595642089844
579,23.16,21,2,car,0.7403379678726196,1237.8031005859375,416.9068908691406,1191.6932373046875,370.4072570800781,1283.9129638671875,463.4065246582031
579,23.16,19,2,car,0.7354981303215027,1259.0189819335938,534.5427093505859,1193.5548095703125,477.9820861816406,1324.483154296875,591.1033325195312
579,23.16,24,2,car,0.7317285537719727,1174.5965576171875,304.67897033691406,1145.33837890625,279.9009094238281,1203.854736328125,329.45703125
579,23.16,26,2,car,0.5616636872291565,1045.668701171875,256.58975982666016,1023.8994140625,239.9106903076172,1067.43798828125,273.2688293457031
579,23.16,22,2,car,0.3999945819377899,1360.125244140625,253.98201751708984,1334.6575927734375,235.88877868652344,1385.5928955078125,272.07525634765625
580,23.2,19,2,car,0.8278034329414368,1259.0595703125,539.4775085449219,1192.4267578125,481.267822265625,1325.6923828125,597.6871948242188
580,23.2,21,2,car,0.7257591485977173,1237.5360717773438,420.251220703125,1191.1402587890625,373.1877136230469,1283.931884765625,467.3147277832031
580,23.2,24,2,car,0.7014321684837341,1177.6050415039062,305.8727264404297,1147.4422607421875,280.4917907714844,1207.767822265625,331.253662109375
580,23.2,26,2,car,0.561119556427002,1046.9736938476562,256.9325408935547,1026.3756103515625,240.6317138671875,1067.57177734375,273.2333679199219
581,23.24,19,2,car,0.8457563519477844,1255.30126953125,543.371337890625,1187.57080078125,487.15447998046875,1323.03173828125,599.5881958007812
581,23.24,21,2,car,0.7446538805961609,1237.0286254882812,423.195556640625,1189.5723876953125,375.422607421875,1284.48486328125,470.968505859375
581,23.24,24,2,car,0.7296096086502075,1180.2025146484375,305.5777130126953,1150.2122802734375,280.0699768066406,1210.1927490234375,331.08544921875
581,23.24,26,2,car,0.6156708002090454,1049.8823852539062,258.48583984375,1029.2216796875,240.74154663085938,1070.5430908203125,276.2301330566406
581,23.24,22,2,car,0.41359734535217285,1353.5794067382812,253.76874542236328,1329.5054931640625,236.0110626220703,1377.6533203125,271.52642822265625
582,23.28,19,2,car,0.863861620426178,1253.492919921875,547.7711639404297,1186.0533447265625,491.9647521972656,1320.9324951171875,603.5775756835938
582,23.28,21,2,car,0.7951635122299194,1237.4730834960938,425.0379638671875,1189.332275390625,377.1632995605469,1285.6138916015625,472.9126281738281
582,23.28,24,2,car,0.741341233253479,1181.293212890625,305.2228546142578,1151.056640625,280.276611328125,1211.52978515625,330.1690979003906
582,23.28,26,2,car,0.5476061105728149,1051.8541870117188,259.3159713745117,1030.97900390625,240.2079315185547,1072.7293701171875,278.42401123046875
582,23.28,22,2,car,0.4330151379108429,1352.0181884765625,253.95812225341797,1327.459716796875,236.03553771972656,1376.57666015625,271.8807067871094
582,23.28,20,2,car,0.35925737023353577,1149.7278442382812,233.1276397705078,1127.9915771484375,215.33633422851562,1171.464111328125,250.9189453125
583,23.32,19,2,car,0.8574424386024475,1253.1721801757812,553.0453948974609,1185.2032470703125,494.9026794433594,1321.14111328125,611.1881103515625
583,23.32,21,2,car,0.8177003264427185,1237.3806762695312,427.714599609375,1189.4251708984375,379.5054016113281,1285.336181640625,475.9237976074219
583,23.32,24,2,car,0.7639979124069214,1183.5133056640625,306.82647705078125,1154.070068359375,280.09698486328125,1212.95654296875,333.55596923828125
583,23.32,26,2,car,0.5184338688850403,1054.6463623046875,259.0856170654297,1033.39013671875,240.28762817382812,1075.902587890625,277.88360595703125
583,23.32,22,2,car,0.3957093358039856,1348.5573120117188,253.7554931640625,1324.982666015625,235.762939453125,1372.1319580078125,271.748046875
584,23.36,19,2,car,0.8737444281578064,1252.390380859375,556.9198150634766,1183.693603515625,497.5886535644531,1321.087158203125,616.2509765625
584,23.36,21,2,car,0.8351983428001404,1236.5797119140625,430.60015869140625,1188.500244140625,382.8818664550781,1284.6591796875,478.3184509277344
584,23.36,24,2,car,0.770007848739624,1184.4833984375,307.8529357910156,1154.350341796875,281.06744384765625,1214.616455078125,334.638427734375
584,23.36,26,2,car,0.539205014705658,1056.379638671875,259.6204376220703,1034.2979736328125,240.07708740234375,1078.4613037109375,279.1637878417969
584,23.36,22,2,car,0.3694573938846588,1345.2589721679688,253.26703643798828,1321.1993408203125,234.4936065673828,1369.318603515625,272.04046630859375
584,23.36,20,2,car,0.3619731664657593,1144.4596557617188,233.599365234375,1123.0618896484375,216.3592071533203,1165.857421875,250.8395233154297
585,23.4,19,2,car,0.8512450456619263,1249.9923095703125,560.9105529785156,1181.0523681640625,500.23974609375,1318.9322509765625,621.5813598632812
585,23.4,21,2,car,0.808354914188385,1235.61962890625,432.25328063964844,1186.923828125,383.48272705078125,1284.3154296875,481.0238342285156
585,23.4,24,2,car,0.7799565196037292,1186.1205444335938,310.4691619873047,1154.782958984375,284.4771728515625,1217.4581298828125,336.4611511230469
585,23.4,26,2,car,0.504560112953186,1057.388916015625,259.73951721191406,1034.0908203125,239.783935546875,1080.68701171875,279.6950988769531
585,23.4,20,2,car,0.358951210975647,1141.8482666015625,232.99309539794922,1121.0079345703125,215.4040985107422,1162.6885986328125,250.58209228515625
586,23.44,19,2,car,0.8702786564826965,1248.4235229492188,564.2066345214844,1178.644775390625,502.7080078125,1318.2022705078125,625.7052612304688
586,23.44,21,2,car,0.7638933658599854,1235.4030151367188,433.24827575683594,1186.4730224609375,383.97235107421875,1284.3330078125,482.5242004394531
586,23.44,24,2,car,0.7633110284805298,1186.6947631835938,311.64915466308594,1154.8778076171875,285.9708251953125,1218.51171875,337.3274841308594
586,23.44,26,2,car,0.5661793351173401,1058.923583984375,260.47142791748047,1036.0706787109375,240.03013610839844,1081.7764892578125,280.9127197265625
586,23.44,22,2,car,0.4031672775745392,1342.1969604492188,251.3967056274414,1319.9857177734375,232.70008850097656,1364.408203125,270.09332275390625
587,23.48,19,2,car,0.8860671520233154,1246.493896484375,569.167236328125,1176.398193359375,509.32891845703125,1316.589599609375,629.0055541992188
587,23.48,21,2,car,0.7710620164871216,1235.8441772460938,435.28271484375,1186.50439453125,385.8201599121094,1285.1839599609375,484.7452697753906
587,23.48,24,2,car,0.744937002658844,1188.125732421875,312.60491943359375,1156.0228271484375,287.207275390625,1220.2286376953125,338.0025634765625
587,23.48,26,2,car,0.44285157322883606,1061.12890625,260.68643951416016,1038.2960205078125,238.8401336669922,1083.9617919921875,282.5327453613281
587,23.48,22,2,car,0.37294670939445496,1338.2451782226562,250.03186798095703,1315.69482421875,231.8163299560547,1360.7955322265625,268.2474060058594
588,23.52,19,2,car,0.9018006324768066,1245.4576416015625,574.1168823242188,1174.726806640625,514.01806640625,1316.1884765625,634.2156982421875
588,23.52,24,2,car,0.778854489326477,1189.2514038085938,313.85740661621094,1157.650634765625,288.36358642578125,1220.8521728515625,339.3512268066406
588,23.52,21,2,car,0.7748435139656067,1235.0993041992188,439.2761993408203,1185.8734130859375,388.7267761230469,1284.3251953125,489.82562255859375
588,23.52,22,2,car,0.452711284160614,1335.0040283203125,248.89663696289062,1312.591552734375,231.30862426757812,1357.41650390625,266.4846496582031
589,23.56,19,2,car,0.8764101266860962,1244.5863647460938,578.7204284667969,1172.0511474609375,517.7573852539062,1317.12158203125,639.6834716796875
589,23.56,21,2,car,0.8029337525367737,1234.3369750976562,441.42755126953125,1184.275390625,389.55120849609375,1284.3985595703125,493.30389404296875
589,23.56,24,2,car,0.7835167050361633,1191.0961303710938,313.5535430908203,1160.5704345703125,287.1544494628906,1221.621826171875,339.95263671875
589,23.56,26,2,car,0.5726025104522705,1065.8148803710938,260.3630065917969,1043.241455078125,236.32083129882812,1088.3883056640625,284.4051818847656
589,23.56,22,2,car,0.5292602181434631,1333.373779296875,249.04302978515625,1311.231201171875,231.78863525390625,1355.516357421875,266.29742431640625
589,23.56,20,2,car,0.36253824830055237,1133.1004638671875,231.44082641601562,1112.94921875,214.55914306640625,1153.251708984375,248.322509765625
590,23.6,19,2,car,0.8625652194023132,1241.9905395507812,582.9941711425781,1168.4583740234375,519.5817260742188,1315.522705078125,646.4066162109375
590,23.6,21,2,car,0.8024956583976746,1233.55419921875,444.458251953125,1182.8807373046875,390.7373046875,1284.2276611328125,498.17919921875
590,23.6,24,2,car,0.7878363132476807,1192.9993286132812,314.6143035888672,1161.8499755859375,287.2427062988281,1224.148681640625,341.98590087890625
590,23.6,26,2,car,0.73787522315979,1066.8770751953125,262.75355529785156,1044.03857421875,240.4295654296875,1089.715576171875,285.0775451660156
590,23.6,22,2,car,0.5476487278938293,1331.6880493164062,249.19798278808594,1310.0972900390625,232.12371826171875,1353.27880859375,266.2722473144531
590,23.6,20,2,car,0.3700198233127594,1128.68701171875,230.77601623535156,1106.6422119140625,211.75936889648438,1150.7318115234375,249.79266357421875
591,23.64,19,2,car,0.8441429138183594,1240.1341552734375,588.0424194335938,1165.9244384765625,524.5391235351562,1314.3438720703125,651.5457153320312
591,23.64,21,2,car,0.8035904765129089,1233.6134033203125,447.27239990234375,1182.9217529296875,394.2268371582031,1284.3050537109375,500.3179626464844
591,23.64,24,2,car,0.7786613702774048,1195.1149291992188,315.2608337402344,1163.2042236328125,287.04437255859375,1227.025634765625,343.477294921875
591,23.64,26,2,car,0.6153988838195801,1068.5223388671875,263.12127685546875,1045.326171875,241.20144653320312,1091.718505859375,285.0411071777344
591,23.64,22,2,car,0.5462179780006409,1328.2286987304688,248.09706115722656,1306.108642578125,230.96951293945312,1350.3487548828125,265.224609375
592,23.68,19,2,car,0.8623615503311157,1237.9945678710938,592.6297912597656,1162.0960693359375,528.8051147460938,1313.89306640625,656.4544677734375
592,23.68,21,2,car,0.8459014296531677,1233.4309692382812,448.62110900878906,1182.175537109375,396.4563293457031,1284.6864013671875,500.785888671875
592,23.68,24,2,car,0.7848599553108215,1196.71875,316.3938903808594,1164.6024169921875,288.08587646484375,1228.8350830078125,344.701904296875
592,23.68,26,2,car,0.5526332259178162,1069.8222045898438,262.38033294677734,1047.02392578125,239.48936462402344,1092.6204833984375,285.27130126953125
592,23.68,22,2,car,0.5250120759010315,1323.5861206054688,246.0835418701172,1301.4268798828125,228.20306396484375,1345.745361328125,263.9640197753906
593,23.72,21,2,car,0.8749196529388428,1232.5896606445312,451.869140625,1180.8603515625,398.8691711425781,1284.3189697265625,504.8691101074219
593,23.72,19,2,car,0.8470897674560547,1235.4573364257812,597.5008544921875,1158.64697265625,532.443115234375,1312.2677001953125,662.55859375
593,23.72,24,2,car,0.7675577402114868,1197.4038696289062,316.77825927734375,1165.094482421875,288.3133239746094,1229.7132568359375,345.2431945800781
593,23.72,26,2,car,0.6090196967124939,1071.5804443359375,262.0945510864258,1049.1837158203125,239.53697204589844,1093.9771728515625,284.6521301269531
593,23.72,22,2,car,0.45987841486930847,1322.4093017578125,245.48114776611328,1300.4827880859375,227.59620666503906,1344.3358154296875,263.3660888671875
594,23.76,19,2,car,0.8747828602790833,1233.4300537109375,603.2462463378906,1157.3421630859375,536.2214965820312,1309.5179443359375,670.27099609375
594,23.76,21,2,car,0.8434066772460938,1232.5593872070312,454.61444091796875,1180.56787109375,400.38134765625,1284.5509033203125,508.8475341796875
594,23.76,24,2,car,0.7704897522926331,1199.1903076171875,317.70753479003906,1166.411865234375,289.1934814453125,1231.96875,346.2215881347656
594,23.76,26,2,car,0.5273933410644531,1073.882080078125,260.73675537109375,1054.135986328125,239.29852294921875,1093.628173828125,282.17498779296875
595,23.8,19,2,car,0.8875633478164673,1230.760986328125,607.6744079589844,1153.23193359375,539.4757690429688,1308.2900390625,675.873046875
595,23.8,21,2,car,0.8400155901908875,1231.7108764648438,458.0820007324219,1178.8187255859375,406.0624694824219,1284.60302734375,510.1015319824219
595,23.8,24,2,car,0.7861375212669373,1200.30078125,318.21998596191406,1167.6300048828125,289.589599609375,1232.9715576171875,346.8503723144531
595,23.8,26,2,car,0.5250807404518127,1076.052490234375,261.2301330566406,1055.6370849609375,240.05783081054688,1096.4678955078125,282.4024353027344
596,23.84,19,2,car,0.8945050835609436,1228.1148681640625,611.8985900878906,1150.0592041015625,542.7320556640625,1306.1705322265625,681.0651245117188
596,23.84,21,2,car,0.7928026914596558,1231.40625,461.29759216308594,1178.4393310546875,406.3400573730469,1284.3731689453125,516.255126953125
596,23.84,24,2,car,0.7818009257316589,1201.9561157226562,320.39544677734375,1167.904541015625,291.79022216796875,1236.0076904296875,349.00067138671875
596,23.84,27,2,car,0.5441474914550781,961.0768432617188,246.85484313964844,940.483154296875,232.4171142578125,981.6705322265625,261.2925720214844
596,23.84,26,2,car,0.5286293625831604,1077.6041870117188,261.8384552001953,1056.83837890625,240.7005615234375,1098.3699951171875,282.9763488769531
596,23.84,22,2,car,0.45254385471343994,1310.931396484375,242.64459228515625,1287.75439453125,224.01910400390625,1334.1083984375,261.27008056640625
597,23.88,19,2,car,0.8792564868927002,1226.5983276367188,619.7207336425781,1147.2606201171875,552.1787109375,1305.93603515625,687.2627563476562
597,23.88,21,2,car,0.7963379621505737,1230.8770751953125,464.3685607910156,1177.292724609375,408.6514892578125,1284.46142578125,520.0856323242188
597,23.88,24,2,car,0.7524223923683167,1203.4456176757812,321.34266662597656,1170.0272216796875,292.74493408203125,1236.864013671875,349.9403991699219
597,23.88,27,2,car,0.5513121485710144,962.2911987304688,246.05149841308594,942.1981201171875,232.07135009765625,982.38427734375,260.0316467285156
597,23.88,26,2,car,0.5479942560195923,1078.2420654296875,262.11450958251953,1057.526611328125,241.08079528808594,1098.95751953125,283.1482238769531
597,23.88,22,2,car,0.4070990979671478,1309.935791015625,242.7756805419922,1287.0531005859375,224.02218627929688,1332.8184814453125,261.5291748046875
598,23.92,19,2,car,0.8701976537704468,1225.6632080078125,623.26513671875,1144.7452392578125,553.2048950195312,1306.5811767578125,693.3253784179688
598,23.92,21,2,car,0.8045846223831177,1230.4395751953125,467.0259552001953,1176.9459228515625,411.3783264160156,1283.9332275390625,522.673583984375
598,23.92,24,2,car,0.780457615852356,1205.2636108398438,322.9041748046875,1172.099853515625,294.0249938964844,1238.4273681640625,351.7833557128906
598,23.92,27,2,car,0.5601886510848999,964.5303955078125,246.02640533447266,945.7750854492188,232.51560974121094,983.2857055664062,259.5372009277344
598,23.92,26,2,car,0.506020188331604,1079.882080078125,263.488037109375,1058.350341796875,241.61627197265625,1101.413818359375,285.35980224609375
598,23.92,22,2,car,0.37707093358039856,1307.6900024414062,242.4253158569336,1286.3463134765625,223.66456604003906,1329.03369140625,261.1860656738281
599,23.96,19,2,car,0.8626795411109924,1222.6079711914062,629.314697265625,1140.6556396484375,558.6647338867188,1304.560302734375,699.9646606445312
599,23.96,21,2,car,0.8098792433738708,1230.3115234375,468.9747009277344,1176.73193359375,413.43621826171875,1283.89111328125,524.51318359375
599,23.96,24,2,car,0.7792596220970154,1206.198974609375,324.56494140625,1172.3739013671875,295.54962158203125,1240.0240478515625,353.58026123046875
599,23.96,27,2,car,0.6239495873451233,965.6978759765625,245.7893295288086,946.8458862304688,231.5467987060547,984.5498657226562,260.0318603515625
599,23.96,26,2,car,0.5613909959793091,1081.5894775390625,264.0897521972656,1058.6748046875,242.59109497070312,1104.504150390625,285.5884094238281
599,23.96,22,2,car,0.42232978343963623,1305.4089965820312,242.23255920410156,1284.6768798828125,224.13638305664062,1326.14111328125,260.3287353515625
600,24.0,19,2,car,0.8487682938575745,1220.12158203125,635.2991333007812,1138.3016357421875,564.3975830078125,1301.9415283203125,706.20068359375
600,24.0,24,2,car,0.8250543475151062,1207.96875,324.40496826171875,1175.0731201171875,295.1676940917969,1240.8643798828125,353.6422424316406
600,24.0,21,2,car,0.7605313658714294,1227.2039794921875,472.66822814941406,1172.060302734375,417.8092346191406,1282.34765625,527.5272216796875
600,24.0,27,2,car,0.5997800827026367,966.0967407226562,246.01441192626953,945.8623046875,232.40245056152344,986.3311767578125,259.6263732910156
600,24.0,26,2,car,0.5816413164138794,1084.1581420898438,264.52413177490234,1060.6329345703125,243.51402282714844,1107.683349609375,285.53424072265625
600,24.0,22,2,car,0.4757225513458252,1301.8120727539062,242.55504608154297,1280.862548828125,225.4025115966797,1322.7615966796875,259.70758056640625
601,24.04,19,2,car,0.8653023838996887,1216.351318359375,641.9403991699219,1133.520263671875,568.9156494140625,1299.182373046875,714.9651489257812
601,24.04,24,2,car,0.7355049848556519,1208.8287353515625,326.76087951660156,1175.65625,296.97857666015625,1242.001220703125,356.5431823730469
601,24.04,21,2,car,0.7129400968551636,1227.4690551757812,476.39747619628906,1173.190185546875,419.6739807128906,1281.7479248046875,533.1209716796875
601,24.04,22,2,car,0.531738817691803,1298.06396484375,242.30264282226562,1274.2001953125,223.402587890625,1321.927734375,261.20269775390625
601,24.04,27,2,car,0.5108188390731812,967.2092895507812,246.16270446777344,947.8929443359375,232.76547241210938,986.525634765625,259.5599365234375
601,24.04,26,2,car,0.5063959360122681,1085.6731567382812,263.8524169921875,1062.063720703125,242.6865234375,1109.2825927734375,285.018310546875
602,24.08,19,2,car,0.8850803971290588,1213.1353149414062,648.7988586425781,1129.959228515625,576.0835571289062,1296.3114013671875,721.51416015625
602,24.08,24,2,car,0.8134015202522278,1210.0548706054688,328.1407928466797,1177.159423828125,298.84075927734375,1242.9503173828125,357.4408264160156
602,24.08,21,2,car,0.7779984474182129,1226.3060302734375,479.9696044921875,1171.396728515625,422.87164306640625,1281.21533203125,537.0675659179688
602,24.08,26,2,car,0.5728693008422852,1087.3009033203125,265.1519012451172,1064.0897216796875,244.098876953125,1110.5120849609375,286.2049255371094
602,24.08,27,2,car,0.543975293636322,968.5734252929688,247.39187622070312,948.8357543945312,234.70230102539062,988.3110961914062,260.0814514160156
602,24.08,22,2,car,0.5398029088973999,1297.0762329101562,242.27284240722656,1273.722412109375,223.2835693359375,1320.4300537109375,261.2621154785156
603,24.12,19,2,car,0.8763043284416199,1211.2443237304688,654.1649780273438,1126.75634765625,579.257080078125,1295.7322998046875,729.0728759765625
603,24.12,24,2,car,0.7992933988571167,1211.7861328125,327.5367126464844,1179.179443359375,298.4039001464844,1244.392822265625,356.6695251464844
603,24.12,21,2,car,0.7788428664207458,1224.4381713867188,484.5126190185547,1167.6617431640625,426.0634460449219,1281.214599609375,542.9617919921875
603,24.12,26,2,car,0.5515079498291016,1088.7843017578125,250.49591827392578,1065.428466796875,215.74452209472656,1112.14013671875,285.247314453125
603,24.12,27,2,car,0.5149811506271362,970.1546630859375,247.08824157714844,949.8134765625,234.38589477539062,990.495849609375,259.79058837890625
603,24.12,22,2,car,0.37262198328971863,1294.6336669921875,241.98385620117188,1273.9998779296875,223.88250732421875,1315.2674560546875,260.085205078125
604,24.16,19,2,car,0.8748341798782349,1208.00146484375,659.7469787597656,1121.8157958984375,584.1422119140625,1294.1871337890625,735.3517456054688
604,24.16,24,2,car,0.7717211842536926,1213.09033203125,329.01837158203125,1178.966796875,298.0283203125,1247.2138671875,360.0084228515625
604,24.16,21,2,car,0.7615125775337219,1223.7523803710938,487.8038635253906,1166.2010498046875,428.28826904296875,1281.3037109375,547.3194580078125
604,24.16,22,2,car,0.3568516969680786,1291.1333618164062,241.52608489990234,1271.010009765625,223.00950622558594,1311.2567138671875,260.04266357421875
605,24.2,19,2,car,0.8534725308418274,1206.418212890625,666.3922729492188,1119.041748046875,588.987548828125,1293.794677734375,743.7969970703125
605,24.2,24,2,car,0.7723867297172546,1214.8448486328125,329.66400146484375,1180.6343994140625,298.4984436035156,1249.0552978515625,360.8295593261719
605,24.2,21,2,car,0.7603716850280762,1223.053466796875,490.45947265625,1165.4019775390625,430.51849365234375,1280.7049560546875,550.4004516601562
605,24.2,27,2,car,0.42000293731689453,977.70703125,247.70648956298828,958.9835815429688,235.7544708251953,996.4304809570312,259.65850830078125
605,24.2,22,2,car,0.4076123833656311,1287.1947631835938,241.75213623046875,1265.4515380859375,222.94482421875,1308.93798828125,260.5594482421875
606,24.24,19,2,car,0.8318367600440979,1202.4500122070312,673.9855346679688,1113.00732421875,597.3372802734375,1291.8927001953125,750.6337890625
606,24.24,24,2,car,0.7900333404541016,1215.7511596679688,330.9189147949219,1181.225830078125,299.8964538574219,1250.2764892578125,361.9413757324219
606,24.24,21,2,car,0.7669205665588379,1221.904052734375,493.8684387207031,1162.847900390625,433.86285400390625,1280.960205078125,553.8740234375
606,24.24,27,2,car,0.408101350069046,979.1386413574219,247.89784240722656,960.453369140625,236.01773071289062,997.8239135742188,259.7779541015625
606,24.24,22,2,car,0.3813035488128662,1284.462646484375,241.55160522460938,1262.9276123046875,222.4248046875,1305.9976806640625,260.67840576171875
607,24.28,19,2,car,0.8786345720291138,1195.55810546875,679.4591674804688,1106.0787353515625,600.7635498046875,1285.0374755859375,758.15478515625
607,24.28,24,2,car,0.7986201047897339,1216.9541015625,331.01019287109375,1182.45263671875,299.6278381347656,1251.45556640625,362.3925476074219
607,24.28,21,2,car,0.726199746131897,1221.2568969726562,497.42539978027344,1162.0048828125,436.9373474121094,1280.5089111328125,557.9134521484375
607,24.28,27,2,car,0.3691008985042572,979.6402587890625,248.6846923828125,960.4246215820312,235.87518310546875,998.8558959960938,261.49420166015625
607,24.28,22,2,car,0.36168837547302246,1282.29443359375,241.18976593017578,1261.6824951171875,222.52793884277344,1302.9063720703125,259.8515930175781
608,24.32,19,2,car,0.8642587065696716,1194.8015747070312,687.6754455566406,1103.2139892578125,608.0698852539062,1286.38916015625,767.281005859375
608,24.32,24,2,car,0.807449996471405,1218.3001708984375,333.0321350097656,1182.496337890625,302.3873291015625,1254.10400390625,363.67694091796875
608,24.32,21,2,car,0.7773568630218506,1220.6272583007812,500.48895263671875,1160.651123046875,439.97296142578125,1280.6033935546875,561.0049438476562
608,24.32,22,2,car,0.38367587327957153,1278.7797241210938,240.70632934570312,1258.962158203125,222.54922485351562,1298.5972900390625,258.8634338378906
609,24.36,19,2,car,0.8417070508003235,1191.8550415039062,694.2605590820312,1098.17919921875,613.7855224609375,1285.5308837890625,774.735595703125
609,24.36,24,2,car,0.8013014793395996,1219.7660522460938,333.5892791748047,1183.6343994140625,302.9803161621094,1255.897705078125,364.1982421875
609,24.36,21,2,car,0.7524334192276001,1220.2032470703125,504.7752227783203,1160.5797119140625,442.5456848144531,1279.8267822265625,567.0047607421875
609,24.36,22,2,car,0.4518859386444092,1275.4677734375,240.88125610351562,1255.142333984375,221.77978515625,1295.793212890625,259.98272705078125
610,24.4,19,2,car,0.8669403195381165,1186.8767700195312,703.330322265625,1092.9951171875,622.410888671875,1280.7584228515625,784.249755859375
610,24.4,24,2,car,0.821405827999115,1221.869140625,335.2797088623047,1185.509033203125,303.9227600097656,1258.229248046875,366.63665771484375
610,24.4,21,2,car,0.7619253993034363,1216.057373046875,508.8409423828125,1153.382568359375,446.77880859375,1278.732177734375,570.903076171875
610,24.4,26,2,car,0.6017381548881531,1100.9166259765625,269.0554656982422,1077.4000244140625,246.11825561523438,1124.4332275390625,291.99267578125
610,24.4,22,2,car,0.43403878808021545,1272.76904296875,239.98114013671875,1250.21044921875,221.19241333007812,1295.32763671875,258.7698669433594
611,24.44,19,2,car,0.8844364285469055,1181.6611938476562,709.4213256835938,1088.0106201171875,627.1406860351562,1275.311767578125,791.7019653320312
611,24.44,24,2,car,0.8098403215408325,1223.1595458984375,336.6598815917969,1187.85498046875,306.06805419921875,1258.464111328125,367.251708984375
611,24.44,21,2,car,0.7357504963874817,1212.8223266601562,511.1231994628906,1148.6048583984375,449.902587890625,1277.039794921875,572.3438110351562
611,24.44,26,2,car,0.6983810067176819,1102.3602294921875,268.6397171020508,1078.27685546875,245.21275329589844,1126.443603515625,292.0666809082031
611,24.44,22,2,car,0.3797841966152191,1270.6527099609375,239.81863403320312,1249.027587890625,221.53738403320312,1292.27783203125,258.0998840332031
612,24.48,19,2,car,0.9000717997550964,1179.1404418945312,718.0791625976562,1083.7679443359375,633.9624633789062,1274.512939453125,802.1958618164062
612,24.48,24,2,car,0.811554491519928,1224.4323120117188,338.5291748046875,1189.6937255859375,308.0147399902344,1259.1708984375,369.0436096191406
612,24.48,21,2,car,0.7378193736076355,1215.7963256835938,517.8904571533203,1154.09326171875,454.6601257324219,1277.4993896484375,581.1207885742188
612,24.48,26,2,car,0.7069483399391174,1104.2933349609375,268.6276626586914,1080.3515625,244.75987243652344,1128.235107421875,292.4954528808594
612,24.48,27,2,car,0.44179415702819824,987.482666015625,250.4776153564453,965.13720703125,235.17892456054688,1009.828125,265.77630615234375
612,24.48,22,2,car,0.4181616008281708,1269.8414916992188,239.8478775024414,1248.7889404296875,221.7102813720703,1290.89404296875,257.9854736328125
613,24.52,19,2,car,0.8889937996864319,1175.5118408203125,723.7998962402344,1077.4112548828125,638.3014526367188,1273.6124267578125,809.29833984375
613,24.52,24,2,car,0.81203293800354,1225.2701416015625,338.8167419433594,1190.2237548828125,308.25799560546875,1260.3165283203125,369.37548828125
613,24.52,21,2,car,0.7260676622390747,1213.5949096679688,521.1689605712891,1151.2601318359375,457.0326232910156,1275.9296875,585.3052978515625
613,24.52,26,2,car,0.7127446532249451,1105.4570922851562,268.47154998779297,1081.4378662109375,243.94505310058594,1129.476318359375,292.998046875
613,24.52,27,2,car,0.3946312963962555,990.0437622070312,250.5220489501953,967.8839721679688,235.09393310546875,1012.2035522460938,265.9501647949219
613,24.52,22,2,car,0.36223095655441284,1267.4009399414062,239.44033813476562,1244.797119140625,221.3104248046875,1290.0047607421875,257.57025146484375
614,24.56,19,2,car,0.8729496598243713,1171.4286499023438,733.3482666015625,1072.0819091796875,646.8713989257812,1270.775390625,819.8251342773438
614,24.56,21,2,car,0.8530473113059998,1210.9894409179688,524.6212768554688,1148.285888671875,459.6939697265625,1273.6929931640625,589.548583984375
614,24.56,24,2,car,0.8333331346511841,1226.434326171875,339.80345153808594,1191.3331298828125,308.3639221191406,1261.5355224609375,371.24298095703125
614,24.56,26,2,car,0.6202442049980164,1106.6904296875,268.2201614379883,1081.8670654296875,243.7496795654297,1131.5137939453125,292.6906433105469
614,24.56,27,2,car,0.4620177149772644,990.129638671875,250.2802276611328,968.5962524414062,235.09451293945312,1011.6630249023438,265.4659423828125
614,24.56,22,2,car,0.35040032863616943,1263.0881958007812,238.83942413330078,1238.674560546875,220.98252868652344,1287.5018310546875,256.6963195800781
615,24.6,19,2,car,0.8640305399894714,1165.7928466796875,741.8764038085938,1065.070556640625,653.629638671875,1266.51513671875,830.1231689453125
615,24.6,24,2,car,0.8130720257759094,1227.2969970703125,340.48399353027344,1191.0245361328125,307.7139892578125,1263.5694580078125,373.2539978027344
615,24.6,21,2,car,0.6820568442344666,1208.1290893554688,529.0652008056641,1143.572509765625,462.4073181152344,1272.6856689453125,595.7230834960938
615,24.6,26,2,car,0.6354190707206726,1107.78857421875,269.34610748291016,1082.3590087890625,244.9983673095703,1133.2181396484375,293.69384765625
615,24.6,27,2,car,0.4705250859260559,992.4100036621094,250.3011245727539,969.5182495117188,235.08448791503906,1015.3017578125,265.51776123046875
615,24.6,22,2,car,0.3501008450984955,1261.3643188476562,239.7777099609375,1235.858642578125,221.0086669921875,1286.8699951171875,258.5467529296875
616,24.64,19,2,car,0.8841628432273865,1160.2317504882812,750.1820068359375,1059.499755859375,660.3916625976562,1260.9637451171875,839.9723510742188
616,24.64,24,2,car,0.8085724711418152,1228.7012329101562,343.2754821777344,1191.8583984375,311.5836181640625,1265.5440673828125,374.96734619140625
616,24.64,26,2,car,0.7491112947463989,1109.7794799804688,270.7092971801758,1084.6173095703125,247.65101623535156,1134.941650390625,293.767578125
616,24.64,21,2,car,0.6796695590019226,1206.3079223632812,531.8711090087891,1140.588623046875,466.0646667480469,1272.0272216796875,597.6775512695312
616,24.64,27,2,car,0.5532577037811279,994.0357055664062,249.95082092285156,971.06787109375,234.08221435546875,1017.0035400390625,265.8194274902344
616,24.64,22,2,car,0.3507286012172699,1260.258056640625,239.0834732055664,1235.8121337890625,220.79737854003906,1284.7039794921875,257.36956787109375
617,24.68,19,2,car,0.877009391784668,1157.4150390625,759.2919616699219,1055.274658203125,669.6476440429688,1259.555419921875,848.936279296875
617,24.68,24,2,car,0.8063645362854004,1229.2677612304688,345.4221496582031,1192.1224365234375,314.20367431640625,1266.4130859375,376.640625
617,24.68,26,2,car,0.6771531105041504,1111.5992431640625,271.1226577758789,1085.701904296875,246.80442810058594,1137.49658203125,295.4408874511719
617,24.68,21,2,car,0.6760626435279846,1206.9739990234375,537.53759765625,1141.001220703125,470.4232177734375,1272.94677734375,604.6519775390625
617,24.68,27,2,car,0.611231803894043,994.9700927734375,250.45156860351562,971.49267578125,233.61318969726562,1018.447509765625,267.2899475097656
618,24.72,19,2,car,0.8738987445831299,1151.9706420898438,768.3839721679688,1045.6707763671875,676.4258422851562,1258.2705078125,860.3421020507812
618,24.72,24,2,car,0.80714350938797,1229.8966064453125,346.9427947998047,1192.9986572265625,314.7491455078125,1266.7945556640625,379.1364440917969
618,24.72,21,2,car,0.7127203941345215,1203.7157592773438,541.5399017333984,1137.5299072265625,473.2923278808594,1269.901611328125,609.7874755859375
618,24.72,26,2,car,0.6692403554916382,1113.68603515625,271.6163101196289,1087.602783203125,247.07313537597656,1139.769287109375,296.15948486328125
618,24.72,22,2,car,0.44119811058044434,1252.6041259765625,237.90978240966797,1230.004638671875,221.04052734375,1275.20361328125,254.77903747558594
618,24.72,27,2,car,0.358436644077301,996.0162658691406,251.48126220703125,972.4816284179688,234.65908813476562,1019.5509033203125,268.3034362792969
619,24.76,19,2,car,0.8647723197937012,1145.149658203125,776.9000854492188,1038.3134765625,681.9967041015625,1251.98583984375,871.803466796875
619,24.76,21,2,car,0.7997347116470337,1203.6618041992188,546.6838073730469,1136.7041015625,477.28143310546875,1270.6195068359375,616.086181640625
619,24.76,24,2,car,0.7965514659881592,1231.2691040039062,347.99501037597656,1194.3980712890625,315.6903076171875,1268.14013671875,380.2997131347656
619,24.76,26,2,car,0.6658884286880493,1115.3472900390625,271.55348205566406,1090.1661376953125,248.04901123046875,1140.5284423828125,295.0579528808594
619,24.76,27,2,car,0.4176180064678192,998.5440673828125,252.45001983642578,973.9385375976562,235.6072540283203,1023.1495971679688,269.29278564453125
619,24.76,22,2,car,0.35836565494537354,1250.1077270507812,237.34586334228516,1228.367431640625,219.87203979492188,1271.8480224609375,254.81968688964844
620,24.8,19,2,car,0.8719997406005859,1140.4254760742188,787.5884399414062,1031.6014404296875,693.1256103515625,1249.24951171875,882.05126953125
620,24.8,24,2,car,0.8167979717254639,1231.6890869140625,348.9134063720703,1193.986328125,316.64422607421875,1269.391845703125,381.1825866699219
620,24.8,21,2,car,0.789385974407196,1202.7532958984375,553.4300079345703,1135.734130859375,484.7595520019531,1269.7724609375,622.1004638671875
620,24.8,26,2,car,0.7635145783424377,1116.6862182617188,275.27091217041016,1090.8209228515625,252.9994354248047,1142.551513671875,297.5423889160156
620,24.8,27,2,car,0.39241448044776917,1003.0356140136719,253.2783966064453,978.9918823242188,237.25469970703125,1027.079345703125,269.3020935058594
620,24.8,22,2,car,0.352254718542099,1247.3585815429688,236.93781280517578,1227.6558837890625,220.02040100097656,1267.061279296875,253.855224609375
621,24.84,19,2,car,0.8775123357772827,1137.103271484375,797.4896850585938,1025.335693359375,700.7345581054688,1248.870849609375,894.2448120117188
621,24.84,21,2,car,0.7750508189201355,1197.593994140625,555.5682983398438,1127.1474609375,486.2940673828125,1268.04052734375,624.842529296875
621,24.84,24,2,car,0.7689926028251648,1233.522216796875,349.6907501220703,1195.692626953125,316.1044006347656,1271.351806640625,383.277099609375
621,24.84,26,2,car,0.7573211193084717,1118.5678100585938,276.3443145751953,1093.2247314453125,254.47756958007812,1143.910888671875,298.2110595703125
621,24.84,27,2,car,0.3936668038368225,1003.9673156738281,253.0624008178711,980.5258178710938,237.2021026611328,1027.4088134765625,268.9226989746094
622,24.88,19,2,car,0.8829023241996765,1128.6204528808594,807.3008117675781,1014.5154418945312,709.7822265625,1242.7254638671875,904.8193969726562
622,24.88,24,2,car,0.7670020461082458,1234.8800048828125,351.1475830078125,1197.5269775390625,318.0526428222656,1272.2330322265625,384.2425231933594
622,24.88,21,2,car,0.753865659236908,1194.885498046875,561.4380187988281,1122.92431640625,490.53680419921875,1266.8466796875,632.3392333984375
622,24.88,26,2,car,0.7263100743293762,1119.2301025390625,277.1669235229492,1093.936279296875,255.7035369873047,1144.52392578125,298.63031005859375
622,24.88,27,2,car,0.5840418934822083,1004.8988952636719,254.12326049804688,982.3873901367188,237.558349609375,1027.410400390625,270.68817138671875
623,24.92,19,2,car,0.8778071999549866,1121.9428405761719,818.8020324707031,1006.1925659179688,719.2017211914062,1237.693115234375,918.40234375
623,24.92,24,2,car,0.7623110413551331,1236.6424560546875,352.3362121582031,1199.613037109375,319.0783996582031,1273.671875,385.5940246582031
623,24.92,21,2,car,0.7577716112136841,1195.3677978515625,565.5612487792969,1124.9556884765625,493.77154541015625,1265.7799072265625,637.3509521484375
623,24.92,26,2,car,0.7142815589904785,1120.9342651367188,277.12757110595703,1095.5458984375,255.7047882080078,1146.3226318359375,298.55035400390625
623,24.92,27,2,car,0.5888997316360474,1006.2055358886719,254.55655670166016,984.0576782226562,238.9082489013672,1028.3533935546875,270.2048645019531
624,24.96,19,2,car,0.8765519261360168,1117.727294921875,827.3678894042969,1000.6962890625,725.7391357421875,1234.75830078125,928.9966430664062
624,24.96,24,2,car,0.7682210206985474,1236.7235107421875,353.32347106933594,1198.8409423828125,319.7698974609375,1274.6060791015625,386.8770446777344
624,24.96,21,2,car,0.7501590251922607,1191.8721313476562,571.1240692138672,1120.6666259765625,497.9295959472656,1263.07763671875,644.3185424804688
624,24.96,26,2,car,0.6830180287361145,1122.8901977539062,277.91375732421875,1099.27392578125,256.89471435546875,1146.5064697265625,298.93280029296875
624,24.96,27,2,car,0.5804679989814758,1006.814208984375,255.90782928466797,985.63916015625,240.5782928466797,1027.9892578125,271.23736572265625
625,25.0,19,2,car,0.894675612449646,1108.2106628417969,837.5170593261719,989.5958862304688,733.9266967773438,1226.825439453125,941.107421875
625,25.0,24,2,car,0.7599453330039978,1239.4044799804688,354.3196563720703,1200.6024169921875,321.1172790527344,1278.20654296875,387.52203369140625
625,25.0,26,2,car,0.693196713924408,1124.2927856445312,277.44783782958984,1100.6624755859375,255.34693908691406,1147.923095703125,299.5487365722656
625,25.0,21,2,car,0.6687698364257812,1189.828125,576.2300720214844,1118.1800537109375,502.4410400390625,1261.4761962890625,650.0191040039062
625,25.0,27,2,car,0.6232867240905762,1008.2230224609375,256.3271484375,987.30615234375,241.41659545898438,1029.139892578125,271.2377014160156
626,25.04,19,2,car,0.9013577699661255,1102.027587890625,848.9945983886719,983.10791015625,742.4932250976562,1220.947265625,955.4959716796875
626,25.04,24,2,car,0.7510152459144592,1239.8482666015625,356.6012420654297,1201.57958984375,323.0990295410156,1278.116943359375,390.10345458984375
626,25.04,21,2,car,0.7132581472396851,1186.5599975585938,580.6203765869141,1114.9544677734375,505.9662780761719,1258.16552734375,655.2744750976562
626,25.04,26,2,car,0.6063089370727539,1126.4840087890625,278.9417266845703,1101.7261962890625,256.4512939453125,1151.2418212890625,301.4321594238281
626,25.04,27,2,car,0.588974118232727,1010.5997314453125,256.46887969970703,988.910888671875,241.3080291748047,1032.28857421875,271.6297302246094
626,25.04,22,2,car,0.3780269920825958,1230.0206298828125,235.23975372314453,1211.2684326171875,220.31329345703125,1248.7728271484375,250.1662139892578
627,25.08,19,2,car,0.8818776607513428,1095.4498596191406,861.5220336914062,973.1050415039062,752.2166748046875,1217.794677734375,970.827392578125
627,25.08,21,2,car,0.7749934196472168,1185.2871704101562,585.0917663574219,1113.4061279296875,507.886962890625,1257.168212890625,662.2965698242188
627,25.08,24,2,car,0.7654321789741516,1240.4425659179688,358.304931640625,1202.223388671875,326.0270080566406,1278.6617431640625,390.5828552246094
627,25.08,26,2,car,0.6089585423469543,1129.0488891601562,279.18748474121094,1103.5496826171875,257.5279541015625,1154.548095703125,300.8470153808594
627,25.08,22,2,car,0.47783786058425903,1227.497802734375,234.7723846435547,1207.970703125,220.01673889160156,1247.02490234375,249.5280303955078
627,25.08,27,2,car,0.4458763897418976,1012.5305480957031,256.5617904663086,991.1423950195312,242.2144317626953,1033.918701171875,270.9091491699219
628,25.12,19,2,car,0.8892563581466675,1088.9412536621094,874.0940551757812,963.9324340820312,762.3898315429688,1213.9500732421875,985.7982788085938
628,25.12,21,2,car,0.8017066121101379,1181.747802734375,591.6521606445312,1107.96728515625,512.3712768554688,1255.5283203125,670.9330444335938
628,25.12,24,2,car,0.7723323702812195,1242.185791015625,359.35540771484375,1203.5750732421875,326.273193359375,1280.7965087890625,392.4376220703125
628,25.12,26,2,car,0.5387842059135437,1130.1958618164062,279.0043640136719,1105.1688232421875,257.2598876953125,1155.222900390625,300.74884033203125
628,25.12,27,2,car,0.5348590612411499,1014.4180603027344,256.85479736328125,994.4030151367188,242.41531372070312,1034.43310546875,271.2942810058594
628,25.12,22,2,car,0.36173951625823975,1225.4637451171875,233.98837280273438,1206.736083984375,218.64285278320312,1244.19140625,249.33389282226562
629,25.16,19,2,car,0.8885859847068787,1081.5418395996094,886.3961791992188,956.6244506835938,773.8694458007812,1206.459228515625,998.9229125976562
629,25.16,21,2,car,0.7840536236763,1179.2926635742188,597.3023681640625,1104.5003662109375,518.6474609375,1254.0849609375,675.957275390625
629,25.16,24,2,car,0.7831507325172424,1242.6631469726562,360.81605529785156,1203.320556640625,328.1641845703125,1282.0057373046875,393.4679260253906
629,25.16,27,2,car,0.5319599509239197,1014.7033081054688,257.60504150390625,994.0118408203125,242.60073852539062,1035.394775390625,272.6093444824219
629,25.16,26,2,car,0.4836520254611969,1131.4260864257812,279.31016540527344,1106.6103515625,257.3262939453125,1156.2418212890625,301.2940368652344
630,25.2,19,2,car,0.8837843537330627,1071.2914123535156,900.4465942382812,942.0606079101562,785.1066284179688,1200.522216796875,1015.7865600585938
630,25.2,21,2,car,0.7935931086540222,1177.7063598632812,603.9198608398438,1103.640380859375,525.2902221679688,1251.7723388671875,682.5494995117188
630,25.2,24,2,car,0.7641372084617615,1244.2244873046875,362.14707946777344,1205.4317626953125,329.3122863769531,1283.0172119140625,394.98187255859375
630,25.2,26,2,car,0.5161934494972229,1131.4154663085938,281.01487731933594,1105.7860107421875,256.58966064453125,1157.044921875,305.4400939941406
630,25.2,27,2,car,0.45773160457611084,1016.4837341308594,257.222900390625,995.2227172851562,242.01443481445312,1037.7447509765625,272.4313659667969
631,25.24,19,2,car,0.891193151473999,1065.4530639648438,913.9322814941406,934.866455078125,796.7774047851562,1196.0396728515625,1031.087158203125
631,25.24,24,2,car,0.7913988828659058,1243.7471313476562,364.5762939453125,1204.3895263671875,330.9082336425781,1283.104736328125,398.2443542480469
631,25.24,21,2,car,0.7236037254333496,1171.637939453125,609.6026000976562,1093.6373291015625,530.3366088867188,1249.6385498046875,688.8685913085938
631,25.24,26,2,car,0.6084067821502686,1133.2206420898438,281.9315643310547,1107.2938232421875,257.3675537109375,1159.1474609375,306.4955749511719
631,25.24,27,2,car,0.4651516377925873,1018.7802734375,258.0461120605469,996.6898193359375,243.27902221679688,1040.8707275390625,272.8132019042969
632,25.28,19,2,car,0.909167468547821,1057.0052185058594,927.4674377441406,922.9824829101562,810.1741333007812,1191.0279541015625,1044.7607421875
632,25.28,21,2,car,0.7936676144599915,1169.0986938476562,616.3291625976562,1090.559814453125,535.339599609375,1247.6375732421875,697.3187255859375
632,25.28,24,2,car,0.7632315158843994,1245.0708618164062,366.1432342529297,1205.7154541015625,331.6209411621094,1284.42626953125,400.66552734375
632,25.28,26,2,car,0.6478384733200073,1133.72900390625,283.27142333984375,1107.4764404296875,258.7851867675781,1159.9815673828125,307.7576599121094
632,25.28,27,2,car,0.491452693939209,1019.2236022949219,257.8732376098633,997.3038940429688,242.90415954589844,1041.143310546875,272.8423156738281
633,25.32,19,2,car,0.8905019760131836,1046.7566528320312,941.9364318847656,911.4312744140625,822.4729614257812,1182.08203125,1061.39990234375
633,25.32,21,2,car,0.8185399770736694,1166.8939208984375,621.1523742675781,1087.4364013671875,538.8087768554688,1246.3514404296875,703.4959716796875
633,25.32,24,2,car,0.7823278307914734,1246.7349853515625,367.9885711669922,1206.122314453125,332.197265625,1287.34765625,403.7798767089844
633,25.32,27,2,car,0.6616709232330322,1021.3364562988281,257.77423095703125,998.0292358398438,243.48870849609375,1044.6436767578125,272.05975341796875
633,25.32,26,2,car,0.6497550010681152,1134.787109375,283.25450134277344,1109.0985107421875,259.38848876953125,1160.4757080078125,307.1205139160156
634,25.36,19,2,car,0.8697420358657837,1035.5372314453125,952.9801635742188,894.3870849609375,834.1383056640625,1176.6873779296875,1071.822021484375
634,25.36,21,2,car,0.8083821535110474,1161.0325927734375,627.8378295898438,1078.6424560546875,543.3956298828125,1243.4227294921875,712.280029296875
634,25.36,24,2,car,0.7533807754516602,1248.572509765625,369.45697021484375,1207.83447265625,334.129150390625,1289.310546875,404.7847900390625
634,25.36,26,2,car,0.687143862247467,1136.4000854492188,284.3630676269531,1111.08740234375,260.6026611328125,1161.7127685546875,308.12347412109375
634,25.36,27,2,car,0.6796965599060059,1022.9078674316406,257.78074645996094,999.7838745117188,243.62454223632812,1046.0318603515625,271.93695068359375
635,25.4,19,2,car,0.8951839804649353,1028.9461669921875,963.4163818359375,888.7386474609375,847.62890625,1169.1536865234375,1079.203857421875
635,25.4,24,2,car,0.7662655115127563,1249.2472534179688,371.1729431152344,1207.63427734375,335.4902648925781,1290.8602294921875,406.8556213378906
635,25.4,21,2,car,0.7405308485031128,1158.4611206054688,636.0119934082031,1076.7781982421875,550.4434204101562,1240.14404296875,721.58056640625
635,25.4,27,2,car,0.6169260740280151,1025.1659240722656,257.3810577392578,1003.6276245117188,243.42214965820312,1046.7042236328125,271.3399658203125
635,25.4,26,2,car,0.5136333703994751,1138.7185668945312,285.3571472167969,1113.386474609375,260.75079345703125,1164.0506591796875,309.9635009765625
636,25.44,19,2,car,0.8565772175788879,1016.2928466796875,970.1324157714844,870.888427734375,860.2648315429688,1161.697265625,1080.0
636,25.44,24,2,car,0.7827426195144653,1249.5368041992188,372.2589874267578,1208.551025390625,336.2388916015625,1290.5225830078125,408.2790832519531
636,25.44,21,2,car,0.7282416820526123,1153.748779296875,641.70654296875,1070.556640625,553.3341674804688,1236.94091796875,730.0789184570312
636,25.44,27,2,car,0.647207498550415,1026.4461364746094,258.2256774902344,1005.2265014648438,244.25473022460938,1047.665771484375,272.1966247558594
636,25.44,26,2,car,0.5725783705711365,1140.1598510742188,286.21563720703125,1114.957763671875,261.4765319824219,1165.3619384765625,310.9547424316406
637,25.48,19,2,car,0.8414102792739868,1005.6837463378906,977.526123046875,855.9199829101562,875.05224609375,1155.447509765625,1080.0
637,25.48,24,2,car,0.7361463308334351,1251.85791015625,373.5733184814453,1209.7479248046875,337.458740234375,1293.9678955078125,409.6878967285156
637,25.48,26,2,car,0.6665401458740234,1140.6011962890625,287.16094970703125,1116.18994140625,264.0543212890625,1165.012451171875,310.267578125
637,25.48,21,2,car,0.59076327085495,1149.3175659179688,645.7232971191406,1063.621337890625,554.4050903320312,1235.0137939453125,737.04150390625
637,25.48,27,2,car,0.5556713342666626,1028.5001220703125,258.3841018676758,1008.5947265625,244.59800720214844,1048.405517578125,272.1701965332031
638,25.52,19,2,car,0.8476561903953552,992.8555908203125,981.8434448242188,836.0125732421875,888.422119140625,1149.6986083984375,1075.2647705078125
638,25.52,21,2,car,0.7807360887527466,1145.97998046875,655.6034851074219,1061.345703125,564.6846923828125,1230.6142578125,746.5222778320312
638,25.52,24,2,car,0.7080021500587463,1253.0011596679688,374.9012145996094,1211.4041748046875,339.1418151855469,1294.59814453125,410.6606140136719
638,25.52,26,2,car,0.5874457955360413,1141.8618774414062,289.5422668457031,1116.2159423828125,266.200927734375,1167.5078125,312.88360595703125
638,25.52,27,2,car,0.534717321395874,1030.6485900878906,259.38661193847656,1009.7733764648438,246.20974731445312,1051.5238037109375,272.5634765625
639,25.56,19,2,car,0.8361403942108154,984.2922058105469,992.8064270019531,830.5413208007812,905.7015991210938,1138.0430908203125,1079.9112548828125
639,25.56,24,2,car,0.7684797644615173,1253.6103515625,377.5019073486328,1210.59814453125,339.6834411621094,1296.62255859375,415.32037353515625
639,25.56,21,2,car,0.7417645454406738,1141.8550415039062,663.5812072753906,1056.205810546875,573.6965942382812,1227.5042724609375,753.4658203125
639,25.56,26,2,car,0.506110429763794,1143.1114501953125,290.3459930419922,1117.2484130859375,266.8721923828125,1168.9744873046875,313.8197937011719
639,25.56,27,2,car,0.4980076253414154,1032.1779479980469,259.31785583496094,1010.2615356445312,245.72671508789062,1054.0943603515625,272.90899658203125
640,25.6,21,2,car,0.8532257676124573,1136.8443603515625,670.8661499023438,1048.9134521484375,579.0404663085938,1224.7752685546875,762.6918334960938
640,25.6,19,2,car,0.8261671662330627,970.1731262207031,1000.7448120117188,812.0200805664062,921.4896240234375,1128.326171875,1080.0
640,25.6,24,2,car,0.7495463490486145,1254.8833618164062,378.7947692871094,1211.2979736328125,340.1861572265625,1298.46875,417.40338134765625
640,25.6,26,2,car,0.46458062529563904,1145.2109375,290.1331481933594,1119.30517578125,266.3572082519531,1171.11669921875,313.9090881347656
641,25.64,24,2,car,0.7986772656440735,1255.2750854492188,380.6484680175781,1212.25927734375,342.78875732421875,1298.2908935546875,418.5081787109375
641,25.64,19,2,car,0.7885482907295227,949.0386352539062,1007.0235595703125,776.3602294921875,936.7286376953125,1121.717041015625,1077.3184814453125
641,25.64,21,2,car,0.7494649291038513,1133.003662109375,678.3893737792969,1045.230224609375,584.0941772460938,1220.777099609375,772.6845703125
641,25.64,26,2,car,0.6006444692611694,1145.3388671875,291.3975067138672,1118.496826171875,266.901611328125,1172.180908203125,315.8934020996094
641,25.64,27,2,car,0.5065130591392517,1033.6290283203125,260.08997344970703,1010.921875,246.28172302246094,1056.336181640625,273.8982238769531
642,25.68,24,2,car,0.7444124817848206,1256.0792846679688,382.69775390625,1212.462646484375,345.5595703125,1299.6959228515625,419.8359375
642,25.68,19,2,car,0.7418226599693298,933.7974853515625,1013.1941528320312,755.433837890625,952.2542724609375,1112.1611328125,1074.134033203125
642,25.68,21,2,car,0.6799914836883545,1128.7056274414062,685.7663269042969,1039.477783203125,590.3882446289062,1217.9334716796875,781.1444091796875
642,25.68,27,2,car,0.5556105971336365,1034.6980590820312,260.49151611328125,1012.01806640625,246.299560546875,1057.3780517578125,274.6834716796875
642,25.68,26,2,car,0.36961281299591064,1147.0872192382812,291.4298400878906,1121.24609375,266.7071228027344,1172.9283447265625,316.1525573730469
643,25.72,21,2,car,0.7469285130500793,1122.5107421875,695.7894592285156,1031.4801025390625,599.1697998046875,1213.5413818359375,792.4091186523438
643,25.72,19,2,car,0.6991550922393799,920.2216796875,1023.3112182617188,748.0283203125,969.3104248046875,1092.4150390625,1077.31201171875
643,25.72,24,2,car,0.6494231820106506,1256.9889526367188,384.8528137207031,1213.003173828125,346.8990783691406,1300.9747314453125,422.8065490722656
643,25.72,27,2,car,0.6425929069519043,1036.4696044921875,261.9578170776367,1014.879638671875,245.8491668701172,1058.0595703125,278.06646728515625
643,25.72,26,2,car,0.4159547984600067,1148.6937255859375,291.860595703125,1122.2786865234375,267.42095947265625,1175.1087646484375,316.30023193359375
644,25.76,21,2,car,0.7393763661384583,1118.0108642578125,703.3266906738281,1025.7674560546875,606.75146484375,1210.2542724609375,799.9019165039062
644,25.76,19,2,car,0.6915740966796875,912.2370910644531,1032.92431640625,751.2377319335938,988.142578125,1073.2364501953125,1077.7060546875
644,25.76,27,2,car,0.6254229545593262,1037.6288146972656,263.1279602050781,1014.6941528320312,246.01409912109375,1060.5634765625,280.2418212890625
644,25.76,24,2,car,0.6117678880691528,1255.80859375,386.14466857910156,1212.3804931640625,348.7005615234375,1299.2366943359375,423.5887756347656
644,25.76,26,2,car,0.4756171405315399,1151.6935424804688,292.27394104003906,1125.6937255859375,268.4273376464844,1177.693359375,316.12054443359375
645,25.8,21,2,car,0.7700592279434204,1111.1782531738281,711.4842834472656,1016.7876586914062,612.9696044921875,1205.56884765625,809.9989624023438
645,25.8,24,2,car,0.6861497163772583,1257.2999267578125,388.81439208984375,1214.2562255859375,349.9247131347656,1300.3436279296875,427.7040710449219
645,25.8,19,2,car,0.6337329745292664,919.7980346679688,1042.8147888183594,778.6661376953125,1006.9497680664062,1060.929931640625,1078.6798095703125
645,25.8,27,2,car,0.5991566777229309,1039.9762573242188,263.07371520996094,1016.9666748046875,246.3468017578125,1062.98583984375,279.8006286621094
645,25.8,26,2,car,0.49957990646362305,1152.477783203125,292.2043151855469,1125.4520263671875,268.07330322265625,1179.5035400390625,316.3353271484375
646,25.84,21,2,car,0.8264771103858948,1105.4946594238281,720.0637817382812,1009.4074096679688,617.8649291992188,1201.5819091796875,822.2626342773438
646,25.84,24,2,car,0.7436518669128418,1258.6168212890625,390.5961456298828,1213.811279296875,351.01318359375,1303.42236328125,430.1791076660156
646,25.84,26,2,car,0.5838400721549988,1154.3519287109375,293.28614807128906,1126.5938720703125,268.59405517578125,1182.1099853515625,317.9782409667969
646,25.84,27,2,car,0.5546221733093262,1040.7382202148438,262.89591217041016,1017.404541015625,246.1945037841797,1064.0718994140625,279.5973205566406
