frame,time_seconds,track_id,class_id,class_name,confidence,center_x,center_y,x1,y1,x2,y2
0,0.0,1,2,car,0.6846653819084167,1259.9317016601562,462.4486846923828,1129.8658447265625,393.4117126464844,1389.99755859375,531.4856567382812
1,0.04,1,2,car,0.77264803647995,1262.6072387695312,461.87107849121094,1133.2811279296875,393.0742492675781,1391.933349609375,530.6679077148438
2,0.08,1,2,car,0.7551197409629822,1263.1298217773438,462.70068359375,1134.1142578125,393.65185546875,1392.1453857421875,531.74951171875
2,0.08,2,2,car,0.42012494802474976,1438.2341918945312,458.4246826171875,1380.3388671875,395.269775390625,1496.1295166015625,521.57958984375
3,0.12,1,2,car,0.7615562081336975,1262.5784912109375,462.5661926269531,1131.098876953125,392.07733154296875,1394.05810546875,533.0550537109375
3,0.12,2,2,car,0.46896082162857056,1439.1104125976562,459.05299377441406,1380.9405517578125,395.5419616699219,1497.2802734375,522.5640258789062
3,0.12,3,2,car,0.3960855305194855,667.1433715820312,455.93955993652344,568.2764892578125,395.7922668457031,766.01025390625,516.0868530273438
4,0.16,1,2,car,0.7725211381912231,1267.963623046875,462.711669921875,1140.7034912109375,391.92913818359375,1395.2237548828125,533.4942016601562
4,0.16,2,2,car,0.39536067843437195,1436.510009765625,459.8921813964844,1382.55615234375,397.64227294921875,1490.4638671875,522.14208984375
5,0.2,1,2,car,0.7022923231124878,1261.8637084960938,462.6495361328125,1127.36279296875,391.5631103515625,1396.3646240234375,533.7359619140625
5,0.2,2,2,car,0.3983820378780365,1435.5752563476562,460.58778381347656,1382.3349609375,396.3359069824219,1488.8155517578125,524.8396606445312
6,0.24,1,2,car,0.6931873559951782,1264.6798706054688,464.96636962890625,1132.7022705078125,395.81884765625,1396.657470703125,534.1138916015625
6,0.24,3,2,car,0.4722420275211334,655.2999572753906,473.278564453125,578.6295776367188,432.95965576171875,731.9703369140625,513.5974731445312
6,0.24,2,2,car,0.41446730494499207,1436.208984375,459.8273620605469,1382.7081298828125,396.03826904296875,1489.7098388671875,523.616455078125
7,0.28,1,2,car,0.7134035229682922,1268.0963745117188,463.2864074707031,1140.050537109375,392.955322265625,1396.1422119140625,533.6174926757812
7,0.28,3,2,car,0.48522642254829407,660.4397277832031,473.4437255859375,584.192138671875,433.18780517578125,736.6873168945312,513.6996459960938
7,0.28,2,2,car,0.4730071723461151,1435.5239868164062,461.2379455566406,1383.08349609375,395.9254150390625,1487.9644775390625,526.5504760742188
8,0.32,1,2,car,0.7281034588813782,1271.4065551757812,462.6923370361328,1146.5753173828125,392.0240783691406,1396.23779296875,533.360595703125
8,0.32,2,2,car,0.48766881227493286,1436.5419921875,460.4103546142578,1385.5687255859375,397.7379455566406,1487.5152587890625,523.082763671875
9,0.36,1,2,car,0.663601279258728,1271.0386352539062,459.3666534423828,1144.2349853515625,384.9242248535156,1397.84228515625,533.80908203125
9,0.36,2,2,car,0.4197878837585449,1439.9100952148438,458.3076171875,1386.1505126953125,397.21392822265625,1493.669677734375,519.4013061523438
10,0.4,1,2,car,0.6287276148796082,1271.3201904296875,457.59906005859375,1144.3719482421875,382.0869140625,1398.2684326171875,533.1112060546875
10,0.4,2,2,car,0.45297905802726746,1439.9807739257812,459.28553771972656,1388.074951171875,397.3484802246094,1491.8865966796875,521.2225952148438
11,0.44,1,2,car,0.6931610703468323,1266.4828491210938,458.68614196777344,1133.871826171875,384.3538513183594,1399.0938720703125,533.0184326171875
11,0.44,2,2,car,0.4390636086463928,1442.623779296875,458.49737548828125,1387.224609375,396.70037841796875,1498.02294921875,520.2943725585938
12,0.48,1,2,car,0.7069759368896484,1265.3680419921875,458.4526824951172,1129.411865234375,384.2798767089844,1401.32421875,532.62548828125
12,0.48,2,2,car,0.47367340326309204,1442.8295288085938,457.7904052734375,1387.197509765625,396.2138671875,1498.4615478515625,519.366943359375
12,0.48,3,2,car,0.41675060987472534,677.9212646484375,458.1123962402344,587.8339233398438,401.68890380859375,768.0086059570312,514.535888671875
13,0.52,1,2,car,0.65340256690979,1269.8695068359375,458.93214416503906,1138.12255859375,384.4254455566406,1401.616455078125,533.4388427734375
13,0.52,3,2,car,0.45071712136268616,678.9376220703125,459.64305114746094,588.8031616210938,403.4189758300781,769.0720825195312,515.8671264648438
13,0.52,2,2,car,0.35422283411026,1441.6843872070312,459.0200653076172,1389.8360595703125,397.6672058105469,1493.53271484375,520.3729248046875
14,0.56,1,2,car,0.66080641746521,1280.346923828125,462.5768737792969,1158.65185546875,391.704345703125,1402.0419921875,533.4494018554688
14,0.56,3,2,car,0.39160844683647156,679.1766052246094,459.1787872314453,590.1599731445312,403.1811218261719,768.1932373046875,515.1764526367188
14,0.56,2,2,car,0.37634095549583435,1443.9283447265625,457.36810302734375,1386.0699462890625,398.14910888671875,1501.7867431640625,516.5870971679688
15,0.6,1,2,car,0.6609678864479065,1280.8016967773438,459.5841827392578,1158.3753662109375,386.1545104980469,1403.22802734375,533.0138549804688
15,0.6,3,2,car,0.5002303719520569,681.5584106445312,459.3453369140625,594.4004516601562,402.6712646484375,768.7163696289062,516.0194091796875
15,0.6,2,2,car,0.3592027723789215,1438.1817626953125,457.2040100097656,1381.654541015625,397.55712890625,1494.708984375,516.8508911132812
16,0.64,1,2,car,0.6986562013626099,1283.46337890625,458.332763671875,1162.7381591796875,384.060791015625,1404.1885986328125,532.604736328125
16,0.64,3,2,car,0.4587254524230957,682.8791809082031,461.58892822265625,594.732666015625,406.59539794921875,771.0256958007812,516.5824584960938
16,0.64,2,2,car,0.4331325590610504,1451.2317504882812,459.7646789550781,1385.886474609375,397.36663818359375,1516.5770263671875,522.1627197265625
17,0.68,1,2,car,0.6716982126235962,1283.4436645507812,460.0802307128906,1161.39013671875,388.1275634765625,1405.4971923828125,532.0328979492188
17,0.68,3,2,car,0.5009172558784485,683.9543762207031,460.32586669921875,595.563232421875,403.973876953125,772.3455200195312,516.6778564453125
17,0.68,2,2,car,0.45955950021743774,1451.8624267578125,460.5641632080078,1386.3765869140625,398.0462951660156,1517.3482666015625,523.08203125
18,0.72,1,2,car,0.6109829545021057,1286.2542724609375,456.4593963623047,1166.6328125,381.5887756347656,1405.875732421875,531.3300170898438
18,0.72,2,2,car,0.4157826602458954,1447.96630859375,462.2353820800781,1386.336669921875,399.58648681640625,1509.595947265625,524.88427734375
18,0.72,3,2,car,0.40630239248275757,684.941650390625,456.3154296875,597.9931640625,396.9964599609375,771.89013671875,515.6343994140625
19,0.76,1,2,car,0.6222677230834961,1285.7879638671875,453.73451232910156,1164.2608642578125,375.1405334472656,1407.3150634765625,532.3284912109375
19,0.76,3,2,car,0.48707056045532227,687.3876342773438,458.6466979980469,601.891845703125,399.996826171875,772.8834228515625,517.2965698242188
19,0.76,2,2,car,0.39934706687927246,1453.9268798828125,461.8264923095703,1391.507568359375,399.3864440917969,1516.34619140625,524.2665405273438
20,0.8,1,2,car,0.5524078607559204,1287.7344970703125,451.89146423339844,1166.7550048828125,371.6455993652344,1408.7139892578125,532.1373291015625
20,0.8,2,2,car,0.37595078349113464,1456.3214111328125,460.70790100097656,1393.75390625,401.1153259277344,1518.888916015625,520.3004760742188
20,0.8,3,2,car,0.3699023425579071,684.8756713867188,455.4683380126953,598.6842651367188,396.7174987792969,771.0670776367188,514.2191772460938
21,0.84,1,2,car,0.5555447340011597,1291.3712158203125,451.5228271484375,1172.71044921875,370.8900146484375,1410.031982421875,532.1556396484375
21,0.84,3,2,car,0.3921578526496887,687.1741333007812,456.54417419433594,599.9864501953125,394.0762023925781,774.36181640625,519.0121459960938
21,0.84,2,2,car,0.37463340163230896,1460.21533203125,459.05873107910156,1394.26123046875,401.1492004394531,1526.16943359375,516.96826171875
22,0.88,1,2,car,0.5895871520042419,1292.449951171875,452.34873962402344,1174.3201904296875,372.8795471191406,1410.5797119140625,531.8179321289062
22,0.88,2,2,car,0.39965203404426575,1464.4076538085938,460.7772216796875,1400.8106689453125,402.6968994140625,1528.004638671875,518.8575439453125
22,0.88,4,5,bus,0.39100417494773865,38.49604320526123,347.7618942260742,0.12126731872558594,196.3722381591797,76.87081909179688,499.15155029296875
23,0.92,1,2,car,0.6392968893051147,1292.9236450195312,451.2415313720703,1174.4395751953125,370.4789733886719,1411.40771484375,532.0040893554688
23,0.92,4,5,bus,0.4332572817802429,43.73146343231201,347.16886138916016,0.17166709899902344,193.2751007080078,87.291259765625,501.0626220703125
24,0.96,1,2,car,0.5990440845489502,1293.74609375,452.0017395019531,1175.3958740234375,371.46197509765625,1412.0963134765625,532.54150390625
24,0.96,2,2,car,0.41923820972442627,1461.292724609375,462.21685791015625,1403.04248046875,405.08526611328125,1519.54296875,519.3484497070312
25,1.0,1,2,car,0.5586543679237366,1293.4007568359375,452.9391632080078,1172.854736328125,373.6366882324219,1413.94677734375,532.2416381835938
25,1.0,4,5,bus,0.4770856201648712,50.363399505615234,335.71636962890625,0.4361572265625,169.57077026367188,100.29064178466797,501.8619689941406
25,1.0,2,2,car,0.4470177888870239,1463.0948486328125,462.4494171142578,1403.3519287109375,405.2187194824219,1522.8377685546875,519.6801147460938
26,1.04,1,2,car,0.5826004147529602,1296.5634155273438,453.8805847167969,1178.47412109375,375.33416748046875,1414.6527099609375,532.427001953125
26,1.04,2,2,car,0.45093730092048645,1461.6825561523438,462.66595458984375,1404.2410888671875,405.43121337890625,1519.1240234375,519.9006958007812
27,1.08,1,2,car,0.5439504384994507,1298.2899780273438,454.73187255859375,1180.3692626953125,378.2601318359375,1416.210693359375,531.20361328125
27,1.08,2,2,car,0.46376338601112366,1464.6199340820312,463.78436279296875,1404.622314453125,405.33050537109375,1524.6175537109375,522.2382202148438
28,1.12,1,2,car,0.587904155254364,1299.989990234375,454.8504638671875,1184.2928466796875,378.28564453125,1415.6871337890625,531.415283203125
28,1.12,2,2,car,0.4456227123737335,1465.1748046875,463.7721862792969,1405.1414794921875,405.567626953125,1525.2081298828125,521.9767456054688
29,1.16,1,2,car,0.6407578587532043,1302.2967529296875,454.0210876464844,1187.999755859375,376.7105712890625,1416.59375,531.3316040039062
29,1.16,2,2,car,0.4239615201950073,1465.5695190429688,464.4208221435547,1405.2130126953125,404.5730895996094,1525.926025390625,524.2685546875
30,1.2,1,2,car,0.5776063203811646,1303.5728759765625,459.09767150878906,1188.69140625,386.8401794433594,1418.454345703125,531.3551635742188
30,1.2,2,2,car,0.36527329683303833,1464.6309814453125,462.6094970703125,1403.654296875,405.07269287109375,1525.607666015625,520.1463012695312
31,1.24,1,2,car,0.6230762600898743,1304.0700073242188,454.2158966064453,1189.642822265625,377.3988952636719,1418.4971923828125,531.0328979492188
31,1.24,2,2,car,0.41150930523872375,1466.611083984375,462.87669372558594,1405.9017333984375,405.2342834472656,1527.3204345703125,520.5191040039062
32,1.28,1,2,car,0.5736082792282104,1304.7669067382812,460.1930236816406,1190.2218017578125,389.29669189453125,1419.31201171875,531.08935546875
32,1.28,2,2,car,0.3985445201396942,1467.4338989257812,463.4022979736328,1407.9361572265625,403.9028625488281,1526.931640625,522.9017333984375
33,1.32,4,5,bus,0.6579201221466064,89.4177188873291,290.4715118408203,0.3842811584472656,75.6170654296875,178.45115661621094,505.3259582519531
33,1.32,1,2,car,0.5417506098747253,1305.2550048828125,460.2847900390625,1190.14208984375,389.02947998046875,1420.367919921875,531.5401000976562
33,1.32,2,2,car,0.3851774334907532,1468.0442504882812,464.7695617675781,1407.849609375,404.57611083984375,1528.2388916015625,524.9630126953125
34,1.36,4,2,car,0.8042192459106445,88.64442443847656,290.1880798339844,0.330322265625,74.71499633789062,176.95852661132812,505.6611633300781
34,1.36,1,2,car,0.5338797569274902,1305.4568481445312,461.83656311035156,1189.8658447265625,393.2009582519531,1421.0478515625,530.47216796875
34,1.36,2,2,car,0.44616058468818665,1467.96484375,464.47467041015625,1407.4847412109375,405.06756591796875,1528.4449462890625,523.8817749023438
35,1.4,4,2,car,0.8108678460121155,91.04483985900879,289.2212219238281,0.3010597229003906,73.266357421875,181.7886199951172,505.17608642578125
35,1.4,1,2,car,0.6366561651229858,1306.0728149414062,459.7414855957031,1191.598388671875,388.11932373046875,1420.5472412109375,531.3636474609375
35,1.4,2,2,car,0.4419628977775574,1467.8139038085938,464.2991638183594,1407.54052734375,404.6715087890625,1528.0872802734375,523.9268188476562
36,1.44,1,2,car,0.5643128752708435,1308.0255737304688,462.2262268066406,1193.9696044921875,392.86688232421875,1422.08154296875,531.5855712890625
36,1.44,4,2,car,0.5292006134986877,93.55096817016602,286.9786148071289,0.34650421142578125,71.09339904785156,186.75543212890625,502.86383056640625
36,1.44,2,2,car,0.41477274894714355,1468.7127685546875,465.10784912109375,1408.546142578125,405.4405517578125,1528.87939453125,524.775146484375
37,1.48,4,2,car,0.7492647767066956,96.87942886352539,290.1420593261719,0.30910491943359375,73.19522094726562,193.4497528076172,507.0888977050781
37,1.48,1,2,car,0.6446813344955444,1308.9446411132812,461.1789855957031,1196.258056640625,390.83917236328125,1421.6312255859375,531.518798828125
37,1.48,2,2,car,0.4840281009674072,1469.1044921875,464.74143981933594,1408.8636474609375,405.1914367675781,1529.3453369140625,524.2914428710938
38,1.52,4,2,car,0.7851099967956543,101.81358337402344,289.5902633666992,0.3160400390625,71.88679504394531,203.31112670898438,507.2937316894531
38,1.52,1,2,car,0.6121440529823303,1311.2058715820312,464.21788024902344,1199.6436767578125,396.9230651855469,1422.76806640625,531.5126953125
39,1.56,4,2,car,0.8020312786102295,105.34796905517578,288.16405487060547,0.7425384521484375,71.46482849121094,209.95339965820312,504.86328125
39,1.56,1,2,car,0.7047833800315857,1311.2596435546875,461.27410888671875,1199.1873779296875,390.46380615234375,1423.3319091796875,532.0844116210938
39,1.56,2,2,car,0.42565008997917175,1465.968994140625,465.8961181640625,1408.532470703125,405.6990966796875,1523.405517578125,526.0931396484375
40,1.6,4,2,car,0.7106018662452698,109.1367301940918,290.24747467041016,0.34220123291015625,75.38383483886719,217.93125915527344,505.1111145019531
40,1.6,1,2,car,0.6357069611549377,1313.0855712890625,463.905029296875,1201.0953369140625,396.63262939453125,1425.0758056640625,531.1774291992188
40,1.6,2,2,car,0.39370492100715637,1469.04248046875,465.4779815673828,1409.24755859375,406.4554138183594,1528.83740234375,524.5005493164062
41,1.64,4,2,car,0.72931969165802,111.60541534423828,290.0196075439453,0.32977294921875,74.9549560546875,222.8810577392578,505.0842590332031
41,1.64,1,2,car,0.6408677697181702,1313.8897705078125,461.5969696044922,1200.6361083984375,391.5881652832031,1427.1434326171875,531.6057739257812
41,1.64,2,2,car,0.40272313356399536,1468.0570678710938,465.96055603027344,1406.6195068359375,407.1169738769531,1529.49462890625,524.8041381835938
41,1.64,3,2,car,0.362863689661026,713.4634094238281,458.7906188964844,623.1135864257812,406.2249755859375,803.813232421875,511.35626220703125
42,1.68,4,2,car,0.7801481485366821,116.05181121826172,289.0093002319336,0.430206298828125,72.08848571777344,231.6734161376953,505.93011474609375
42,1.68,1,2,car,0.6326113939285278,1315.4902954101562,461.90074157714844,1203.5401611328125,392.7464294433594,1427.4404296875,531.0550537109375
42,1.68,3,2,car,0.41628408432006836,717.3106994628906,461.6255798339844,631.9627685546875,411.69866943359375,802.6586303710938,511.552490234375
42,1.68,2,2,car,0.3955836594104767,1469.3576049804688,466.4006042480469,1410.853759765625,407.7744140625,1527.8614501953125,525.0267944335938
43,1.72,4,2,car,0.7538952827453613,119.56098937988281,291.4316940307617,0.41729736328125,74.88789367675781,238.70468139648438,507.9754943847656
43,1.72,1,2,car,0.5387171506881714,1316.9653930664062,462.77040100097656,1207.271484375,394.6502380371094,1426.6593017578125,530.8905639648438
43,1.72,3,2,car,0.46952977776527405,715.1734313964844,464.55174255371094,635.3124389648438,418.4434509277344,795.034423828125,510.6600341796875
43,1.72,2,2,car,0.360551655292511,1469.0193481445312,465.47935485839844,1410.679443359375,406.2244567871094,1527.3592529296875,524.7342529296875
44,1.76,4,2,car,0.7909764051437378,122.1600227355957,292.2425994873047,0.41072845458984375,78.0611572265625,243.90931701660156,506.4240417480469
44,1.76,1,2,car,0.5466160178184509,1318.5593872070312,459.97657775878906,1208.240966796875,388.2107849121094,1428.8778076171875,531.7423706054688
44,1.76,3,2,car,0.5073243975639343,717.2557373046875,460.8365478515625,627.9236450195312,410.496826171875,806.5878295898438,511.17626953125
44,1.76,2,2,car,0.3596162497997284,1467.7786254882812,465.9941711425781,1410.7220458984375,406.595947265625,1524.835205078125,525.3923950195312
45,1.8,4,2,car,0.8309382796287537,125.3895263671875,291.93248748779297,0.3052825927734375,77.03269958496094,250.47377014160156,506.832275390625
45,1.8,1,2,car,0.5595254898071289,1318.89111328125,460.36219787597656,1209.8719482421875,389.7724914550781,1427.9102783203125,530.951904296875
45,1.8,3,2,car,0.44136449694633484,718.5945739746094,462.4158630371094,632.6136474609375,413.744873046875,804.5755004882812,511.08685302734375
45,1.8,2,2,car,0.3795056939125061,1470.7569580078125,465.85569763183594,1412.96484375,407.4848327636719,1528.549072265625,524.2265625
46,1.84,4,2,car,0.7570907473564148,128.86273956298828,292.0019989013672,0.3687286376953125,77.48519897460938,257.35675048828125,506.518798828125
46,1.84,3,2,car,0.529094934463501,720.0840454101562,459.44915771484375,632.91064453125,407.9091796875,807.2574462890625,510.9891357421875
46,1.84,1,2,car,0.49634942412376404,1319.6084594726562,460.7111053466797,1211.3028564453125,390.5437316894531,1427.9140625,530.8784790039062
47,1.88,4,2,car,0.7805092930793762,132.21854782104492,293.94580078125,0.39131927490234375,80.88583374023438,264.0457763671875,507.0057678222656
47,1.88,3,2,car,0.4597546458244324,721.024658203125,458.0462951660156,634.17041015625,405.7730712890625,807.87890625,510.31951904296875
47,1.88,1,2,car,0.42525842785835266,1322.8759765625,462.7343292236328,1212.1446533203125,393.9785461425781,1433.6072998046875,531.4901123046875
48,1.92,4,2,car,0.7686453461647034,136.55870819091797,294.15406036376953,0.4062652587890625,80.07563781738281,272.7111511230469,508.23248291015625
48,1.92,1,2,car,0.43080300092697144,1323.5765991210938,465.804931640625,1211.58544921875,399.4398193359375,1435.5677490234375,532.1700439453125
48,1.92,3,2,car,0.36743298172950745,720.5466918945312,459.60296630859375,634.3357543945312,407.8195495605469,806.7576293945312,511.3863830566406
49,1.96,4,2,car,0.7787066698074341,140.18816757202148,296.1319808959961,0.42867279052734375,83.70396423339844,279.9476623535156,508.55999755859375
50,2.0,4,2,car,0.8325017094612122,142.53629684448242,297.80748748779297,0.39379119873046875,86.57817077636719,284.6788024902344,509.03680419921875
50,2.0,3,2,car,0.43881794810295105,723.9307861328125,459.1720275878906,636.272705078125,406.21728515625,811.5888671875,512.1267700195312
51,2.04,4,2,car,0.8493826389312744,144.90582275390625,298.7330017089844,0.41436767578125,87.40713500976562,289.39727783203125,510.0588684082031
51,2.04,3,2,car,0.4150436520576477,723.1385803222656,461.3208770751953,633.9595336914062,410.0568542480469,812.317626953125,512.5848999023438
51,2.04,1,2,car,0.37234213948249817,1362.8941040039062,461.70208740234375,1216.718994140625,392.7659912109375,1509.0692138671875,530.63818359375
52,2.08,4,2,car,0.8699843883514404,147.9752311706543,299.83937072753906,0.45348358154296875,90.38525390625,295.4969787597656,509.2934875488281
52,2.08,1,2,car,0.411532998085022,1363.5023803710938,465.0279083251953,1217.6033935546875,399.9245910644531,1509.4013671875,530.1312255859375
52,2.08,3,2,car,0.35518786311149597,724.8187866210938,467.2900085449219,638.7410888671875,424.2463073730469,810.896484375,510.3337097167969
53,2.12,4,2,car,0.844082236289978,151.37082290649414,299.79954528808594,0.7334976196289062,92.67141723632812,302.0081481933594,506.92767333984375
53,2.12,1,2,car,0.46759793162345886,1360.5536499023438,462.04347229003906,1218.11279296875,393.7652893066406,1502.9945068359375,530.3216552734375
53,2.12,3,2,car,0.3692443072795868,725.9697875976562,467.0417175292969,640.7596435546875,423.15087890625,811.179931640625,510.93255615234375
54,2.16,4,2,car,0.8059706687927246,154.2589340209961,301.8980178833008,0.7282562255859375,95.13734436035156,307.78961181640625,508.65869140625
54,2.16,1,2,car,0.44268354773521423,1356.1309814453125,467.1419677734375,1218.1934814453125,402.53265380859375,1494.0684814453125,531.7512817382812
54,2.16,3,2,car,0.38307493925094604,724.7157592773438,470.7742156982422,642.06103515625,430.2645568847656,807.3704833984375,511.28387451171875
55,2.2,4,2,car,0.8011122941970825,157.54440307617188,301.16148376464844,0.8115234375,94.90475463867188,314.27728271484375,507.418212890625
55,2.2,1,2,car,0.5507283210754395,1331.4898071289062,470.2403259277344,1220.618896484375,409.04718017578125,1442.3607177734375,531.4334716796875
55,2.2,3,2,car,0.42092442512512207,728.4798889160156,461.10369873046875,639.5560913085938,408.9005126953125,817.4036865234375,513.306884765625
56,2.24,4,2,car,0.8685367703437805,160.82146453857422,302.12230682373047,0.8330841064453125,97.16184997558594,320.8098449707031,507.082763671875
56,2.24,3,2,car,0.4845326840877533,727.7307434082031,463.46514892578125,637.4546508789062,413.75823974609375,818.0068359375,513.1720581054688
56,2.24,1,2,car,0.3903680443763733,1331.3915405273438,472.60179138183594,1223.5048828125,413.1704406738281,1439.2781982421875,532.0331420898438
56,2.24,5,2,car,0.3768709897994995,1184.0335083007812,473.5062561035156,1134.9306640625,439.60931396484375,1233.1363525390625,507.4031982421875
57,2.28,4,2,car,0.7439728379249573,163.6640968322754,302.28624725341797,0.8415298461914062,96.46815490722656,326.4866638183594,508.1043395996094
57,2.28,3,2,car,0.492815226316452,728.22900390625,462.390380859375,640.2048950195312,411.72821044921875,816.2531127929688,513.0525512695312
57,2.28,1,2,car,0.3697739243507385,1331.2747192382812,471.1612091064453,1223.20458984375,411.1828308105469,1439.3448486328125,531.1395874023438
58,2.32,4,2,car,0.8772861361503601,166.66781616210938,305.0096893310547,1.030609130859375,101.60037231445312,332.3050231933594,508.41900634765625
58,2.32,3,2,car,0.49283456802368164,727.3621826171875,460.5696716308594,637.82177734375,408.1534423828125,816.902587890625,512.9859008789062
59,2.36,4,2,car,0.8565027117729187,168.99091339111328,305.3003921508789,0.9908294677734375,103.03486633300781,336.9909973144531,507.56591796875
59,2.36,3,2,car,0.5016694664955139,727.6569213867188,460.94281005859375,637.688232421875,408.904296875,817.6256103515625,512.9813232421875
60,2.4,4,2,car,0.8692294955253601,172.02243041992188,304.83815002441406,0.983001708984375,102.32308959960938,343.0618591308594,507.35321044921875
60,2.4,1,2,car,0.5346631407737732,1332.7650756835938,471.2220916748047,1227.195556640625,411.9815368652344,1438.3345947265625,530.462646484375
60,2.4,3,2,car,0.5169287919998169,726.0030517578125,458.79139709472656,633.0535278320312,405.5435485839844,818.9525756835938,512.0392456054688
61,2.44,4,2,car,0.8679677248001099,174.0735740661621,306.6684036254883,0.9362411499023438,105.15486145019531,347.2109069824219,508.18194580078125
61,2.44,1,2,car,0.5392758250236511,1332.3414306640625,469.67047119140625,1228.3646240234375,409.640625,1436.3182373046875,529.7003173828125
61,2.44,3,2,car,0.5341282486915588,727.9685974121094,458.59228515625,636.567138671875,404.64471435546875,819.3700561523438,512.5398559570312
61,2.44,5,2,car,0.4094289541244507,1187.9636840820312,472.9637145996094,1135.679931640625,436.7779541015625,1240.2474365234375,509.14947509765625
62,2.48,4,2,car,0.8676864504814148,177.3979377746582,307.19178009033203,0.7508926391601562,106.03102111816406,354.04498291015625,508.3525390625
62,2.48,3,2,car,0.4346531629562378,727.6881103515625,459.582763671875,637.5965576171875,406.25079345703125,817.7796630859375,512.9147338867188
62,2.48,1,2,car,0.3924616873264313,1329.3244018554688,471.1604766845703,1229.7674560546875,412.3829040527344,1428.88134765625,529.9380493164062
62,2.48,5,2,car,0.37032005190849304,1189.160400390625,473.9739990234375,1137.7353515625,438.5181884765625,1240.58544921875,509.4298095703125
63,2.52,4,2,car,0.84385746717453,181.23947143554688,308.15503692626953,0.688201904296875,109.73048400878906,361.7907409667969,506.57958984375
63,2.52,1,2,car,0.5362954139709473,1331.0322265625,469.07098388671875,1228.3902587890625,408.38909912109375,1433.6741943359375,529.7528686523438
63,2.52,3,2,car,0.4939890503883362,729.2261962890625,461.0438537597656,640.2543334960938,409.30511474609375,818.1980590820312,512.7825927734375
63,2.52,5,2,car,0.39730194211006165,1189.1333618164062,473.19081115722656,1136.3406982421875,436.77484130859375,1241.926025390625,509.6067810058594
64,2.56,4,2,car,0.8760056495666504,185.5052375793457,309.3519744873047,0.8343887329101562,112.6343994140625,370.17608642578125,506.0695495605469
64,2.56,3,2,car,0.5287896394729614,730.0599670410156,466.133056640625,649.6088256835938,421.56719970703125,810.5111083984375,510.69891357421875
64,2.56,1,2,car,0.42385807633399963,1331.5036010742188,467.7854766845703,1228.6058349609375,405.3274230957031,1434.4013671875,530.2435302734375
64,2.56,5,2,car,0.3958263397216797,1189.1329956054688,473.1687469482422,1135.3038330078125,436.87371826171875,1242.962158203125,509.4637756347656
65,2.6,4,2,car,0.8793152570724487,188.9596939086914,309.97672271728516,0.7762298583984375,112.84922790527344,377.1431579589844,507.1042175292969
65,2.6,3,2,car,0.4493066966533661,725.8031005859375,466.1391296386719,646.1099853515625,422.39990234375,805.4962158203125,509.87835693359375
65,2.6,5,2,car,0.42091286182403564,1191.1543579101562,474.1130676269531,1136.6824951171875,437.9083557128906,1245.626220703125,510.3177795410156
65,2.6,1,2,car,0.38951119780540466,1367.9566650390625,468.58447265625,1232.9903564453125,405.1812744140625,1502.9229736328125,531.9876708984375
66,2.64,4,2,car,0.903795599937439,192.60791015625,310.8131103515625,0.85638427734375,113.85635375976562,384.35943603515625,507.7698669433594
66,2.64,3,2,car,0.41339072585105896,728.4739379882812,464.53651428222656,648.09814453125,419.51239013671875,808.8497314453125,509.5606384277344
66,2.64,5,2,car,0.40910395979881287,1190.2596435546875,473.0343933105469,1134.65966796875,438.5950927734375,1245.859619140625,507.47369384765625
66,2.64,1,2,car,0.3964075744152069,1335.55517578125,468.2196044921875,1231.62744140625,405.9976806640625,1439.48291015625,530.4415283203125
67,2.68,4,2,car,0.9053808450698853,194.15318298339844,311.9707260131836,0.931732177734375,115.71345520019531,387.3746337890625,508.2279968261719
67,2.68,1,2,car,0.4736096262931824,1359.1304931640625,473.40399169921875,1236.2901611328125,413.01031494140625,1481.9708251953125,533.7976684570312
67,2.68,3,2,car,0.4360138475894928,732.8672790527344,457.90576171875,653.1765747070312,407.35675048828125,812.5579833984375,508.45477294921875
67,2.68,5,2,car,0.4209524095058441,1192.0960693359375,474.65858459472656,1136.5477294921875,439.6824645996094,1247.6444091796875,509.63470458984375
68,2.72,4,2,car,0.9018280506134033,196.70123291015625,315.05397033691406,1.06329345703125,119.38970947265625,392.33917236328125,510.7182312011719
68,2.72,1,2,car,0.5524981021881104,1338.3138427734375,473.4576110839844,1234.5384521484375,414.44781494140625,1442.0892333984375,532.4674072265625
68,2.72,5,2,car,0.49743330478668213,1191.51025390625,473.9021301269531,1133.8232421875,439.3349304199219,1249.197265625,508.4693298339844
68,2.72,3,2,car,0.44603657722473145,735.257568359375,454.82203674316406,658.2343139648438,403.37750244140625,812.2808227539062,506.2665710449219
69,2.76,4,2,car,0.8868735432624817,199.18887329101562,314.4457321166992,0.810882568359375,121.83906555175781,397.5668640136719,507.0523986816406
69,2.76,1,2,car,0.5812472701072693,1339.5614624023438,472.8578643798828,1236.515380859375,412.6976623535156,1442.6075439453125,533.01806640625
69,2.76,5,2,car,0.4747328460216522,1191.5569458007812,475.3323669433594,1134.4034423828125,440.0519714355469,1248.71044921875,510.6127624511719
69,2.76,3,2,car,0.44894182682037354,734.0625610351562,457.6680908203125,644.189453125,407.302001953125,823.9356689453125,508.0341796875
70,2.8,4,2,car,0.8985241651535034,200.4847640991211,316.69644927978516,0.9391021728515625,124.17686462402344,400.0304260253906,509.2160339355469
70,2.8,1,2,car,0.5211705565452576,1366.3851318359375,473.3493194580078,1240.171630859375,413.2685852050781,1492.5986328125,533.4300537109375
70,2.8,5,2,car,0.519031286239624,1192.031982421875,473.9689636230469,1132.6424560546875,439.41851806640625,1251.4215087890625,508.5194091796875
70,2.8,3,2,car,0.49025729298591614,729.4669799804688,456.4774475097656,634.6348266601562,404.4690856933594,824.2991333007812,508.4858093261719
71,2.84,4,2,car,0.8772885203361511,202.55023956298828,316.6271438598633,0.7596588134765625,126.90193176269531,404.3408203125,506.35235595703125
71,2.84,5,2,car,0.5465847849845886,1192.3886108398438,473.6694030761719,1132.8223876953125,439.06439208984375,1251.954833984375,508.2744140625
71,2.84,3,2,car,0.5240506529808044,727.1361389160156,457.5733337402344,629.9553833007812,406.3310852050781,824.31689453125,508.8155822753906
71,2.84,1,2,car,0.5077962875366211,1361.6389770507812,474.4537658691406,1241.1102294921875,415.418701171875,1482.167724609375,533.4888305664062
72,2.88,4,2,car,0.8697668313980103,204.82823181152344,317.81824493408203,0.71319580078125,128.6894989013672,408.9432678222656,506.9469909667969
72,2.88,5,2,car,0.5121994614601135,1192.1551513671875,474.260009765625,1131.5992431640625,439.0500183105469,1252.7110595703125,509.4700012207031
72,2.88,3,2,car,0.49258869886398315,729.41162109375,458.0819091796875,631.7968139648438,406.4473571777344,827.0264282226562,509.7164611816406
72,2.88,1,2,car,0.4871584177017212,1339.158447265625,471.6145935058594,1238.1925048828125,412.48370361328125,1440.1243896484375,530.7454833984375
73,2.92,4,2,car,0.8729590773582458,206.84559631347656,317.63204193115234,0.67144775390625,130.21360778808594,413.0197448730469,505.05047607421875
73,2.92,3,2,car,0.5220809578895569,727.4577331542969,458.10736083984375,624.7587890625,406.6130676269531,830.1566772460938,509.6016540527344
73,2.92,5,2,car,0.46952196955680847,1193.044921875,474.5282897949219,1132.4813232421875,439.10076904296875,1253.6085205078125,509.955810546875
73,2.92,1,2,car,0.46859055757522583,1341.5270385742188,471.732421875,1238.35791015625,410.505615234375,1444.6961669921875,532.959228515625
74,2.96,4,2,car,0.8416985273361206,208.85233306884766,315.6916732788086,0.6820220947265625,129.5214385986328,417.02264404296875,501.8619079589844
74,2.96,1,2,car,0.5987112522125244,1371.0256958007812,466.1040344238281,1241.3746337890625,399.1995849609375,1500.6767578125,533.0084838867188
74,2.96,3,2,car,0.5582976937294006,726.7785339355469,457.54136657714844,625.7293090820312,404.8931884765625,827.8277587890625,510.1895446777344
74,2.96,5,2,car,0.4901828467845917,1193.7669677734375,474.43165588378906,1134.2381591796875,438.5727844238281,1253.2957763671875,510.29052734375
75,3.0,4,2,car,0.8636349439620972,210.5392837524414,318.3795623779297,0.7459259033203125,134.70843505859375,420.3326416015625,502.0506896972656
75,3.0,1,2,car,0.5539342761039734,1372.3577270507812,462.30540466308594,1242.2896728515625,391.8926086425781,1502.42578125,532.7182006835938
75,3.0,5,2,car,0.5335919260978699,1193.8007202148438,474.82159423828125,1133.3116455078125,439.237060546875,1254.289794921875,510.4061279296875
75,3.0,3,2,car,0.5047013163566589,726.5846862792969,458.2440490722656,624.2274169921875,406.3713684082031,828.9419555664062,510.1167297363281
76,3.04,4,2,car,0.8343023657798767,213.62328338623047,320.7991714477539,0.6352386474609375,135.82029724121094,426.611328125,505.7780456542969
76,3.04,1,2,car,0.5263851881027222,1343.56884765625,466.54408264160156,1243.396728515625,401.4533386230469,1443.740966796875,531.6348266601562
76,3.04,5,2,car,0.4621155560016632,1195.371826171875,473.05279541015625,1136.6832275390625,437.36370849609375,1254.0604248046875,508.74188232421875
77,3.08,4,2,car,0.8712164759635925,211.8218994140625,321.29579162597656,0.64508056640625,137.07196044921875,422.99871826171875,505.5196228027344
77,3.08,1,2,car,0.4731004238128662,1369.4531860351562,466.0148468017578,1241.729248046875,399.3838806152344,1497.1771240234375,532.6458129882812
77,3.08,5,2,car,0.4632108807563782,1193.9669799804688,472.5259552001953,1136.284912109375,436.6343994140625,1251.6490478515625,508.4175109863281
78,3.12,4,2,car,0.8817668557167053,218.10619354248047,322.43480682373047,0.6181182861328125,140.0198211669922,435.5942687988281,504.84979248046875
78,3.12,1,2,car,0.6710742712020874,1368.9326782226562,467.8023376464844,1239.2332763671875,402.70550537109375,1498.632080078125,532.899169921875
78,3.12,5,2,car,0.492322713136673,1193.2290649414062,472.30421447753906,1134.8394775390625,437.5247497558594,1251.61865234375,507.08367919921875
78,3.12,3,2,car,0.40868285298347473,737.2012634277344,467.63720703125,666.9489135742188,422.8184814453125,807.45361328125,512.4559326171875
79,3.16,4,2,car,0.8503856658935547,221.1185302734375,324.70323181152344,0.6617431640625,142.59585571289062,441.5753173828125,506.81060791015625
79,3.16,1,2,car,0.624594509601593,1369.642578125,468.09027099609375,1240.802978515625,402.4442138671875,1498.482177734375,533.736328125
79,3.16,5,2,car,0.5208688378334045,1193.0887451171875,471.65057373046875,1133.519775390625,436.0901184082031,1252.65771484375,507.2110290527344
79,3.16,3,2,car,0.41421571373939514,747.4408569335938,459.1875305175781,666.1043701171875,405.17431640625,828.77734375,513.2007446289062
80,3.2,4,2,car,0.8055111765861511,224.1104736328125,323.9788513183594,0.49456787109375,142.64566040039062,447.72637939453125,505.3120422363281
80,3.2,1,2,car,0.563482940196991,1372.0443725585938,468.71104431152344,1244.2197265625,404.8986511230469,1499.8690185546875,532.5234375
80,3.2,5,2,car,0.4872943162918091,1191.8153076171875,472.3008728027344,1134.102294921875,437.61492919921875,1249.5283203125,506.98681640625
80,3.2,3,2,car,0.40433651208877563,739.9375305175781,468.7796630859375,669.2874755859375,424.61260986328125,810.5875854492188,512.9467163085938
81,3.24,4,2,car,0.8886216282844543,227.04691314697266,323.7864990234375,0.7398834228515625,143.77450561523438,453.35394287109375,503.7984924316406
81,3.24,1,2,car,0.5999829173088074,1371.5549926757812,468.49928283691406,1242.9005126953125,402.4889831542969,1500.20947265625,534.5095825195312
81,3.24,5,2,car,0.5104755163192749,1191.9758911132812,472.94952392578125,1133.92578125,438.3782043457031,1250.0260009765625,507.5208435058594
81,3.24,3,2,car,0.39996349811553955,747.397216796875,461.2434844970703,665.2205810546875,409.0760192871094,829.5738525390625,513.4109497070312
82,3.28,4,2,car,0.7511427998542786,227.63799285888672,324.8746795654297,0.7365875244140625,145.75994873046875,454.5393981933594,503.9894104003906
82,3.28,1,2,car,0.5902788639068604,1370.85498046875,467.6141052246094,1242.7265625,402.210205078125,1498.9833984375,533.0180053710938
82,3.28,5,2,car,0.49609458446502686,1192.3936157226562,473.5666809082031,1134.9730224609375,439.2646179199219,1249.814208984375,507.8687438964844
82,3.28,3,2,car,0.41095924377441406,741.6968078613281,467.22532653808594,667.3639526367188,421.7787780761719,816.0296630859375,512.671875
83,3.32,4,2,car,0.7258082628250122,231.4274139404297,326.50804138183594,0.98931884765625,147.42059326171875,461.8655090332031,505.5954895019531
83,3.32,1,2,car,0.5544664263725281,1372.6048583984375,469.15863037109375,1246.7659912109375,405.6705322265625,1498.4437255859375,532.646728515625
83,3.32,5,2,car,0.521637499332428,1195.9566040039062,473.2827606201172,1139.3544921875,437.8258972167969,1252.5587158203125,508.7396240234375
83,3.32,3,2,car,0.4691101014614105,759.5662536621094,461.3666687011719,667.3789672851562,409.85833740234375,851.7535400390625,512.875
84,3.36,4,2,car,0.867952287197113,232.9513702392578,327.34600830078125,0.767486572265625,149.39303588867188,465.13525390625,505.2989807128906
84,3.36,1,2,car,0.5993673205375671,1367.8490600585938,467.7891540527344,1240.028076171875,403.8922119140625,1495.6700439453125,531.6860961914062
84,3.36,5,2,car,0.5133808851242065,1196.2559204101562,473.62315368652344,1139.6873779296875,438.9833068847656,1252.824462890625,508.26300048828125
84,3.36,3,2,car,0.4921722710132599,759.1496887207031,459.9246826171875,668.4451904296875,407.44647216796875,849.8541870117188,512.4028930664062
85,3.4,4,2,car,0.7554816007614136,236.54393005371094,330.13135528564453,0.9195556640625,152.28053283691406,472.1683044433594,507.982177734375
85,3.4,1,2,car,0.5431448817253113,1372.6382446289062,467.5833282470703,1245.876708984375,403.3700256347656,1499.3997802734375,531.796630859375
85,3.4,3,2,car,0.4637778699398041,748.4814758300781,459.9900360107422,668.6221313476562,406.8684997558594,828.3408203125,513.111572265625
85,3.4,5,2,car,0.46186476945877075,1195.348876953125,474.0039367675781,1137.166015625,437.88702392578125,1253.53173828125,510.120849609375
86,3.44,4,2,car,0.7638481855392456,237.38424682617188,330.7046127319336,0.802825927734375,153.1630096435547,473.9656677246094,508.2462158203125
86,3.44,1,2,car,0.5525587797164917,1372.9550170898438,467.4463653564453,1247.00830078125,402.2854919433594,1498.9017333984375,532.6072387695312
86,3.44,3,2,car,0.48771271109580994,749.3879699707031,462.8486022949219,670.8250122070312,412.74737548828125,827.950927734375,512.9498291015625
86,3.44,5,2,car,0.40548330545425415,1193.8031616210938,473.4196472167969,1136.7037353515625,438.13531494140625,1250.902587890625,508.7039794921875
87,3.48,4,2,car,0.7630605697631836,239.28453826904297,332.0946807861328,0.3824615478515625,153.51068115234375,478.1866149902344,510.6786804199219
87,3.48,1,2,car,0.6114764213562012,1373.5769653320312,469.97633361816406,1248.1304931640625,406.9162902832031,1499.0234375,533.036376953125
87,3.48,3,2,car,0.5457649230957031,747.3312072753906,468.2964324951172,677.0252075195312,424.5603332519531,817.63720703125,512.0325317382812
87,3.48,5,2,car,0.4257371723651886,1194.024169921875,472.6813659667969,1136.7476806640625,437.0049133300781,1251.3006591796875,508.3578186035156
88,3.52,4,2,car,0.7715235948562622,242.08179473876953,331.1352081298828,0.9095306396484375,154.40277099609375,483.2540588378906,507.8676452636719
88,3.52,1,2,car,0.6138807535171509,1377.3547973632812,471.0185241699219,1253.803466796875,408.580078125,1500.9061279296875,533.4569702148438
88,3.52,3,2,car,0.48021045327186584,746.9326171875,467.53416442871094,672.2764892578125,423.0921325683594,821.5887451171875,511.9761962890625
88,3.52,5,2,car,0.39529141783714294,1195.1154174804688,472.81292724609375,1137.376220703125,437.1618347167969,1252.8546142578125,508.4640197753906
89,3.56,4,2,car,0.7927323579788208,243.8480987548828,330.9184799194336,1.025482177734375,155.6180877685547,486.67071533203125,506.2188720703125
89,3.56,1,2,car,0.6073354482650757,1376.885498046875,470.6622619628906,1254.5848388671875,407.38348388671875,1499.1861572265625,533.9410400390625
89,3.56,3,2,car,0.47182586789131165,747.9365539550781,469.6818389892578,674.9927368164062,427.0525207519531,820.88037109375,512.3111572265625
89,3.56,5,2,car,0.46165016293525696,1194.4463500976562,472.9811096191406,1136.3358154296875,437.671875,1252.556884765625,508.29034423828125
90,3.6,4,2,car,0.8162460327148438,247.90958404541016,330.9841003417969,1.0198516845703125,156.61834716796875,494.79931640625,505.349853515625
90,3.6,1,2,car,0.6504644155502319,1379.146728515625,469.3514099121094,1258.048828125,406.89056396484375,1500.24462890625,531.812255859375
90,3.6,3,2,car,0.5309253334999084,753.6419677734375,472.38902282714844,683.769287109375,432.1850280761719,823.5146484375,512.593017578125
90,3.6,5,2,car,0.48574379086494446,1195.645751953125,473.0390167236328,1136.84033203125,437.3855895996094,1254.451171875,508.69244384765625
91,3.64,4,2,car,0.8105272054672241,248.94087982177734,331.8061752319336,1.0608673095703125,157.9862823486328,496.8208923339844,505.6260681152344
91,3.64,1,2,car,0.6535486578941345,1378.708984375,468.5424499511719,1257.6068115234375,405.02838134765625,1499.8111572265625,532.0565185546875
91,3.64,3,2,car,0.5439306497573853,755.3552856445312,470.2107238769531,685.3092041015625,428.5783996582031,825.4013671875,511.8430480957031
91,3.64,5,2,car,0.4460235834121704,1193.7648315429688,472.3172149658203,1136.604248046875,436.5606994628906,1250.9254150390625,508.07373046875
91,3.64,6,2,car,0.35510846972465515,980.7249450683594,466.2496032714844,921.5568237304688,423.9637756347656,1039.89306640625,508.5354309082031
92,3.68,4,2,car,0.824916660785675,250.9250259399414,332.88086700439453,1.2592620849609375,159.9031219482422,500.5907897949219,505.8586120605469
92,3.68,1,2,car,0.6250097155570984,1380.1415405273438,469.0635681152344,1260.22412109375,406.12591552734375,1500.0589599609375,532.001220703125
92,3.68,3,2,car,0.5606443881988525,753.9533386230469,472.25262451171875,685.3092041015625,432.52880859375,822.5974731445312,511.9764404296875
92,3.68,5,2,car,0.40463194251060486,1192.1741943359375,470.8135986328125,1131.3311767578125,433.9937438964844,1253.0172119140625,507.6334533691406
92,3.68,6,2,car,0.39659973978996277,979.8724975585938,467.42491149902344,919.517578125,424.79095458984375,1040.2274169921875,510.0588684082031
93,3.72,4,2,car,0.843449592590332,250.21066284179688,330.9611129760742,1.212615966796875,161.1628875732422,499.2087097167969,500.75933837890625
93,3.72,1,2,car,0.5872763395309448,1379.0940551757812,467.1600341796875,1258.1239013671875,402.5977783203125,1500.064208984375,531.7222900390625
93,3.72,3,2,car,0.5469297170639038,754.1065979003906,470.073486328125,684.3138427734375,429.2853698730469,823.8993530273438,510.8616027832031
93,3.72,5,2,car,0.4687557816505432,1196.274658203125,471.96343994140625,1136.19921875,435.7324523925781,1256.35009765625,508.1944274902344
94,3.76,4,2,car,0.7915583848953247,256.2623748779297,335.27359771728516,1.68658447265625,163.53282165527344,510.8381652832031,507.0143737792969
94,3.76,1,2,car,0.648119330406189,1379.9639282226562,467.44618225097656,1260.5013427734375,402.8835754394531,1499.426513671875,532.0087890625
94,3.76,5,2,car,0.5041683912277222,1196.8433227539062,471.8858642578125,1138.1104736328125,435.20159912109375,1255.576171875,508.57012939453125
94,3.76,3,2,car,0.5028263330459595,751.8299560546875,466.4767761230469,679.7794189453125,422.9507751464844,823.8804931640625,510.0027770996094
95,3.8,4,2,car,0.8029763698577881,257.2931900024414,335.46846771240234,1.2578887939453125,166.4651641845703,513.3284912109375,504.4717712402344
95,3.8,1,2,car,0.646416425704956,1382.159912109375,467.65171813964844,1264.2257080078125,403.2050476074219,1500.0941162109375,532.098388671875
95,3.8,5,2,car,0.5087375044822693,1198.0504150390625,472.1514587402344,1136.510498046875,435.5986633300781,1259.59033203125,508.7042541503906
95,3.8,3,2,car,0.48322561383247375,754.6300659179688,467.1914520263672,684.8822631835938,424.9836730957031,824.3778686523438,509.39923095703125
96,3.84,4,2,car,0.8324147462844849,260.46273040771484,339.36073303222656,0.7787933349609375,168.76345825195312,520.1466674804688,509.9580078125
96,3.84,1,2,car,0.6822047233581543,1383.1095581054688,469.37437438964844,1265.67822265625,406.9375305175781,1500.5408935546875,531.8112182617188
96,3.84,3,2,car,0.5305665135383606,771.9671630859375,459.279052734375,680.0776977539062,406.00213623046875,863.8566284179688,512.5559692382812
96,3.84,5,2,car,0.5261471271514893,1205.6508178710938,472.0837097167969,1138.625244140625,432.6270446777344,1272.6763916015625,511.5403747558594
97,3.88,4,2,car,0.8785572648048401,261.5731506347656,338.7312240600586,1.14202880859375,168.82603454589844,522.0042724609375,508.63641357421875
97,3.88,1,2,car,0.653939425945282,1383.465576171875,470.9584197998047,1265.759033203125,411.1718444824219,1501.172119140625,530.7449951171875
97,3.88,5,2,car,0.5361294150352478,1207.55712890625,472.44854736328125,1139.9146728515625,434.1748352050781,1275.1995849609375,510.7222595214844
97,3.88,3,2,car,0.504753828048706,765.9630126953125,457.8214416503906,677.4014892578125,403.96417236328125,854.5245361328125,511.6787109375
98,3.92,4,2,car,0.857742965221405,261.3941650390625,341.7059783935547,1.12939453125,170.60476684570312,521.658935546875,512.8071899414062
98,3.92,1,2,car,0.575169026851654,1383.1492919921875,471.55332946777344,1265.4063720703125,411.5296325683594,1500.8922119140625,531.5770263671875
98,3.92,5,2,car,0.5058916807174683,1207.7014770507812,472.7491455078125,1139.509521484375,434.7398376464844,1275.8934326171875,510.7584533691406
98,3.92,3,2,car,0.4544737935066223,758.1419372558594,474.82427978515625,694.1550903320312,439.4438171386719,822.1287841796875,510.2047424316406
99,3.96,4,2,car,0.823226809501648,263.24617767333984,341.02638244628906,0.7844696044921875,173.32351684570312,525.7078857421875,508.729248046875
99,3.96,1,2,car,0.5972474217414856,1383.7908935546875,471.3163146972656,1266.1978759765625,411.08038330078125,1501.3839111328125,531.55224609375
99,3.96,5,2,car,0.5095394253730774,1208.097900390625,471.2663269042969,1140.3255615234375,431.9870910644531,1275.8702392578125,510.5455627441406
99,3.96,3,2,car,0.37465474009513855,757.3433532714844,473.90184020996094,694.7257690429688,438.12445068359375,819.9609375,509.6792297363281
100,4.0,4,2,car,0.7708971500396729,267.0418167114258,344.55308532714844,0.8565216064453125,174.59463500976562,533.2271118164062,514.5115356445312
100,4.0,1,2,car,0.5762338042259216,1385.3226928710938,470.9870910644531,1268.0562744140625,411.45574951171875,1502.589111328125,530.5184326171875
100,4.0,5,2,car,0.5441826581954956,1200.2103271484375,472.6793518066406,1138.1265869140625,437.3786315917969,1262.2940673828125,507.9800720214844
100,4.0,3,2,car,0.40908417105674744,757.4778137207031,473.6038513183594,695.0684204101562,437.45782470703125,819.88720703125,509.7498779296875
101,4.04,4,2,car,0.824597954750061,270.4558334350586,341.5461730957031,3.3499603271484375,176.55322265625,537.5617065429688,506.53912353515625
101,4.04,1,2,car,0.6422152519226074,1385.7999877929688,471.8549041748047,1269.6995849609375,412.4491882324219,1501.900390625,531.2606201171875
101,4.04,5,2,car,0.5727136731147766,1200.0084228515625,472.1209716796875,1135.0828857421875,436.3612976074219,1264.9339599609375,507.8806457519531
102,4.08,4,2,car,0.7520687580108643,272.6045150756836,342.2171173095703,2.8240814208984375,177.21405029296875,542.3849487304688,507.2201843261719
102,4.08,1,2,car,0.5990468263626099,1384.866943359375,470.08290100097656,1270.21435546875,410.1482849121094,1499.51953125,530.0175170898438
102,4.08,5,2,car,0.5543098449707031,1204.5413818359375,472.1119079589844,1139.2445068359375,436.828857421875,1269.8382568359375,507.39495849609375
103,4.12,4,2,car,0.7744069695472717,275.45851135253906,342.02203369140625,3.720977783203125,177.6646728515625,547.196044921875,506.37939453125
103,4.12,1,2,car,0.6378609538078308,1384.8154296875,472.9479522705078,1271.302490234375,416.4727478027344,1498.328369140625,529.4231567382812
103,4.12,5,2,car,0.5285261869430542,1202.5134887695312,472.32861328125,1144.65966796875,437.87054443359375,1260.3673095703125,506.78668212890625
103,4.12,3,2,car,0.35629403591156006,768.2846984863281,474.9097595214844,694.4854736328125,436.56976318359375,842.0839233398438,513.249755859375
104,4.16,4,2,car,0.7997698187828064,281.3833465576172,342.7587890625,11.653289794921875,180.40493774414062,551.1134033203125,505.1126403808594
104,4.16,1,2,car,0.6445103883743286,1384.7266235351562,471.70953369140625,1271.613037109375,413.644775390625,1497.8402099609375,529.7742919921875
104,4.16,5,2,car,0.5041942000389099,1200.60693359375,472.3590087890625,1145.547119140625,437.91741943359375,1255.666748046875,506.80059814453125
104,4.16,3,2,car,0.36518216133117676,775.8977966308594,473.5802307128906,697.7625732421875,434.61383056640625,854.0330200195312,512.546630859375
105,4.2,4,2,car,0.7384700179100037,293.43204498291016,345.80287170410156,33.63166809082031,181.72146606445312,553.232421875,509.88427734375
105,4.2,1,2,car,0.6859320402145386,1386.6026000976562,472.1082305908203,1273.691162109375,414.4514465332031,1499.5140380859375,529.7650146484375
105,4.2,5,2,car,0.47579723596572876,1201.3538818359375,472.1289367675781,1145.1280517578125,437.2298583984375,1257.5797119140625,507.02801513671875
105,4.2,3,2,car,0.45265597105026245,780.8097534179688,459.2524871826172,694.843017578125,407.0019226074219,866.7764892578125,511.5030517578125
106,4.24,4,2,car,0.8031284213066101,296.6224136352539,346.9475555419922,38.00953674316406,183.46636962890625,555.2352905273438,510.4287414550781
106,4.24,1,2,car,0.7055720686912537,1386.466796875,472.6596984863281,1275.0120849609375,416.310546875,1497.9215087890625,529.0088500976562
106,4.24,3,2,car,0.49774205684661865,780.860595703125,461.28175354003906,695.9908447265625,410.2105407714844,865.7303466796875,512.3529663085938
106,4.24,5,2,car,0.4740500748157501,1202.188232421875,472.641845703125,1145.9278564453125,438.51959228515625,1258.4486083984375,506.76409912109375
107,4.28,4,2,car,0.7462266087532043,299.9808654785156,345.58545684814453,42.91094970703125,183.71644592285156,557.05078125,507.4544677734375
107,4.28,1,2,car,0.6661052107810974,1385.36572265625,471.0836639404297,1272.841552734375,412.7104797363281,1497.889892578125,529.4568481445312
107,4.28,3,2,car,0.4947826862335205,781.3948669433594,460.34303283691406,698.0184936523438,409.1923828125,864.771240234375,511.4936828613281
107,4.28,5,2,car,0.4703332483768463,1203.6892700195312,471.913330078125,1146.260986328125,437.03778076171875,1261.1175537109375,506.78887939453125
108,4.32,4,2,car,0.7626570463180542,289.98252868652344,346.6650924682617,16.412750244140625,184.1341094970703,563.5523071289062,509.1960754394531
108,4.32,1,2,car,0.668083667755127,1385.8878784179688,472.23211669921875,1273.5860595703125,414.7467041015625,1498.189697265625,529.717529296875
108,4.32,5,2,car,0.49825799465179443,1202.5062255859375,472.4132080078125,1147.48388671875,438.18585205078125,1257.528564453125,506.64056396484375
108,4.32,3,2,car,0.4868289530277252,782.1624450683594,460.9978485107422,701.0800170898438,411.7128601074219,863.244873046875,510.2828369140625
109,4.36,4,2,car,0.7630252242088318,318.35401916503906,347.5261459350586,68.01992797851562,186.3926239013672,568.6881103515625,508.65966796875
109,4.36,1,2,car,0.6940609216690063,1388.7335815429688,473.1334228515625,1277.66748046875,416.45465087890625,1499.7996826171875,529.8121948242188
109,4.36,5,2,car,0.4859113395214081,1202.4009399414062,472.1521911621094,1146.5552978515625,437.27178955078125,1258.24658203125,507.0325927734375
109,4.36,3,2,car,0.45866623520851135,782.4707336425781,463.58897399902344,700.2015380859375,413.6703186035156,864.7399291992188,513.5076293945312
110,4.4,4,2,car,0.7832609415054321,323.2271957397461,348.8540954589844,75.50743103027344,187.348388671875,570.9469604492188,510.35980224609375
110,4.4,1,2,car,0.6245273947715759,1389.2225341796875,472.51483154296875,1278.995849609375,415.8797607421875,1499.44921875,529.14990234375
110,4.4,5,2,car,0.48005807399749756,1200.1726684570312,472.32879638671875,1144.1444091796875,438.1593933105469,1256.200927734375,506.4981994628906
111,4.44,4,2,car,0.6647443771362305,328.1500701904297,349.73744201660156,82.45742797851562,188.34210205078125,573.8427124023438,511.1327819824219
111,4.44,1,2,car,0.662063717842102,1388.693359375,472.978759765625,1278.20361328125,416.1005859375,1499.18310546875,529.85693359375
111,4.44,5,2,car,0.5024330615997314,1201.854736328125,472.3049011230469,1144.5218505859375,438.07928466796875,1259.1876220703125,506.530517578125
112,4.48,4,2,car,0.7383313179016113,333.3498077392578,350.2993392944336,87.51882934570312,189.3061981201172,579.1807861328125,511.29248046875
112,4.48,1,2,car,0.6680245399475098,1388.76318359375,473.76414489746094,1278.912353515625,417.2439880371094,1498.614013671875,530.2843017578125
112,4.48,5,2,car,0.54822838306427,1202.5631103515625,472.16766357421875,1144.9222412109375,437.96759033203125,1260.2039794921875,506.36773681640625
113,4.52,4,2,car,0.6946197748184204,338.92223358154297,350.78684997558594,95.50529479980469,189.68130493164062,582.3391723632812,511.89239501953125
113,4.52,1,2,car,0.6435233950614929,1389.6447143554688,471.087158203125,1279.3385009765625,411.99554443359375,1499.950927734375,530.1787719726562
113,4.52,5,2,car,0.5070091485977173,1203.65966796875,470.980224609375,1145.7958984375,434.7276306152344,1261.5234375,507.2328186035156
113,4.52,3,2,car,0.41371285915374756,779.2708740234375,459.802001953125,688.1599731445312,407.7274475097656,870.3817749023438,511.8765563964844
114,4.56,1,2,car,0.6239442229270935,1389.7561645507812,470.8598327636719,1279.3646240234375,411.28070068359375,1500.147705078125,530.43896484375
114,4.56,4,2,car,0.6025403738021851,344.0736389160156,352.15126037597656,97.88104248046875,191.92013549804688,590.2662353515625,512.3823852539062
114,4.56,5,2,car,0.5115858912467957,1205.8665161132812,472.35552978515625,1147.1978759765625,437.72039794921875,1264.53515625,506.99066162109375
115,4.6,4,2,car,0.6713093519210815,349.95811462402344,352.21759033203125,105.84841918945312,192.273193359375,594.0678100585938,512.1619873046875
115,4.6,1,2,car,0.6357961893081665,1389.7378540039062,472.0943603515625,1283.018310546875,413.662109375,1496.4573974609375,530.526611328125
115,4.6,5,2,car,0.46145451068878174,1204.7161254882812,471.7134552001953,1146.54443359375,436.543701171875,1262.8878173828125,506.8832092285156
115,4.6,3,2,car,0.3734215497970581,784.8638305664062,460.75135803222656,699.2332763671875,409.5179443359375,870.494384765625,511.9847717285156
116,4.64,4,2,car,0.641082763671875,354.8007507324219,352.12857818603516,110.46240234375,193.79710388183594,599.1390991210938,510.4600524902344
116,4.64,1,2,car,0.6255488395690918,1389.389892578125,471.157470703125,1283.4268798828125,411.68756103515625,1495.3529052734375,530.6273803710938
116,4.64,5,2,car,0.45499974489212036,1202.7816772460938,471.3683624267578,1146.1165771484375,435.96551513671875,1259.44677734375,506.7712097167969
116,4.64,3,2,car,0.421617329120636,790.130126953125,463.98284912109375,709.9183959960938,416.15899658203125,870.3418579101562,511.80670166015625
117,4.68,4,2,car,0.6728384494781494,352.76234436035156,353.572998046875,110.34182739257812,195.30615234375,595.182861328125,511.83984375
117,4.68,1,2,car,0.6046942472457886,1391.5106811523438,471.75457763671875,1284.818603515625,412.8526611328125,1498.2027587890625,530.656494140625
117,4.68,5,2,car,0.45869481563568115,1201.8369140625,471.19921875,1143.6357421875,435.66705322265625,1260.0380859375,506.73138427734375
118,4.72,4,2,car,0.6186283826828003,351.8336181640625,355.83131408691406,98.71673583984375,197.79031372070312,604.9505004882812,513.872314453125
118,4.72,1,2,car,0.5904110670089722,1390.4615478515625,475.2411804199219,1285.965087890625,419.6876220703125,1494.9580078125,530.7947387695312
118,4.72,5,2,car,0.4639979600906372,1203.7106323242188,472.44793701171875,1147.36962890625,437.90087890625,1260.0516357421875,506.9949951171875
119,4.76,4,2,car,0.6359536051750183,363.64549255371094,356.0091018676758,121.22378540039062,199.2201690673828,606.0671997070312,512.7980346679688
119,4.76,1,2,car,0.5582160353660583,1390.20703125,472.7867736816406,1285.2484130859375,414.7655029296875,1495.1656494140625,530.8080444335938
119,4.76,5,2,car,0.47985750436782837,1200.9561157226562,470.9255065917969,1142.9146728515625,435.0190734863281,1258.99755859375,506.8319396972656
119,4.76,3,2,car,0.38494017720222473,792.9826049804688,459.8215026855469,714.3704833984375,409.70819091796875,871.5947265625,509.934814453125
120,4.8,1,2,car,0.5784264206886292,1391.0372924804688,475.1324157714844,1287.633544921875,419.61895751953125,1494.4410400390625,530.6458740234375
120,4.8,4,2,car,0.5071587562561035,375.1719207763672,356.09476470947266,140.44345092773438,199.9774932861328,609.900390625,512.2120361328125
120,4.8,5,2,car,0.4640161395072937,1203.515380859375,471.86439514160156,1147.1456298828125,436.9193115234375,1259.8851318359375,506.8094787597656
120,4.8,3,2,car,0.3778733015060425,793.5445556640625,459.92486572265625,715.6941528320312,409.5436706542969,871.3949584960938,510.3060607910156
121,4.84,1,2,car,0.6026222109794617,1390.2874145507812,472.81459045410156,1285.2630615234375,415.2288513183594,1495.311767578125,530.4003295898438
121,4.84,4,2,car,0.5184664130210876,374.2385559082031,356.3612747192383,139.04498291015625,199.44081115722656,609.43212890625,513.28173828125
121,4.84,3,2,car,0.46108338236808777,793.342529296875,458.27435302734375,714.6751098632812,405.7339782714844,872.0099487304688,510.8147277832031
121,4.84,5,2,car,0.37026098370552063,1203.765625,471.9328155517578,1149.7506103515625,437.1445617675781,1257.7806396484375,506.7210693359375
122,4.88,1,2,car,0.6038145422935486,1393.2662963867188,475.5042266845703,1288.4395751953125,419.7363586425781,1498.093017578125,531.2720947265625
122,4.88,3,2,car,0.4096294045448303,793.6494140625,460.740966796875,716.3170166015625,410.74273681640625,870.9818115234375,510.73919677734375
122,4.88,4,2,car,0.38248857855796814,380.03553771972656,355.9521713256836,146.32131958007812,199.93601989746094,613.749755859375,511.96832275390625
122,4.88,5,2,car,0.3756262958049774,1201.47607421875,472.68182373046875,1142.6240234375,438.20379638671875,1260.328125,507.15985107421875
123,4.92,1,2,car,0.5805615782737732,1390.1685180664062,474.2932891845703,1286.2591552734375,418.0408630371094,1494.077880859375,530.5457153320312
123,4.92,3,2,car,0.4637835919857025,793.4719543457031,459.5887756347656,715.285888671875,407.8640441894531,871.6580200195312,511.3135070800781
123,4.92,4,2,car,0.46265915036201477,385.42442321777344,357.8417282104492,152.58993530273438,203.4697723388672,618.2589111328125,512.2136840820312
124,4.96,1,2,car,0.6118350028991699,1392.0646362304688,474.4453125,1288.2974853515625,417.94464111328125,1495.831787109375,530.9459838867188
124,4.96,4,2,car,0.46383416652679443,391.7851791381836,358.08204650878906,161.32518005371094,205.29580688476562,622.2451782226562,510.8682861328125
124,4.96,3,2,car,0.4606657922267914,793.8922119140625,459.8381652832031,716.3148193359375,408.4311218261719,871.4696044921875,511.2452087402344
125,5.0,1,2,car,0.58493572473526,1393.4334716796875,472.7848663330078,1288.8238525390625,414.9687194824219,1498.0430908203125,530.6010131835938
125,5.0,3,2,car,0.5260864496231079,795.0624389648438,460.2608642578125,718.6268920898438,409.58624267578125,871.4979858398438,510.93548583984375
125,5.0,4,2,car,0.47185850143432617,393.7657470703125,357.9752197265625,162.10638427734375,205.14239501953125,625.4251098632812,510.80804443359375
126,5.04,1,2,car,0.5718772411346436,1396.4472045898438,473.50120544433594,1290.8907470703125,415.5555725097656,1502.003662109375,531.4468383789062
126,5.04,3,2,car,0.47280454635620117,798.5330200195312,469.1198272705078,723.02783203125,426.2496643066406,874.0382080078125,511.989990234375
126,5.04,4,2,car,0.46316277980804443,399.82884979248047,358.9857864379883,169.08494567871094,207.1522674560547,630.57275390625,510.8193054199219
126,5.04,5,2,car,0.3841502070426941,1204.4346313476562,472.0472717285156,1148.278564453125,437.0101318359375,1260.5906982421875,507.08441162109375
127,5.08,1,2,car,0.6154550313949585,1392.9279174804688,472.9412384033203,1289.3726806640625,414.4818420410156,1496.483154296875,531.400634765625
127,5.08,4,2,car,0.4527157247066498,404.6452178955078,360.60960388183594,174.80502319335938,209.748779296875,634.4854125976562,511.4704284667969
127,5.08,5,2,car,0.4271094799041748,1204.7398681640625,473.00335693359375,1148.6693115234375,438.3258361816406,1260.8104248046875,507.6808776855469
127,5.08,3,2,car,0.4146869480609894,797.3486633300781,471.94842529296875,723.4342041015625,431.36810302734375,871.2631225585938,512.5287475585938
128,5.12,4,2,car,0.5948556065559387,409.3997268676758,361.78849029541016,181.5211944580078,209.33424377441406,637.2782592773438,514.2427368164062
128,5.12,1,2,car,0.5934234857559204,1391.8306274414062,475.17088317871094,1289.6923828125,419.2091979980469,1493.9688720703125,531.132568359375
128,5.12,3,2,car,0.4186916649341583,791.1051330566406,478.34800720214844,724.5601806640625,443.1955261230469,857.6500854492188,513.50048828125
128,5.12,5,2,car,0.41624313592910767,1205.6434326171875,473.38824462890625,1149.7012939453125,439.7489318847656,1261.5855712890625,507.0275573730469
129,5.16,1,2,car,0.6204807162284851,1391.2267456054688,474.6880187988281,1290.166259765625,418.11181640625,1492.2872314453125,531.2642211914062
129,5.16,4,2,car,0.5165147185325623,411.13356018066406,361.36399841308594,184.41665649414062,211.09762573242188,637.8504638671875,511.63037109375
129,5.16,3,2,car,0.4671717584133148,789.5168762207031,474.2165069580078,723.52978515625,434.8653259277344,855.5039672851562,513.5676879882812
129,5.16,5,2,car,0.4173995554447174,1206.8316040039062,472.4588928222656,1151.2469482421875,437.9740905761719,1262.416259765625,506.9436950683594
130,5.2,1,2,car,0.6065388321876526,1394.3058471679688,474.87109375,1292.4129638671875,419.38873291015625,1496.19873046875,530.3534545898438
130,5.2,4,2,car,0.5180604457855225,415.96095275878906,362.5450668334961,191.44216918945312,212.26707458496094,640.479736328125,512.8230590820312
130,5.2,3,2,car,0.4832470417022705,798.0014343261719,469.0210723876953,725.0621948242188,425.0206604003906,870.940673828125,513.021484375
130,5.2,5,2,car,0.4238763451576233,1206.8228759765625,472.7308044433594,1150.98486328125,438.0516357421875,1262.660888671875,507.40997314453125
131,5.24,1,2,car,0.6311131715774536,1394.780029296875,474.76353454589844,1292.356689453125,418.0289001464844,1497.203369140625,531.4981689453125
131,5.24,3,2,car,0.49188143014907837,799.9251403808594,460.6769561767578,725.8088989257812,408.3025817871094,874.0413818359375,513.0513305664062
131,5.24,4,2,car,0.47728219628334045,424.0031433105469,363.0409164428711,196.52874755859375,213.16709899902344,651.4775390625,512.9147338867188
131,5.24,5,2,car,0.40759968757629395,1207.7368774414062,472.9774475097656,1152.98193359375,438.68792724609375,1262.4918212890625,507.2669677734375
132,5.28,1,2,car,0.6407621502876282,1394.2464599609375,475.177734375,1293.606201171875,418.9610595703125,1494.88671875,531.3944091796875
132,5.28,3,2,car,0.4753094017505646,800.1676025390625,460.0383758544922,726.4013671875,406.8115539550781,873.933837890625,513.2651977539062
132,5.28,5,2,car,0.38361433148384094,1207.221923828125,472.96527099609375,1152.465087890625,438.5030822753906,1261.978759765625,507.4274597167969
133,5.32,1,2,car,0.6589663624763489,1394.0325927734375,474.4034729003906,1293.446533203125,417.79046630859375,1494.61865234375,531.0164794921875
133,5.32,4,2,car,0.647468090057373,428.72503662109375,362.84837341308594,207.25860595703125,214.870849609375,650.1914672851562,510.8258972167969
133,5.32,3,2,car,0.5880231857299805,799.8064880371094,461.2776184082031,726.1568603515625,409.007568359375,873.4561157226562,513.5476684570312
133,5.32,5,2,car,0.4236220121383667,1207.9839477539062,472.8186798095703,1152.5811767578125,437.60791015625,1263.38671875,508.0294494628906
134,5.36,4,2,car,0.6034700870513916,433.89996337890625,363.9561080932617,213.03631591796875,215.24620056152344,654.7636108398438,512.666015625
134,5.36,1,2,car,0.6020950675010681,1394.7424926757812,475.4469757080078,1294.742919921875,419.9376525878906,1494.7420654296875,530.956298828125
134,5.36,3,2,car,0.5283583998680115,801.3211669921875,463.9886932373047,729.7963256835938,414.2075500488281,872.8460083007812,513.7698364257812
134,5.36,5,2,car,0.4658496677875519,1208.9224243164062,473.80699157714844,1153.2967529296875,439.8231201171875,1264.548095703125,507.7908630371094
135,5.4,1,2,car,0.5572503209114075,1394.6743774414062,474.1806640625,1294.503662109375,417.68792724609375,1494.8450927734375,530.6734008789062
135,5.4,4,2,car,0.5556315779685974,438.49454498291016,364.21214294433594,221.1638946533203,217.08908081054688,655.8251953125,511.335205078125
135,5.4,3,2,car,0.5284805297851562,802.0255737304688,460.64491271972656,729.1953735351562,408.2011413574219,874.8557739257812,513.0886840820312
135,5.4,5,2,car,0.42400622367858887,1209.061279296875,473.95143127441406,1154.0948486328125,440.49884033203125,1264.0277099609375,507.4040222167969
136,5.44,4,2,car,0.5613190531730652,441.02159118652344,364.9562683105469,223.46755981445312,217.83148193359375,658.5756225585938,512.0810546875
136,5.44,3,2,car,0.5183068513870239,799.7120971679688,460.2117919921875,726.987548828125,408.9218444824219,872.4366455078125,511.5017395019531
136,5.44,1,2,car,0.4399898052215576,1398.6433715820312,474.80555725097656,1297.1478271484375,419.1045227050781,1500.138916015625,530.506591796875
136,5.44,5,2,car,0.40515515208244324,1208.1520385742188,473.47650146484375,1154.2664794921875,440.2301330566406,1262.03759765625,506.7228698730469
137,5.48,3,2,car,0.5923697352409363,803.7110290527344,463.7462615966797,729.1607055664062,415.1746520996094,878.2613525390625,512.31787109375
137,5.48,4,2,car,0.5717313289642334,442.84779357910156,366.0349655151367,224.56289672851562,219.33409118652344,661.1326904296875,512.73583984375
137,5.48,1,2,car,0.5242505073547363,1400.1735229492188,475.12046813964844,1298.0106201171875,419.5093688964844,1502.33642578125,530.7315673828125
137,5.48,5,2,car,0.36295026540756226,1208.9198608398438,473.221435546875,1154.606689453125,439.2470397949219,1263.2330322265625,507.1958312988281
138,5.52,3,2,car,0.6111443042755127,805.4653015136719,467.1456604003906,731.0401611328125,421.7403564453125,879.8904418945312,512.5509643554688
138,5.52,1,2,car,0.4826337993144989,1400.741455078125,475.13909912109375,1298.49609375,418.853759765625,1502.98681640625,531.4244384765625
138,5.52,4,2,car,0.4715545177459717,443.52626037597656,370.3759307861328,223.06741333007812,222.30551147460938,663.985107421875,518.4463500976562
138,5.52,5,2,car,0.40362343192100525,1209.6799926757812,474.25030517578125,1156.32373046875,441.1813659667969,1263.0362548828125,507.3192443847656
139,5.56,4,2,car,0.5466330051422119,451.1462707519531,368.65026092529297,235.9156494140625,222.5558319091797,666.3768920898438,514.7446899414062
139,5.56,3,2,car,0.5291537642478943,805.8131103515625,469.8869934082031,732.1917114257812,427.171142578125,879.4345092773438,512.6028442382812
139,5.56,1,2,car,0.5151636600494385,1396.8900756835938,472.68634033203125,1296.0106201171875,413.62255859375,1497.76953125,531.7501220703125
139,5.56,5,2,car,0.41185516119003296,1208.5592651367188,473.8092041015625,1155.0963134765625,440.4690856933594,1262.022216796875,507.1493225097656
140,5.6,1,2,car,0.5530140995979309,1398.1669311523438,472.89952087402344,1296.56005859375,413.9574279785156,1499.7738037109375,531.8416137695312
140,5.6,4,2,car,0.4501522183418274,447.8002014160156,369.25294494628906,226.660400390625,224.19998168945312,668.9400024414062,514.305908203125
140,5.6,3,2,car,0.4491482973098755,797.9581604003906,480.2802429199219,734.2040405273438,446.1060791015625,861.7122802734375,514.4544067382812
140,5.6,5,2,car,0.41257768869400024,1207.9136962890625,473.8876190185547,1154.1292724609375,440.7369689941406,1261.6981201171875,507.03826904296875
141,5.64,1,2,car,0.5712084770202637,1398.3525390625,473.1317443847656,1296.4521484375,415.0821533203125,1500.2529296875,531.1813354492188
141,5.64,4,2,car,0.5149315595626831,451.9938735961914,369.3607635498047,234.07850646972656,225.49813842773438,669.9092407226562,513.223388671875
141,5.64,3,2,car,0.4318113923072815,798.2052612304688,480.7440490722656,734.3897094726562,447.33197021484375,862.0208129882812,514.1561279296875
141,5.64,5,2,car,0.3870267868041992,1208.8040771484375,474.4067687988281,1154.53564453125,441.4699401855469,1263.072509765625,507.3435974121094
141,5.64,7,2,car,0.35795146226882935,1002.803466796875,468.56207275390625,948.3101806640625,428.7790222167969,1057.2967529296875,508.3451232910156
142,5.68,1,2,car,0.609167218208313,1401.055908203125,478.7320251464844,1299.4376220703125,426.59344482421875,1502.6741943359375,530.87060546875
142,5.68,4,2,car,0.46159547567367554,456.4289093017578,370.2697219848633,238.43130493164062,227.5575714111328,674.426513671875,512.9818725585938
142,5.68,3,2,car,0.4362759292125702,805.7264099121094,473.3412780761719,733.102294921875,434.69329833984375,878.3505249023438,511.9892578125
142,5.68,5,2,car,0.39837750792503357,1206.9913330078125,474.308349609375,1151.1134033203125,441.3945007324219,1262.8692626953125,507.2221984863281
143,5.72,1,2,car,0.5825076103210449,1401.3956298828125,479.47035217285156,1300.4990234375,427.6544494628906,1502.292236328125,531.2862548828125
143,5.72,4,2,car,0.5073787569999695,461.28414154052734,369.16587829589844,247.82615661621094,225.88363647460938,674.7421264648438,512.4481201171875
143,5.72,3,2,car,0.4721929430961609,805.6324768066406,472.6425476074219,733.1165771484375,433.3663330078125,878.1483764648438,511.91876220703125
143,5.72,5,2,car,0.4221901297569275,1207.6654663085938,474.4065399169922,1151.6884765625,441.4629821777344,1263.6424560546875,507.35009765625
144,5.76,1,2,car,0.5849253535270691,1402.1262817382812,478.7458953857422,1300.833251953125,426.6154479980469,1503.4193115234375,530.8763427734375
144,5.76,3,2,car,0.47465580701828003,806.972900390625,474.0729675292969,733.7682495117188,436.1805725097656,880.1775512695312,511.9653625488281
144,5.76,5,2,car,0.3845880627632141,1207.5929565429688,474.6240692138672,1151.681884765625,442.16510009765625,1263.5040283203125,507.0830383300781
144,5.76,4,2,car,0.37600457668304443,471.4695739746094,370.05540466308594,265.5003662109375,227.63003540039062,677.4387817382812,512.4807739257812
145,5.8,1,2,car,0.5650647878646851,1402.713623046875,478.9512481689453,1301.3016357421875,426.8760681152344,1504.1256103515625,531.0264282226562
145,5.8,3,2,car,0.4908531606197357,799.0680236816406,479.5576934814453,738.0681762695312,446.6199645996094,860.06787109375,512.4954223632812
145,5.8,4,2,car,0.41888636350631714,468.6108703613281,370.5532913208008,258.4278564453125,228.41932678222656,678.7938842773438,512.687255859375
145,5.8,5,2,car,0.39412498474121094,1208.4174194335938,474.33380126953125,1150.9532470703125,441.6394958496094,1265.881591796875,507.0281066894531
146,5.84,1,2,car,0.5257367491722107,1399.445556640625,474.32220458984375,1296.3209228515625,417.4425048828125,1502.5701904296875,531.201904296875
146,5.84,3,2,car,0.4706507623195648,799.20556640625,482.5467987060547,739.4855346679688,452.9324645996094,858.9255981445312,512.1611328125
146,5.84,4,2,car,0.42095544934272766,473.3547668457031,372.463623046875,262.24493408203125,229.28741455078125,684.464599609375,515.6398315429688
147,5.88,1,2,car,0.5318712592124939,1403.6707153320312,477.0871887207031,1301.8052978515625,422.57696533203125,1505.5361328125,531.597412109375
147,5.88,3,2,car,0.48234274983406067,799.3027648925781,477.5762176513672,738.5755615234375,442.7409973144531,860.0299682617188,512.4114379882812
147,5.88,4,2,car,0.4501311480998993,467.8318099975586,372.6920700073242,247.8168182373047,230.57835388183594,687.8468017578125,514.8057861328125
148,5.92,1,2,car,0.6125001907348633,1404.3828735351562,477.6395721435547,1302.9927978515625,422.9008483886719,1505.77294921875,532.3782958984375
148,5.92,4,2,car,0.5387900471687317,468.7390899658203,372.6629180908203,247.29061889648438,231.16751098632812,690.1875610351562,514.1583251953125
148,5.92,3,2,car,0.4806883633136749,810.8515319824219,470.7084045410156,737.9185180664062,429.6192626953125,883.7845458984375,511.79754638671875
148,5.92,5,2,car,0.3521454930305481,1212.6210327148438,474.44384765625,1154.822021484375,442.14642333984375,1270.4200439453125,506.74127197265625
149,5.96,1,2,car,0.5828944444656372,1404.7276000976562,476.6627960205078,1303.4979248046875,421.7992858886719,1505.957275390625,531.5263061523438
149,5.96,3,2,car,0.4811459183692932,811.4810485839844,470.79144287109375,738.4037475585938,430.50128173828125,884.558349609375,511.08160400390625
149,5.96,4,2,car,0.43175074458122253,477.5319061279297,372.7681884765625,263.5592956542969,231.13153076171875,691.5045166015625,514.4048461914062
149,5.96,5,2,car,0.38650673627853394,1213.10595703125,474.88421630859375,1155.3511962890625,442.17242431640625,1270.8607177734375,507.59600830078125
150,6.0,1,2,car,0.6286680102348328,1405.1270751953125,476.2968444824219,1303.5440673828125,420.4505615234375,1506.7100830078125,532.1431274414062
150,6.0,3,2,car,0.5714932084083557,813.775634765625,468.20965576171875,738.8580322265625,425.97161865234375,888.6932373046875,510.44769287109375
150,6.0,4,2,car,0.47634294629096985,477.1365051269531,373.5242462158203,261.1629638671875,233.47238159179688,693.1100463867188,513.5761108398438
151,6.04,1,2,car,0.6079328060150146,1405.9757080078125,472.5909881591797,1303.9749755859375,413.3209533691406,1507.9764404296875,531.8610229492188
151,6.04,3,2,car,0.5250074863433838,813.2010192871094,467.0888671875,738.7183837890625,423.6456298828125,887.6836547851562,510.5321044921875
151,6.04,4,2,car,0.45364171266555786,472.6550979614258,373.4646987915039,249.38893127441406,233.5912628173828,695.9212646484375,513.338134765625
151,6.04,5,2,car,0.3545744717121124,1209.7030029296875,473.5282745361328,1147.989013671875,439.5101623535156,1271.4169921875,507.54638671875
152,6.08,1,2,car,0.5683755278587341,1405.8649291992188,474.0566711425781,1302.5987548828125,417.01959228515625,1509.131103515625,531.09375
152,6.08,4,2,car,0.48567304015159607,479.01220703125,373.1235809326172,261.4754638671875,234.39395141601562,696.5489501953125,511.85321044921875
152,6.08,3,2,car,0.42333903908729553,812.5157775878906,465.96405029296875,740.2412109375,422.2403869628906,884.7903442382812,509.6877136230469
153,6.12,1,2,car,0.5388604402542114,1407.1138305664062,474.8221435546875,1304.0501708984375,417.990234375,1510.177490234375,531.654052734375
153,6.12,4,2,car,0.39543622732162476,469.92579650878906,374.51722717285156,242.12393188476562,236.57235717773438,697.7276611328125,512.4620971679688
154,6.16,1,2,car,0.5148331522941589,1406.9657592773438,471.5930633544922,1303.7955322265625,412.1052551269531,1510.135986328125,531.0808715820312
154,6.16,4,2,car,0.47391852736473083,503.9400177001953,375.15055084228516,306.1366882324219,237.45753479003906,701.7433471679688,512.8435668945312
154,6.16,3,2,car,0.4025222957134247,814.02685546875,460.4627380371094,739.5225219726562,412.3439025878906,888.5311889648438,508.5815734863281
155,6.2,1,2,car,0.595581591129303,1407.6477661132812,472.6126403808594,1304.08642578125,413.43402099609375,1511.2091064453125,531.791259765625
155,6.2,4,2,car,0.4240446388721466,494.01617431640625,374.97532653808594,281.27691650390625,238.70645141601562,706.7554321289062,511.24420166015625
156,6.24,1,2,car,0.5386911034584045,1409.001953125,474.16038513183594,1306.3597412109375,417.0318908691406,1511.6441650390625,531.2888793945312
156,6.24,4,2,car,0.44531774520874023,523.5267944335938,374.42189025878906,337.03369140625,238.35214233398438,710.0198974609375,510.49163818359375
157,6.28,1,2,car,0.6336168050765991,1408.5083618164062,475.24253845214844,1306.739501953125,418.5052185058594,1510.2772216796875,531.9798583984375
157,6.28,4,2,car,0.42823585867881775,541.3715515136719,374.19651794433594,369.34588623046875,238.0391845703125,713.397216796875,510.3538513183594
157,6.28,5,2,car,0.3709287643432617,1211.9520874023438,473.9485778808594,1153.4300537109375,441.1065979003906,1270.47412109375,506.7905578613281
158,6.32,1,2,car,0.5871886610984802,1407.9370727539062,473.8757629394531,1306.59130859375,416.15167236328125,1509.2828369140625,531.599853515625
158,6.32,4,2,car,0.532991349697113,551.1270751953125,374.56590270996094,387.28411865234375,239.170166015625,714.9700317382812,509.9616394042969
159,6.36,1,2,car,0.6372510194778442,1408.0068969726562,473.6932830810547,1306.8043212890625,416.2779235839844,1509.20947265625,531.108642578125
159,6.36,4,2,car,0.587867796421051,565.2050170898438,375.0668411254883,411.6947021484375,239.2275848388672,718.71533203125,510.9060974121094
160,6.4,1,2,car,0.6520591974258423,1408.083740234375,472.9986572265625,1307.2625732421875,415.3089599609375,1508.9049072265625,530.6883544921875
160,6.4,4,2,car,0.6456956267356873,578.3733978271484,374.5652542114258,432.9179992675781,239.3467254638672,723.8287963867188,509.7837829589844
160,6.4,3,2,car,0.35838252305984497,812.2422790527344,465.03126525878906,737.5386962890625,417.4102478027344,886.9458618164062,512.6522827148438
161,6.44,1,2,car,0.6213184595108032,1408.1964111328125,474.3041229248047,1307.5198974609375,417.8760681152344,1508.8729248046875,530.732177734375
161,6.44,4,2,car,0.591290295124054,595.7672424316406,376.9348449707031,466.6058349609375,241.392578125,724.9286499023438,512.4771118164062
161,6.44,3,2,car,0.42289257049560547,819.1552734375,464.2325439453125,748.14697265625,417.6007080078125,890.16357421875,510.8643798828125
161,6.44,5,2,car,0.3528975248336792,1218.4599609375,473.2855529785156,1160.2086181640625,436.32269287109375,1276.7113037109375,510.2484130859375
162,6.48,1,2,car,0.6229814887046814,1410.6126708984375,473.9180145263672,1310.751708984375,417.3201599121094,1510.4736328125,530.515869140625
162,6.48,4,2,car,0.5496426820755005,608.1210021972656,375.85327911376953,492.21844482421875,240.4766387939453,724.0235595703125,511.22991943359375
162,6.48,3,2,car,0.4306948781013489,819.4605102539062,464.14576721191406,750.7285766601562,418.0040588378906,888.1924438476562,510.2874755859375
162,6.48,5,2,car,0.36085745692253113,1218.589111328125,473.72991943359375,1161.34130859375,436.8980712890625,1275.8369140625,510.561767578125
163,6.52,4,2,car,0.6816789507865906,623.8322143554688,377.7046585083008,520.652587890625,243.5375213623047,727.0118408203125,511.8717956542969
163,6.52,1,2,car,0.6280303001403809,1411.1791381835938,473.9744567871094,1311.3714599609375,418.60455322265625,1510.98681640625,529.3443603515625
163,6.52,3,2,car,0.46161213517189026,817.5689392089844,463.86268615722656,751.7832641601562,416.93280029296875,883.3546142578125,510.7925720214844
163,6.52,5,2,car,0.3592767119407654,1219.6019287109375,473.65814208984375,1161.1463623046875,435.9571838378906,1278.0574951171875,511.3591003417969
164,6.56,4,2,car,0.7423850893974304,634.3205871582031,379.8190460205078,538.8168334960938,249.43869018554688,729.8243408203125,510.19940185546875
164,6.56,1,2,car,0.6415238380432129,1410.086669921875,471.47430419921875,1309.7510986328125,414.42034912109375,1510.4222412109375,528.5282592773438
164,6.56,3,2,car,0.3902161419391632,815.9351501464844,463.7564392089844,749.330322265625,416.5188903808594,882.5399780273438,510.9939880371094
164,6.56,5,2,car,0.35139405727386475,1219.294189453125,474.0572204589844,1161.7467041015625,437.4491271972656,1276.8416748046875,510.6653137207031
165,6.6,4,2,car,0.7284703254699707,649.4476013183594,379.7964401245117,563.0907592773438,249.5969696044922,735.804443359375,509.99591064453125
165,6.6,1,2,car,0.572102427482605,1409.0128784179688,471.1921081542969,1307.93994140625,413.12396240234375,1510.0858154296875,529.26025390625
165,6.6,3,2,car,0.35007795691490173,798.6086120605469,467.7305145263672,725.1316528320312,425.0039978027344,872.0855712890625,510.45703125
166,6.64,1,2,car,0.5679017305374146,1408.5569458007812,472.5516357421875,1307.105712890625,416.315185546875,1510.0081787109375,528.7880859375
167,6.68,1,2,car,0.5722528696060181,1408.3972778320312,473.12164306640625,1307.1474609375,417.1666259765625,1509.6470947265625,529.07666015625
168,6.72,1,2,car,0.5688185095787048,1408.9991455078125,476.11199951171875,1308.0955810546875,422.86553955078125,1509.9027099609375,529.3584594726562
168,6.72,4,2,car,0.47525477409362793,335.1212463378906,305.3381881713867,4.134521484375,7.1092987060546875,666.1079711914062,603.5670776367188
169,6.76,1,2,car,0.5856733918190002,1408.157958984375,474.5511779785156,1306.587890625,418.70611572265625,1509.72802734375,530.396240234375
169,6.76,4,2,car,0.4661252498626709,348.51869201660156,307.1436767578125,3.101348876953125,6.9100341796875,693.93603515625,607.3773193359375
170,6.8,1,2,car,0.5771604180335999,1409.1384887695312,474.85874938964844,1307.56494140625,420.5711975097656,1510.7120361328125,529.1463012695312
171,6.84,1,2,car,0.5443224906921387,1407.7452392578125,474.0023193359375,1305.422607421875,418.88726806640625,1510.06787109375,529.1173706054688
172,6.88,1,2,car,0.5730237364768982,1408.4658813476562,474.1600341796875,1306.602294921875,418.8958740234375,1510.3294677734375,529.4241943359375
173,6.92,1,2,car,0.5792987942695618,1407.916748046875,473.2006530761719,1306.02978515625,416.8751220703125,1509.8037109375,529.5261840820312
174,6.96,1,2,car,0.61183762550354,1409.5264282226562,474.8125915527344,1308.494140625,420.36834716796875,1510.5587158203125,529.2568359375
174,6.96,4,2,car,0.5744355916976929,383.1325378417969,303.67669677734375,1.2015380859375,6.2515869140625,765.0635375976562,601.101806640625
175,7.0,4,2,car,0.7397462725639343,392.83937072753906,301.89097595214844,1.134796142578125,5.686065673828125,784.5439453125,598.0958862304688
175,7.0,1,2,car,0.634964108467102,1411.735107421875,475.3592834472656,1313.1756591796875,420.54931640625,1510.2945556640625,530.1692504882812
176,7.04,4,2,car,0.6669551134109497,399.24513244628906,300.34722900390625,1.152557373046875,5.84564208984375,797.3377075195312,594.8488159179688
176,7.04,1,2,car,0.6075071692466736,1413.0590209960938,475.91847229003906,1316.369384765625,421.5885314941406,1509.7486572265625,530.2484130859375
177,7.08,1,2,car,0.5701031684875488,1412.6392822265625,474.935302734375,1315.3648681640625,419.57867431640625,1509.9136962890625,530.2919311523438
177,7.08,4,2,car,0.4704011380672455,403.3040771484375,301.67330169677734,2.3931884765625,5.7281341552734375,804.2149658203125,597.6184692382812
178,7.12,4,2,car,0.6803759336471558,414.44256591796875,299.7623291015625,1.8197021484375,6.33270263671875,827.0654296875,593.1919555664062
178,7.12,1,2,car,0.5951756238937378,1414.884765625,474.98094177246094,1318.0374755859375,420.4655456542969,1511.7320556640625,529.496337890625
179,7.16,1,2,car,0.5746666193008423,1415.1612548828125,475.2962341308594,1319.510009765625,420.92889404296875,1510.8125,529.66357421875
179,7.16,4,2,car,0.42424845695495605,420.18016052246094,298.091796875,3.252593994140625,6.66412353515625,837.1077270507812,589.5194702148438
180,7.2,1,2,car,0.5230869650840759,1416.1334838867188,473.16566467285156,1320.976318359375,417.7381896972656,1511.2906494140625,528.5931396484375
181,7.24,1,2,car,0.490707129240036,1415.6453857421875,472.8038330078125,1320.632080078125,415.93994140625,1510.65869140625,529.667724609375
182,7.28,1,2,car,0.5184279084205627,1414.64697265625,471.76234436035156,1319.372802734375,413.6399230957031,1509.921142578125,529.884765625
182,7.28,4,2,car,0.3818102478981018,441.05812072753906,295.74989318847656,2.736419677734375,6.902435302734375,879.3798217773438,584.5973510742188
183,7.32,1,2,car,0.5416415929794312,1415.2161865234375,472.7653503417969,1319.8912353515625,415.6077880859375,1510.5411376953125,529.9229125976562
184,7.36,1,2,car,0.5956904888153076,1414.8938598632812,472.4177703857422,1319.4686279296875,415.1860656738281,1510.319091796875,529.6494750976562
185,7.4,1,2,car,0.588726818561554,1414.5042114257812,472.0288543701172,1319.5938720703125,414.0024108886719,1509.41455078125,530.0552978515625
186,7.44,1,2,car,0.5311687588691711,1414.6301879882812,472.40460205078125,1321.0341796875,414.78076171875,1508.2261962890625,530.0284423828125
187,7.48,1,2,car,0.5580243468284607,1414.1153564453125,472.8739776611328,1320.1588134765625,415.4526672363281,1508.0718994140625,530.2952880859375
187,7.48,4,2,car,0.5365687608718872,472.35035705566406,293.08695220947266,0.498138427734375,7.8938140869140625,944.2025756835938,578.2800903320312
188,7.52,1,2,car,0.5756815671920776,1414.5369262695312,473.4276885986328,1321.4080810546875,416.5805358886719,1507.665771484375,530.2748413085938
188,7.52,4,2,car,0.38808637857437134,475.44580078125,293.08428955078125,2.04949951171875,7.286865234375,948.8421020507812,578.8817138671875
189,7.56,1,2,car,0.5742259621620178,1413.2330322265625,472.51866149902344,1320.047119140625,415.0129699707031,1506.4189453125,530.0243530273438
189,7.56,4,2,car,0.4444679021835327,480.39024353027344,292.4486770629883,1.425018310546875,8.616531372070312,959.35546875,576.2808227539062
190,7.6,1,2,car,0.5930011868476868,1414.10205078125,473.36627197265625,1321.7821044921875,416.5733642578125,1506.4219970703125,530.1591796875
190,7.6,4,2,car,0.501495361328125,486.59197998046875,291.5926742553711,1.88360595703125,9.705917358398438,971.3003540039062,573.4794311523438
191,7.64,1,2,car,0.6239008903503418,1415.2034912109375,474.13580322265625,1323.904541015625,418.213623046875,1506.50244140625,530.0579833984375
192,7.68,1,2,car,0.624279260635376,1415.2227783203125,474.439453125,1323.8065185546875,418.77154541015625,1506.6390380859375,530.1073608398438
193,7.72,1,2,car,0.6171820759773254,1414.4195556640625,473.4917755126953,1322.3131103515625,417.5851135253906,1506.5260009765625,529.3984375
194,7.76,1,2,car,0.6277696490287781,1415.239990234375,472.77464294433594,1323.1971435546875,416.2561340332031,1507.2828369140625,529.2931518554688
195,7.8,1,2,car,0.6514483690261841,1415.3045654296875,472.83277893066406,1322.892333984375,416.3866882324219,1507.716796875,529.2788696289062
196,7.84,1,2,car,0.6545819640159607,1414.182861328125,472.9355163574219,1321.2974853515625,416.61932373046875,1507.0682373046875,529.251708984375
197,7.88,1,2,car,0.6484351754188538,1414.486572265625,472.8500061035156,1322.381591796875,416.196533203125,1506.591552734375,529.5034790039062
197,7.88,4,2,car,0.35313698649406433,518.1400146484375,287.9726333618164,1.5369873046875,5.3330841064453125,1034.7430419921875,570.6121826171875
198,7.92,1,2,car,0.5545607805252075,1416.0350952148438,473.6624755859375,1323.5208740234375,418.3326416015625,1508.54931640625,528.9923095703125
199,7.96,1,2,car,0.6071517467498779,1417.557373046875,473.29737854003906,1326.998291015625,418.0091857910156,1508.116455078125,528.5855712890625
200,8.0,1,2,car,0.5970481634140015,1417.039794921875,473.5413818359375,1326.4864501953125,418.56805419921875,1507.5931396484375,528.5147094726562
201,8.04,1,2,car,0.6393818259239197,1417.345458984375,472.5747985839844,1326.112060546875,416.703369140625,1508.578857421875,528.4462280273438
201,8.04,4,2,car,0.38600441813468933,534.7184906005859,284.3701477050781,7.192840576171875,4.8848876953125,1062.244140625,563.8554077148438
202,8.08,1,2,car,0.5567702651023865,1417.6632690429688,472.7744598388672,1327.520263671875,416.2971496582031,1507.8062744140625,529.2517700195312
202,8.08,4,2,car,0.40378299355506897,539.4762725830078,285.13671112060547,13.489288330078125,5.4457855224609375,1065.4632568359375,564.82763671875
203,8.12,1,2,car,0.6095908880233765,1416.5216674804688,473.4617614746094,1325.8883056640625,417.53192138671875,1507.155029296875,529.3916015625
203,8.12,4,2,car,0.37141144275665283,547.7539825439453,284.717041015625,19.187896728515625,3.7884521484375,1076.320068359375,565.6456298828125
204,8.16,1,2,car,0.632617175579071,1417.8274536132812,472.6959991455078,1329.01171875,416.3337707519531,1506.6431884765625,529.0582275390625
204,8.16,4,2,car,0.4269922971725464,566.3569946289062,287.02323150634766,53.2738037109375,10.507644653320312,1079.440185546875,563.538818359375
205,8.2,1,2,car,0.6452621221542358,1418.7416381835938,472.4455261230469,1329.2958984375,416.29998779296875,1508.1873779296875,528.591064453125
205,8.2,4,2,car,0.35516658425331116,581.2103576660156,285.5240936279297,80.84527587890625,7.744171142578125,1081.575439453125,563.3040161132812
206,8.24,1,2,car,0.6643393039703369,1418.4940795898438,473.1940460205078,1329.234375,417.9179992675781,1507.7537841796875,528.4700927734375
206,8.24,4,2,car,0.4843641519546509,601.3853454589844,292.15928649902344,116.39703369140625,26.257965087890625,1086.3736572265625,558.0606079101562
207,8.28,1,2,car,0.6394463777542114,1417.9557495117188,473.3849334716797,1329.330322265625,417.6325378417969,1506.5811767578125,529.1373291015625
208,8.32,1,2,car,0.6792820692062378,1418.3063354492188,473.36131286621094,1330.6524658203125,417.3413391113281,1505.960205078125,529.3812866210938
208,8.32,4,2,car,0.46421030163764954,629.061279296875,296.16957092285156,160.0902099609375,41.019012451171875,1098.0323486328125,551.3201293945312
209,8.36,1,2,car,0.6803253293037415,1417.014892578125,472.77613830566406,1329.14501953125,416.2278747558594,1504.884765625,529.3244018554688
209,8.36,4,2,car,0.38889485597610474,643.0735015869141,287.12113189697266,177.66897583007812,18.248794555664062,1108.47802734375,555.9934692382812
210,8.4,1,2,car,0.6716300845146179,1417.5628051757812,472.7125701904297,1329.4566650390625,415.9375305175781,1505.6689453125,529.4876098632812
210,8.4,4,2,car,0.5246351361274719,652.8790740966797,293.48963165283203,201.08102416992188,36.33522033691406,1104.6771240234375,550.64404296875
210,8.4,8,2,car,0.4541837275028229,1226.1756591796875,481.6900939941406,1173.85107421875,450.03076171875,1278.500244140625,513.3494262695312
211,8.44,1,2,car,0.6386568546295166,1417.9304809570312,472.43736267089844,1329.500244140625,415.0666809082031,1506.3607177734375,529.8080444335938
211,8.44,4,2,car,0.5284478664398193,668.6146545410156,288.00157928466797,219.32464599609375,29.747726440429688,1117.9046630859375,546.2554321289062
211,8.44,8,2,car,0.5161587595939636,1225.8716430664062,483.0676574707031,1172.904541015625,451.6153564453125,1278.8387451171875,514.5199584960938
212,8.48,1,2,car,0.6711607575416565,1417.2176513671875,472.8781280517578,1328.1434326171875,416.3864440917969,1506.2918701171875,529.3698120117188
212,8.48,8,2,car,0.5332826375961304,1225.4503173828125,483.3455505371094,1172.2314453125,452.26202392578125,1278.669189453125,514.4290771484375
212,8.48,4,2,car,0.41386714577674866,681.0942993164062,304.8403854370117,235.150634765625,61.48246765136719,1127.0379638671875,548.1983032226562
213,8.52,1,2,car,0.6303189396858215,1419.3229370117188,472.46070861816406,1330.849853515625,415.4473571777344,1507.7960205078125,529.4740600585938
213,8.52,8,2,car,0.5454588532447815,1226.8838500976562,483.25917053222656,1174.343505859375,451.5775451660156,1279.4241943359375,514.9407958984375
213,8.52,4,2,car,0.41970714926719666,697.2646484375,300.602783203125,257.59423828125,47.066162109375,1136.93505859375,554.139404296875
214,8.56,1,2,car,0.6415199041366577,1417.728515625,471.9497985839844,1328.4931640625,414.662841796875,1506.9638671875,529.2367553710938
214,8.56,8,2,car,0.5621784329414368,1226.192138671875,483.116943359375,1173.4105224609375,451.1158447265625,1278.9737548828125,515.1180419921875
214,8.56,4,2,car,0.4168861508369446,706.9073791503906,280.94913482666016,266.67425537109375,11.717056274414062,1147.1405029296875,550.1812133789062
215,8.6,1,2,car,0.6743898391723633,1419.6586303710938,472.23997497558594,1330.959228515625,415.2043762207031,1508.3580322265625,529.2755737304688
215,8.6,8,2,car,0.6352786421775818,1226.1250610351562,483.4935607910156,1173.62890625,452.036865234375,1278.6212158203125,514.9502563476562
215,8.6,4,2,car,0.46543088555336,712.8829650878906,280.1367492675781,274.30096435546875,8.13720703125,1151.4649658203125,552.1362915039062
216,8.64,1,2,car,0.6536295413970947,1420.6430053710938,472.6014709472656,1333.1671142578125,415.36572265625,1508.118896484375,529.8372192382812
216,8.64,8,2,car,0.6158537268638611,1226.2880249023438,484.5171813964844,1175.169677734375,453.2271728515625,1277.4063720703125,515.8071899414062
217,8.68,1,2,car,0.6482990384101868,1420.1732788085938,472.3411560058594,1331.2783203125,415.1531982421875,1509.0682373046875,529.5291137695312
217,8.68,8,2,car,0.6204054951667786,1227.501953125,484.1152038574219,1175.76953125,452.4708251953125,1279.234375,515.7595825195312
218,8.72,1,2,car,0.6409651041030884,1420.6250610351562,471.6610870361328,1331.6158447265625,415.0834655761719,1509.63427734375,528.2387084960938
218,8.72,8,2,car,0.6076595187187195,1229.2860107421875,482.50111389160156,1179.4512939453125,450.0982360839844,1279.1207275390625,514.9039916992188
219,8.76,1,2,car,0.655811607837677,1421.3262329101562,471.9259033203125,1332.48095703125,415.4505615234375,1510.1715087890625,528.4012451171875
219,8.76,8,2,car,0.6429992318153381,1226.84765625,481.5209503173828,1176.3193359375,447.9831848144531,1277.3759765625,515.0587158203125
219,8.76,4,2,car,0.36219412088394165,763.2507629394531,300.9294204711914,358.12664794921875,53.21003723144531,1168.3748779296875,548.6488037109375
220,8.8,1,2,car,0.6212449073791504,1423.3123168945312,471.9143371582031,1336.855224609375,416.11578369140625,1509.7694091796875,527.712890625
220,8.8,8,2,car,0.6065340638160706,1227.8779907226562,481.0797119140625,1179.009521484375,448.5850830078125,1276.7464599609375,513.5743408203125
220,8.8,4,2,car,0.49345099925994873,769.3290557861328,283.053466796875,368.4158020019531,13.9075927734375,1170.2423095703125,552.1993408203125
221,8.84,1,2,car,0.5864391326904297,1423.9572143554688,472.0267639160156,1337.514404296875,416.06689453125,1510.4000244140625,527.9866333007812
221,8.84,8,2,car,0.5634084939956665,1227.25244140625,481.9105529785156,1177.8681640625,450.85748291015625,1276.63671875,512.963623046875
221,8.84,4,2,car,0.4614895284175873,782.6563110351562,284.7213363647461,390.0552978515625,18.731002807617188,1175.25732421875,550.711669921875
222,8.88,1,2,car,0.6033359169960022,1424.1417236328125,472.14686584472656,1337.7012939453125,416.4195861816406,1510.5821533203125,527.8741455078125
222,8.88,8,2,car,0.552519679069519,1225.7554931640625,481.9385223388672,1177.041259765625,450.2780456542969,1274.4697265625,513.5989990234375
222,8.88,4,2,car,0.5031551718711853,791.8222198486328,284.230224609375,402.4702453613281,21.031494140625,1181.1741943359375,547.428955078125
223,8.92,8,2,car,0.5884203910827637,1226.1381225585938,480.7065124511719,1177.223876953125,449.08172607421875,1275.0523681640625,512.331298828125
223,8.92,1,2,car,0.5713303089141846,1423.3961791992188,473.1534423828125,1338.0955810546875,417.01007080078125,1508.69677734375,529.2968139648438
223,8.92,4,2,car,0.3602565824985504,800.671142578125,318.30509185791016,415.2044677734375,89.58467102050781,1186.1378173828125,547.0255126953125
224,8.96,1,2,car,0.6143104434013367,1423.0142211914062,472.5363311767578,1336.12646484375,416.3030090332031,1509.9019775390625,528.7696533203125
224,8.96,8,2,car,0.5799118876457214,1226.5537719726562,479.0033874511719,1178.874755859375,447.9638977050781,1274.2327880859375,510.0428771972656
225,9.0,1,2,car,0.6497654318809509,1423.9220581054688,471.8529052734375,1336.26416015625,414.81097412109375,1511.5799560546875,528.8948364257812
225,9.0,8,2,car,0.5166835188865662,1227.572021484375,478.9877014160156,1181.59423828125,449.48162841796875,1273.5498046875,508.4937744140625
226,9.04,1,2,car,0.672128438949585,1422.85888671875,471.94049072265625,1334.4976806640625,415.04620361328125,1511.2200927734375,528.8347778320312
226,9.04,8,2,car,0.5158371329307556,1230.5081176757812,477.84690856933594,1184.3580322265625,447.3848876953125,1276.658203125,508.3089294433594
226,9.04,4,2,car,0.37865665555000305,824.0902709960938,299.6114730834961,451.113037109375,50.68803405761719,1197.0675048828125,548.534912109375
227,9.08,1,2,car,0.6578014492988586,1422.9552001953125,472.13401794433594,1335.70654296875,415.3153381347656,1510.203857421875,528.9526977539062
227,9.08,8,2,car,0.48909100890159607,1230.7363891601562,477.4817810058594,1188.56005859375,447.8844299316406,1272.9127197265625,507.0791320800781
227,9.08,4,2,car,0.4614853262901306,371.5762481689453,464.78041076660156,294.768310546875,438.87890625,448.3841857910156,490.6819152832031
228,9.12,4,2,car,0.49863865971565247,373.36952209472656,464.6829528808594,296.58868408203125,438.24993896484375,450.1503601074219,491.115966796875
228,9.12,1,2,car,0.48514407873153687,1423.3436279296875,471.2156066894531,1336.5791015625,413.9263916015625,1510.108154296875,528.5048217773438
228,9.12,8,2,car,0.4382246136665344,1234.3164672851562,476.1341857910156,1193.7227783203125,444.1484069824219,1274.91015625,508.1199645996094
229,9.16,1,2,car,0.5597330331802368,1422.2698364257812,472.382568359375,1336.483642578125,415.89532470703125,1508.0560302734375,528.8698120117188
229,9.16,4,2,car,0.5068541765213013,377.81787109375,466.1450500488281,300.078857421875,440.1816101074219,455.556884765625,492.1084899902344
230,9.2,1,2,car,0.5730717778205872,1423.4151611328125,474.07958984375,1341.7098388671875,419.65496826171875,1505.1204833984375,528.5042114257812
230,9.2,4,2,car,0.4215332567691803,376.3754425048828,465.10780334472656,297.99151611328125,438.18878173828125,454.7593688964844,492.0268249511719
231,9.24,1,2,car,0.5783823728561401,1424.6791381835938,472.3570861816406,1340.8294677734375,416.75848388671875,1508.52880859375,527.9556884765625
231,9.24,4,2,car,0.44306498765945435,377.9131164550781,464.29046630859375,300.3948669433594,437.0169982910156,455.4313659667969,491.5639343261719
231,9.24,8,2,car,0.4216361343860626,1241.022705078125,474.34149169921875,1205.376708984375,440.8746643066406,1276.668701171875,507.8083190917969
232,9.28,1,2,car,0.5616480708122253,1424.1735229492188,473.4349670410156,1342.1419677734375,419.5572509765625,1506.205078125,527.3126831054688
232,9.28,4,2,car,0.5307112336158752,381.5385437011719,464.9138488769531,304.61090087890625,438.2337341308594,458.4661865234375,491.5939636230469
232,9.28,8,2,car,0.38681507110595703,1242.3524780273438,471.3124694824219,1209.4002685546875,435.8518981933594,1275.3046875,506.7730407714844
233,9.32,1,2,car,0.5217832326889038,1424.5156860351562,472.20555114746094,1340.0899658203125,416.4575500488281,1508.94140625,527.9535522460938
233,9.32,4,2,car,0.5195339918136597,383.23545837402344,464.56837463378906,305.3688659667969,437.4013366699219,461.10205078125,491.73541259765625
233,9.32,8,2,car,0.44265201687812805,1244.1974487304688,474.18328857421875,1212.3438720703125,439.4283142089844,1276.051025390625,508.9382629394531
234,9.36,1,2,car,0.5356722474098206,1426.7642211914062,473.2348937988281,1344.687744140625,418.94732666015625,1508.8406982421875,527.5224609375
234,9.36,4,2,car,0.4933888018131256,381.9750213623047,465.5156555175781,307.4151611328125,439.5257568359375,456.5348815917969,491.50555419921875
234,9.36,8,2,car,0.4270593822002411,1246.0130615234375,474.0673828125,1216.2918701171875,437.87493896484375,1275.7342529296875,510.25982666015625
234,9.36,9,7,truck,0.4071676433086395,887.7837219238281,315.0320358276367,551.6438598632812,83.97184753417969,1223.923583984375,546.0922241210938
235,9.4,1,2,car,0.5482629537582397,1426.570556640625,472.13331604003906,1343.071044921875,416.6300354003906,1510.070068359375,527.6365966796875
235,9.4,4,2,car,0.45850902795791626,383.22300720214844,465.5520935058594,310.3286437988281,439.7461242675781,456.11737060546875,491.3580627441406
235,9.4,8,2,car,0.3927987515926361,1248.2844848632812,474.1788787841797,1219.445068359375,436.8326416015625,1277.1239013671875,511.5251159667969
235,9.4,9,7,truck,0.36977657675743103,893.4808654785156,315.7884521484375,561.1607055664062,85.67230224609375,1225.801025390625,545.9046020507812
236,9.44,1,2,car,0.5350971817970276,1427.14501953125,473.02174377441406,1345.859375,418.1730651855469,1508.4306640625,527.8704223632812
236,9.44,4,2,car,0.47976619005203247,387.4943389892578,465.819580078125,309.96405029296875,440.313720703125,465.0246276855469,491.325439453125
236,9.44,8,2,car,0.38947173953056335,1250.5430908203125,475.9805145263672,1223.736083984375,440.66802978515625,1277.35009765625,511.2929992675781
237,9.48,1,2,car,0.5984060764312744,1425.6287231445312,472.0532531738281,1341.2781982421875,416.80108642578125,1509.979248046875,527.305419921875
237,9.48,4,2,car,0.5000852346420288,391.67457580566406,466.758544921875,312.4876403808594,441.3547668457031,470.86151123046875,492.1623229980469
238,9.52,1,2,car,0.5516921877861023,1425.7691650390625,472.23805236816406,1340.84521484375,417.6189880371094,1510.693115234375,526.8571166992188
238,9.52,4,2,car,0.5307402610778809,392.74822998046875,466.67431640625,314.75445556640625,441.2613830566406,470.74200439453125,492.0872497558594
239,9.56,1,2,car,0.5761544704437256,1427.215576171875,472.42437744140625,1345.2264404296875,418.20263671875,1509.2047119140625,526.6461181640625
239,9.56,4,2,car,0.4765366315841675,392.8172607421875,466.7214660644531,316.28741455078125,441.5794372558594,469.34710693359375,491.8634948730469
240,9.6,1,2,car,0.5561718940734863,1427.5271606445312,473.88372802734375,1345.234619140625,421.44781494140625,1509.8197021484375,526.3196411132812
240,9.6,4,2,car,0.5165579915046692,395.0771942138672,467.06964111328125,318.2443542480469,442.00799560546875,471.9100341796875,492.13128662109375
241,9.64,1,2,car,0.5512081980705261,1428.0280151367188,472.4894104003906,1341.829833984375,417.834228515625,1514.2261962890625,527.1445922851562
241,9.64,4,2,car,0.4817323684692383,394.93231201171875,466.480224609375,319.0263977050781,441.3665771484375,470.8382263183594,491.5938720703125
242,9.68,1,2,car,0.5451736450195312,1428.7369995117188,472.7824249267578,1346.0057373046875,418.8038635253906,1511.46826171875,526.760986328125
242,9.68,4,2,car,0.43520036339759827,398.67694091796875,466.4332580566406,323.254150390625,441.30413818359375,474.0997314453125,491.5623779296875
243,9.72,1,2,car,0.5475610494613647,1429.4848022460938,473.2973175048828,1346.021484375,419.1578063964844,1512.9481201171875,527.4368286132812
243,9.72,4,2,car,0.3978399336338043,398.90953063964844,466.31524658203125,322.2015686035156,441.51947021484375,475.61749267578125,491.11102294921875
244,9.76,1,2,car,0.5637614727020264,1428.4749145507812,473.0340118408203,1343.925048828125,418.1765441894531,1513.0247802734375,527.8914794921875
244,9.76,4,2,car,0.47216713428497314,399.99815368652344,465.79920959472656,324.17962646484375,439.82940673828125,475.8166809082031,491.7690124511719
244,9.76,9,7,truck,0.36892378330230713,951.2151794433594,331.584716796875,642.5420532226562,115.7325439453125,1259.8883056640625,547.4368896484375
245,9.8,1,2,car,0.654798686504364,1430.521240234375,472.3829040527344,1344.3558349609375,417.15582275390625,1516.6866455078125,527.6099853515625
245,9.8,4,2,car,0.49167004227638245,403.400390625,463.41558837890625,326.5096435546875,435.8317565917969,480.2911376953125,490.9994201660156
246,9.84,1,2,car,0.6345227956771851,1430.030029296875,472.974609375,1346.9876708984375,418.106689453125,1513.0723876953125,527.842529296875
246,9.84,4,2,car,0.46345916390419006,404.9775085449219,463.9168395996094,328.63580322265625,437.0841979980469,481.3192138671875,490.7494812011719
247,9.88,1,2,car,0.6171079874038696,1429.9044189453125,472.79881286621094,1345.7440185546875,417.9128723144531,1514.0648193359375,527.6847534179688
247,9.88,4,2,car,0.5295799374580383,406.98358154296875,462.9667053222656,331.3210144042969,434.0841064453125,482.6461486816406,491.84930419921875
248,9.92,1,2,car,0.6399837136268616,1429.5897216796875,472.238037109375,1346.2998046875,417.35498046875,1512.879638671875,527.12109375
248,9.92,4,2,car,0.5373575687408447,407.66986083984375,465.8451232910156,334.5374450683594,440.1572570800781,480.8022766113281,491.5329895019531
249,9.96,1,2,car,0.6812276840209961,1431.21923828125,471.69395446777344,1348.5184326171875,416.1883850097656,1513.9200439453125,527.1995239257812
249,9.96,4,2,car,0.5326809287071228,409.58917236328125,465.90179443359375,335.12274169921875,439.7432556152344,484.05560302734375,492.0603332519531
250,10.0,1,2,car,0.6861834526062012,1432.2064208984375,471.6417694091797,1350.30810546875,416.3674621582031,1514.104736328125,526.9160766601562
250,10.0,4,2,car,0.5613242983818054,411.8311004638672,467.2711486816406,334.59564208984375,441.36273193359375,489.0665588378906,493.1795654296875
250,10.0,10,2,car,0.4308057725429535,22.649681568145752,440.6025695800781,0.32131290435791016,396.84942626953125,44.978050231933594,484.355712890625
251,10.04,1,2,car,0.6510966420173645,1432.5672607421875,472.4210662841797,1349.73779296875,416.8849182128906,1515.396728515625,527.9572143554688
251,10.04,10,2,car,0.5002936124801636,24.19838809967041,442.9878845214844,0.2991313934326172,401.1255798339844,48.0976448059082,484.8501892089844
251,10.04,4,2,car,0.43586620688438416,415.590087890625,466.0681457519531,338.51788330078125,440.6745300292969,492.66229248046875,491.4617614746094
252,10.08,1,2,car,0.7022155523300171,1431.8568115234375,471.8453826904297,1348.462646484375,416.2997131347656,1515.2509765625,527.3910522460938
252,10.08,10,2,car,0.590127170085907,27.16533851623535,442.3036193847656,0.3030738830566406,399.43450927734375,54.02760314941406,485.1727294921875
252,10.08,4,2,car,0.39199021458625793,418.2645568847656,464.8158874511719,339.90850830078125,437.8377685546875,496.62060546875,491.79400634765625
253,10.12,1,2,car,0.650897204875946,1432.942138671875,472.6853332519531,1349.96533203125,417.234130859375,1515.9189453125,528.1365356445312
253,10.12,10,2,car,0.4693343937397003,27.866354942321777,438.4307098388672,0.28679466247558594,391.57781982421875,55.44591522216797,485.2835998535156
253,10.12,4,2,car,0.41130030155181885,418.3125457763672,464.0738067626953,339.1828308105469,436.3222961425781,497.4422607421875,491.8253173828125
254,10.16,1,2,car,0.6609294414520264,1434.1332397460938,473.5968322753906,1351.9000244140625,417.71942138671875,1516.366455078125,529.4742431640625
254,10.16,10,2,car,0.5573388338088989,29.619784355163574,439.2961120605469,0.49538612365722656,394.6282653808594,58.74418258666992,483.9639587402344
254,10.16,4,2,car,0.4083792567253113,420.1897888183594,451.998046875,339.5622253417969,411.15838623046875,500.8173522949219,492.83770751953125
254,10.16,9,7,truck,0.35913005471229553,682.3722534179688,407.3744201660156,614.9998779296875,305.89434814453125,749.74462890625,508.8544921875
255,10.2,1,2,car,0.7000854015350342,1433.7549438476562,472.8937530517578,1350.84716796875,417.0456848144531,1516.6627197265625,528.7418212890625
255,10.2,10,2,car,0.655816376209259,32.188313484191895,436.1712341308594,0.39212608337402344,388.2865905761719,63.984500885009766,484.0558776855469
255,10.2,4,2,car,0.42427149415016174,422.5818786621094,453.3667449951172,342.63043212890625,414.018798828125,502.5333251953125,492.7146911621094
255,10.2,9,7,truck,0.4066426157951355,685.3705139160156,406.5506134033203,613.309814453125,305.6756896972656,757.4312133789062,507.425537109375
256,10.24,1,2,car,0.6677650809288025,1434.0014038085938,472.7245330810547,1350.994384765625,416.9477233886719,1517.0084228515625,528.5013427734375
256,10.24,10,2,car,0.5058825612068176,32.57632350921631,436.39892578125,0.3816661834716797,390.1051940917969,64.77098083496094,482.6926574707031
256,10.24,9,7,truck,0.4850598871707916,1013.7479858398438,349.46504974365234,733.686279296875,156.41917419433594,1293.8096923828125,542.5109252929688
256,10.24,4,2,car,0.4747825860977173,445.92189025878906,420.2190856933594,340.8127746582031,347.8146057128906,551.031005859375,492.6235656738281
256,10.24,11,2,car,0.3859434425830841,1615.0396728515625,448.3485565185547,1595.9344482421875,418.7585754394531,1634.1448974609375,477.93853759765625
256,10.24,12,7,truck,0.3740682005882263,688.5717163085938,407.16123962402344,614.3309936523438,305.570068359375,762.8124389648438,508.7524108886719
257,10.28,1,2,car,0.7036528587341309,1435.3397216796875,472.9166564941406,1353.6116943359375,416.78485107421875,1517.0677490234375,529.0484619140625
257,10.28,10,2,car,0.5850227475166321,34.81798839569092,439.3863830566406,0.4226360321044922,396.2478332519531,69.21334075927734,482.5249328613281
257,10.28,4,2,car,0.4958789646625519,447.92860412597656,421.9324951171875,344.0386047363281,351.1059265136719,551.818603515625,492.7590637207031
257,10.28,9,7,truck,0.4703809320926666,1020.2159423828125,349.4752731323242,740.5352783203125,156.34873962402344,1299.8966064453125,542.601806640625
257,10.28,12,7,truck,0.4060598313808441,697.1961669921875,407.08473205566406,626.015625,305.5215148925781,768.376708984375,508.64794921875
257,10.28,11,2,car,0.3876727819442749,1614.9605102539062,448.94879150390625,1596.4271240234375,419.24322509765625,1633.493896484375,478.65435791015625
258,10.32,1,2,car,0.6340746283531189,1436.2686767578125,473.10780334472656,1355.56787109375,417.6733703613281,1516.969482421875,528.542236328125
258,10.32,10,2,car,0.6136675477027893,35.979257583618164,445.3537902832031,0.3918800354003906,407.05316162109375,71.56663513183594,483.6544189453125
258,10.32,12,7,truck,0.4273127317428589,704.814208984375,408.3745880126953,628.3310546875,306.17724609375,781.29736328125,510.5719299316406
258,10.32,11,2,car,0.3589279353618622,1614.7606201171875,448.7215576171875,1596.1768798828125,419.1219177246094,1633.3443603515625,478.3211975097656
259,10.36,10,2,car,0.6892408132553101,36.42882442474365,445.8300323486328,0.4430065155029297,407.65533447265625,72.41464233398438,484.0047302246094
259,10.36,1,2,car,0.6514663100242615,1436.6004028320312,472.33070373535156,1355.218994140625,416.4408874511719,1517.9818115234375,528.2205200195312
259,10.36,12,7,truck,0.48335155844688416,709.8324890136719,407.75201416015625,633.8577270507812,306.1220703125,785.8072509765625,509.3819580078125
259,10.36,11,2,car,0.3935525417327881,1614.6400756835938,448.4958801269531,1596.1942138671875,419.2775573730469,1633.0859375,477.7142028808594
260,10.4,1,2,car,0.6459126472473145,1435.4822387695312,472.37684631347656,1354.5040283203125,416.5617370605469,1516.46044921875,528.1919555664062
260,10.4,10,2,car,0.48688003420829773,39.001858711242676,440.08685302734375,0.41495704650878906,397.8760070800781,77.58876037597656,482.2976989746094
260,10.4,11,2,car,0.4756377637386322,1614.7254638671875,448.5534973144531,1596.640869140625,419.6559753417969,1632.81005859375,477.4510192871094
260,10.4,9,7,truck,0.37845247983932495,1036.3716125488281,354.4153137207031,769.4298706054688,167.2752685546875,1303.3133544921875,541.5553588867188
261,10.44,1,2,car,0.6606345772743225,1434.0594482421875,472.64463806152344,1353.3995361328125,416.6402893066406,1514.7193603515625,528.6489868164062
261,10.44,10,2,car,0.647081196308136,39.94983673095703,443.39344787597656,0.7369308471679688,403.1667785644531,79.1627426147461,483.6201171875
261,10.44,12,2,car,0.42363592982292175,718.1499938964844,408.4925537109375,638.1536865234375,307.17333984375,798.1463012695312,509.811767578125
261,10.44,11,2,car,0.40843743085861206,1615.0319213867188,448.318359375,1596.4608154296875,418.9981384277344,1633.60302734375,477.6385803222656
261,10.44,9,7,truck,0.3796374201774597,1037.883056640625,356.49790954589844,773.255859375,171.61276245117188,1302.51025390625,541.383056640625
262,10.48,1,2,car,0.6488146781921387,1433.6315307617188,472.5665588378906,1351.91357421875,416.34832763671875,1515.3494873046875,528.7847900390625
262,10.48,10,2,car,0.6057273745536804,41.19663715362549,443.4969177246094,0.5171756744384766,404.162109375,81.8760986328125,482.83172607421875
262,10.48,11,2,car,0.4571194350719452,1614.5016479492188,448.13507080078125,1595.93017578125,419.484375,1633.0731201171875,476.7857666015625
262,10.48,9,7,truck,0.3825499713420868,1045.5182800292969,358.1948547363281,785.5651245117188,175.31744384765625,1305.471435546875,541.072265625
262,10.48,12,2,car,0.3654295802116394,721.7328796386719,407.88636779785156,636.7330322265625,307.076904296875,806.7327270507812,508.6958312988281
263,10.52,1,2,car,0.6830703020095825,1433.6910400390625,472.7218780517578,1352.1142578125,416.8008728027344,1515.267822265625,528.6428833007812
263,10.52,10,2,car,0.5874106287956238,43.15222454071045,436.9911346435547,0.29027366638183594,391.1477966308594,86.01417541503906,482.83447265625
263,10.52,11,2,car,0.43534713983535767,1614.17724609375,448.42181396484375,1595.315185546875,419.0299072265625,1633.039306640625,477.813720703125
263,10.52,12,2,car,0.4148177206516266,726.2521667480469,407.1022186279297,639.7925415039062,306.95074462890625,812.7117919921875,507.2536926269531
264,10.56,1,2,car,0.7050408720970154,1433.542236328125,472.50437927246094,1353.0743408203125,417.2143249511719,1514.0101318359375,527.79443359375
264,10.56,12,2,car,0.5027546882629395,726.80859375,407.60035705566406,637.76513671875,307.43048095703125,815.85205078125,507.7702331542969
264,10.56,11,2,car,0.42349570989608765,1614.3892822265625,447.81298828125,1595.82421875,418.8586120605469,1632.954345703125,476.7673645019531
264,10.56,9,7,truck,0.38625091314315796,1056.0882263183594,365.01578521728516,801.0686645507812,188.6773223876953,1311.1077880859375,541.354248046875
265,10.6,1,2,car,0.7278291583061218,1433.9646606445312,472.8069610595703,1353.289306640625,417.6678771972656,1514.6400146484375,527.946044921875
265,10.6,12,2,car,0.4604322016239166,734.2709655761719,408.1319274902344,643.7823486328125,307.3019714355469,824.7595825195312,508.9618835449219
265,10.6,11,2,car,0.442724347114563,1614.0265502929688,448.0310974121094,1595.32763671875,419.56378173828125,1632.7254638671875,476.4984130859375
265,10.6,10,2,car,0.3678816854953766,45.379852294921875,440.1114807128906,1.0002593994140625,398.4987487792969,89.75944519042969,481.7242126464844
266,10.64,1,2,car,0.7197447419166565,1434.9821166992188,472.6366882324219,1355.2156982421875,416.98388671875,1514.74853515625,528.2894897460938
266,10.64,11,2,car,0.42594510316848755,1613.9512939453125,448.0740051269531,1595.3463134765625,419.329833984375,1632.5562744140625,476.81817626953125
267,10.68,1,2,car,0.7218923568725586,1434.158935546875,473.21095275878906,1355.46240234375,418.0538635253906,1512.85546875,528.3680419921875
267,10.68,11,2,car,0.43294405937194824,1613.8990478515625,447.48866271972656,1595.5537109375,419.38238525390625,1632.244384765625,475.5949401855469
268,10.72,1,2,car,0.6922864317893982,1434.8213500976562,473.03851318359375,1356.97216796875,418.3062744140625,1512.6705322265625,527.770751953125
268,10.72,10,2,car,0.538594663143158,51.324331283569336,447.1990661621094,4.542766571044922,409.46331787109375,98.10589599609375,484.934814453125
269,10.76,1,2,car,0.7310317754745483,1434.1337280273438,473.9316864013672,1355.46337890625,419.5388488769531,1512.8040771484375,528.3245239257812
269,10.76,10,2,car,0.4076186716556549,51.18300247192383,444.34629821777344,1.4063644409179688,404.7957458496094,100.95964050292969,483.8968505859375
269,10.76,9,7,truck,0.3737003803253174,1072.132080078125,365.335693359375,820.418212890625,188.53985595703125,1323.845947265625,542.1315307617188
270,10.8,1,2,car,0.6962740421295166,1435.9686889648438,473.6806945800781,1354.6630859375,418.9110107421875,1517.2742919921875,528.4503784179688
270,10.8,10,2,car,0.41813310980796814,61.364182472229004,446.6217803955078,21.564790725708008,409.4034423828125,101.16357421875,483.8401184082031
270,10.8,9,7,truck,0.40670642256736755,1078.2203674316406,367.5419387817383,828.6416625976562,192.87635803222656,1327.799072265625,542.20751953125
270,10.8,11,2,car,0.3946050703525543,1614.316162109375,447.83642578125,1596.0147705078125,419.4539794921875,1632.6175537109375,476.2188720703125
271,10.84,1,2,car,0.7051869034767151,1435.691162109375,473.7816467285156,1353.607177734375,417.80438232421875,1517.775146484375,529.7589111328125
271,10.84,10,2,car,0.5540051460266113,59.75737380981445,446.38671875,12.5650634765625,409.2774658203125,106.9496841430664,483.4959716796875
271,10.84,11,2,car,0.3672622740268707,1614.3005981445312,447.33851623535156,1596.5758056640625,419.9680480957031,1632.025390625,474.708984375
272,10.88,1,2,car,0.7005442380905151,1435.588623046875,474.00970458984375,1353.1197509765625,418.18853759765625,1518.0574951171875,529.8308715820312
272,10.88,10,2,car,0.46684733033180237,64.87191009521484,442.58270263671875,18.665771484375,402.50054931640625,111.07804870605469,482.66485595703125
272,10.88,9,7,truck,0.410066157579422,1086.0086059570312,368.81002044677734,845.2730712890625,196.40818786621094,1326.744140625,541.2118530273438
272,10.88,11,2,car,0.3785639703273773,1614.495849609375,447.0746154785156,1596.572021484375,420.12286376953125,1632.419677734375,474.0263671875
273,10.92,1,2,car,0.7269342541694641,1434.6141357421875,474.0341033935547,1355.8465576171875,417.8572082519531,1513.3817138671875,530.2109985351562
273,10.92,9,7,truck,0.4151787757873535,1089.4062805175781,369.7654571533203,852.8622436523438,198.99929809570312,1325.9503173828125,540.5316162109375
273,10.92,12,2,car,0.3847161531448364,763.8414916992188,413.9257354736328,660.3477172851562,312.0953674316406,867.3352661132812,515.756103515625
273,10.92,11,2,car,0.3807910680770874,1614.2463989257812,447.029296875,1596.5523681640625,420.1974792480469,1631.9404296875,473.8611145019531
273,10.92,10,2,car,0.37422698736190796,62.981483459472656,443.3082275390625,11.334823608398438,401.97711181640625,114.62814331054688,484.63934326171875
274,10.96,1,2,car,0.7587278485298157,1435.755615234375,473.78125,1358.93701171875,417.83636474609375,1512.57421875,529.7261352539062
274,10.96,9,7,truck,0.4569381773471832,1093.0898132324219,370.1968688964844,859.7406616210938,200.08392333984375,1326.43896484375,540.309814453125
274,10.96,12,2,car,0.4128279983997345,767.6605224609375,413.98597717285156,661.0986328125,311.0563049316406,874.222412109375,516.9156494140625
274,10.96,11,2,car,0.35791313648223877,1613.73095703125,447.479736328125,1595.695068359375,420.37115478515625,1631.766845703125,474.58831787109375
275,11.0,1,2,car,0.7453620433807373,1434.5088500976562,473.4238586425781,1358.170166015625,417.5072021484375,1510.8475341796875,529.3405151367188
275,11.0,10,2,car,0.5037230849266052,64.6845531463623,446.8378601074219,14.064205169677734,407.54351806640625,115.30490112304688,486.1322021484375
275,11.0,9,7,truck,0.41438984870910645,1095.3611145019531,372.11199951171875,860.7191772460938,203.57354736328125,1330.0030517578125,540.6504516601562
275,11.0,11,2,car,0.3766835927963257,1614.1206665039062,447.229248046875,1595.947265625,420.169189453125,1632.2940673828125,474.289306640625
275,11.0,12,2,car,0.3700823187828064,770.4390258789062,412.8451690673828,660.0875854492188,311.8394470214844,880.7904663085938,513.8508911132812
276,11.04,1,2,car,0.7231775522232056,1434.1463012695312,473.568603515625,1357.3480224609375,417.6448974609375,1510.944580078125,529.4923095703125
276,11.04,10,2,car,0.5036852955818176,68.98381805419922,446.4878845214844,13.633689880371094,406.70977783203125,124.33394622802734,486.2659912109375
276,11.04,9,7,truck,0.4595118761062622,1103.2960815429688,372.92459869384766,873.5052490234375,205.6001739501953,1333.0869140625,540.2490234375
276,11.04,12,2,car,0.4048910140991211,774.3469848632812,415.21893310546875,662.4093017578125,312.0347900390625,886.28466796875,518.403076171875
276,11.04,11,2,car,0.3511543571949005,1614.0721435546875,447.3230895996094,1596.3013916015625,419.5871887207031,1631.8428955078125,475.0589904785156
277,11.08,1,2,car,0.7639914751052856,1433.9146118164062,474.0027313232422,1356.9404296875,418.5325012207031,1510.8887939453125,529.4729614257812
277,11.08,9,7,truck,0.46818578243255615,1107.563232421875,375.1759490966797,878.1273193359375,209.51376342773438,1336.9991455078125,540.838134765625
277,11.08,12,2,car,0.38717570900917053,776.6024475097656,412.85020446777344,663.365966796875,312.4883728027344,889.8389282226562,513.2120361328125
278,11.12,1,2,car,0.7942916750907898,1433.5018920898438,473.7790832519531,1357.4927978515625,418.45440673828125,1509.510986328125,529.103759765625
278,11.12,9,7,truck,0.5444269776344299,1110.57861328125,376.5710906982422,882.7313232421875,213.10317993164062,1338.4259033203125,540.0390014648438
278,11.12,12,2,car,0.35742422938346863,782.1981506347656,412.6202392578125,670.000244140625,312.79241943359375,894.3960571289062,512.4480590820312
278,11.12,11,2,car,0.3531436622142792,1613.8582763671875,447.1692810058594,1595.6260986328125,419.7095947265625,1632.0904541015625,474.62896728515625
279,11.16,1,2,car,0.8129356503486633,1433.2515869140625,473.7744140625,1358.548583984375,419.0269775390625,1507.95458984375,528.5218505859375
279,11.16,12,2,car,0.5518930554389954,785.0823364257812,413.2944030761719,672.74658203125,314.1295166015625,897.4180908203125,512.4592895507812
279,11.16,9,7,truck,0.4274073541164398,1113.8999633789062,376.3622055053711,883.31103515625,209.6959686279297,1344.4888916015625,543.0284423828125
279,11.16,11,2,car,0.37502196431159973,1614.085693359375,447.55860900878906,1595.7894287109375,419.46771240234375,1632.3819580078125,475.6495056152344
280,11.2,1,2,car,0.7841091156005859,1434.0740966796875,473.01292419433594,1357.21484375,418.4986267089844,1510.933349609375,527.5272216796875
280,11.2,12,2,car,0.5277239680290222,787.8131713867188,413.79637145996094,676.005126953125,315.837646484375,899.6212158203125,511.7550964355469
280,11.2,9,7,truck,0.48923254013061523,1115.5440979003906,378.83734130859375,886.5462036132812,217.26287841796875,1344.5419921875,540.4118041992188
280,11.2,11,2,car,0.4090253710746765,1613.9807739257812,447.5576934814453,1595.508544921875,419.9594421386719,1632.4530029296875,475.15594482421875
281,11.24,1,2,car,0.8136792778968811,1434.1074829101562,473.9280700683594,1359.44384765625,418.8802490234375,1508.7711181640625,528.9758911132812
281,11.24,12,2,car,0.5850159525871277,791.9703979492188,413.65126037597656,678.4840087890625,314.9133605957031,905.456787109375,512.38916015625
281,11.24,13,2,car,0.4619393050670624,479.0128631591797,426.6453094482422,377.9309387207031,358.0979919433594,580.0947875976562,495.192626953125
281,11.24,9,7,truck,0.4353731572628021,1123.1044921875,377.9151916503906,897.951416015625,212.55511474609375,1348.257568359375,543.2752685546875
281,11.24,11,2,car,0.36934128403663635,1614.17724609375,446.76011657714844,1596.20068359375,419.4856872558594,1632.15380859375,474.0345458984375
282,11.28,1,2,car,0.8017160892486572,1433.4354858398438,474.05931091308594,1358.8333740234375,419.9564514160156,1508.03759765625,528.1621704101562
282,11.28,9,7,truck,0.5523982048034668,1124.5458679199219,378.0428466796875,901.0259399414062,215.39190673828125,1348.0657958984375,540.6937866210938
282,11.28,10,2,car,0.4967119097709656,32.67005920410156,419.1986389160156,0.28141021728515625,358.0404968261719,65.05870819091797,480.3567810058594
282,11.28,12,2,car,0.4946492314338684,795.9826354980469,414.48960876464844,680.7171020507812,316.4605407714844,911.2481689453125,512.5186767578125
282,11.28,11,2,car,0.3976837396621704,1614.2962036132812,447.3611755371094,1596.281005859375,419.8817138671875,1632.3114013671875,474.84063720703125
283,11.32,1,2,car,0.8085815906524658,1433.1781616210938,473.8068084716797,1358.4554443359375,419.4389953613281,1507.90087890625,528.1746215820312
283,11.32,10,2,car,0.5625389218330383,36.81303405761719,419.8455047607422,0.41796112060546875,358.6980285644531,73.2081069946289,480.99298095703125
283,11.32,12,2,car,0.5288324356079102,798.46435546875,415.5011291503906,683.4325561523438,317.87066650390625,913.4961547851562,513.131591796875
283,11.32,9,7,truck,0.4954632520675659,1127.2249145507812,379.07005310058594,906.0465087890625,216.89553833007812,1348.4033203125,541.2445678710938
283,11.32,11,2,car,0.43118467926979065,1613.990478515625,447.25341796875,1595.668212890625,419.2511901855469,1632.312744140625,475.2556457519531
283,11.32,13,2,car,0.39010921120643616,477.6178283691406,424.6381530761719,378.90557861328125,355.1331481933594,576.330078125,494.1431579589844
284,11.36,1,2,car,0.8033318519592285,1432.6934814453125,474.2123107910156,1357.16748046875,420.169921875,1508.219482421875,528.2546997070312
284,11.36,10,2,car,0.5712334513664246,38.17551040649414,418.74305725097656,0.175872802734375,354.9325866699219,76.1751480102539,482.55352783203125
284,11.36,12,2,car,0.5565057396888733,801.4868469238281,415.61817932128906,684.7632446289062,317.7842712402344,918.21044921875,513.4520874023438
284,11.36,13,2,car,0.4843802750110626,481.3050537109375,424.0008850097656,380.04888916015625,354.05615234375,582.5612182617188,493.94561767578125
284,11.36,9,7,truck,0.47522714734077454,1132.6961669921875,382.2130661010742,914.630859375,221.8278045654297,1350.761474609375,542.5983276367188
284,11.36,11,2,car,0.4653344452381134,1614.1755981445312,447.043212890625,1595.96044921875,419.1142272949219,1632.3907470703125,474.9721984863281
285,11.4,1,2,car,0.8068464398384094,1434.344482421875,473.7795867919922,1358.8331298828125,419.3749694824219,1509.8558349609375,528.1842041015625
285,11.4,12,2,car,0.5957092046737671,801.6513977050781,417.55389404296875,683.6834106445312,320.3759765625,919.619384765625,514.7318115234375
285,11.4,10,2,car,0.5251724720001221,39.22250556945801,418.73460388183594,0.3806877136230469,356.57025146484375,78.06432342529297,480.8989562988281
285,11.4,11,2,car,0.5101363062858582,1614.4031982421875,446.9167785644531,1596.6339111328125,419.47137451171875,1632.1724853515625,474.3621826171875
285,11.4,13,2,car,0.46008971333503723,486.1848449707031,427.28265380859375,382.29510498046875,359.1951599121094,590.0745849609375,495.3701477050781
285,11.4,9,7,truck,0.422270804643631,1135.5444946289062,379.2776184082031,918.888427734375,218.0635986328125,1352.2005615234375,540.4916381835938
286,11.44,1,2,car,0.7968217730522156,1432.9384765625,473.7849884033203,1355.8865966796875,419.9526672363281,1509.9903564453125,527.6173095703125
286,11.44,10,2,car,0.5593265891075134,39.76989555358887,420.76446533203125,0.3028450012207031,361.51849365234375,79.23694610595703,480.01043701171875
286,11.44,9,7,truck,0.5304256081581116,1135.3949279785156,382.9761505126953,914.9960327148438,224.06246948242188,1355.7938232421875,541.8898315429688
286,11.44,11,2,car,0.5030414462089539,1614.37060546875,446.79185485839844,1596.547119140625,419.36553955078125,1632.194091796875,474.2181701660156
286,11.44,12,2,car,0.4739888906478882,802.7391052246094,415.9208526611328,685.2297973632812,318.8188781738281,920.2484130859375,513.0228271484375
287,11.48,1,2,car,0.7952321171760559,1431.7755126953125,473.76141357421875,1353.12841796875,419.19287109375,1510.422607421875,528.3299560546875
287,11.48,12,2,car,0.6892122626304626,803.1176147460938,418.28233337402344,684.88916015625,320.2370910644531,921.3460693359375,516.3275756835938
287,11.48,10,2,car,0.5506694912910461,40.44563579559326,423.806884765625,0.3021068572998047,363.8283996582031,80.58916473388672,483.7853698730469
287,11.48,13,2,car,0.531844437122345,490.1888122558594,425.75555419921875,384.240966796875,356.0174560546875,596.1366577148438,495.49365234375
287,11.48,11,2,car,0.5076443552970886,1614.5122680664062,446.58392333984375,1596.8779296875,419.4692077636719,1632.1466064453125,473.6986389160156
287,11.48,9,7,truck,0.43964630365371704,1134.5582885742188,381.3655776977539,913.94970703125,224.18190002441406,1355.1668701171875,538.5492553710938
288,11.52,1,2,car,0.7907498478889465,1432.5678100585938,474.06298828125,1354.3240966796875,419.6806640625,1510.8115234375,528.4453125
288,11.52,12,2,car,0.617135226726532,808.1911010742188,419.00059509277344,686.6015625,320.2762756347656,929.7806396484375,517.7249145507812
288,11.52,9,7,truck,0.5013501644134521,1143.908447265625,383.52745056152344,925.43408203125,227.40609741210938,1362.3828125,539.6488037109375
288,11.52,11,2,car,0.45850592851638794,1614.3035278320312,446.35833740234375,1596.55859375,419.0923767089844,1632.0484619140625,473.6242980957031
288,11.52,13,2,car,0.3726031184196472,486.5682678222656,424.8350830078125,385.7647705078125,355.4936828613281,587.3717651367188,494.1764831542969
289,11.56,1,2,car,0.8148024678230286,1432.9016723632812,473.67176818847656,1354.7220458984375,419.1880187988281,1511.081298828125,528.155517578125
289,11.56,12,2,car,0.755160927772522,814.0242919921875,418.99365234375,685.9581298828125,320.78521728515625,942.0904541015625,517.2020874023438
289,11.56,13,2,car,0.4740758538246155,490.64625549316406,424.66758728027344,386.9414978027344,354.6470947265625,594.3510131835938,494.6880798339844
289,11.56,11,2,car,0.46907541155815125,1614.5547485351562,446.29920959472656,1596.6376953125,419.20330810546875,1632.4718017578125,473.3951110839844
289,11.56,9,7,truck,0.3900247812271118,1142.9997863769531,384.9918899536133,924.0430297851562,228.7827911376953,1361.95654296875,541.2009887695312
289,11.56,10,2,car,0.358682245016098,44.445167541503906,419.9195098876953,0.0,359.3095397949219,88.89033508300781,480.52947998046875
290,11.6,1,2,car,0.7905376553535461,1431.7217407226562,473.85633850097656,1352.585205078125,419.7479553222656,1510.8582763671875,527.9647216796875
290,11.6,12,2,car,0.57792067527771,815.2212219238281,417.4914855957031,690.0767822265625,320.22247314453125,940.3656616210938,514.760498046875
290,11.6,13,2,car,0.4850703775882721,491.6470642089844,432.4399108886719,386.55999755859375,370.2516174316406,596.734130859375,494.6282043457031
290,11.6,9,7,truck,0.47710397839546204,1141.7303161621094,384.6365509033203,922.7070922851562,229.55850219726562,1360.7535400390625,539.714599609375
290,11.6,11,2,car,0.3750750720500946,1614.59912109375,448.7135009765625,1595.781005859375,419.3581237792969,1633.417236328125,478.0688781738281
291,11.64,1,2,car,0.8164273500442505,1432.9730834960938,473.85533142089844,1355.4482421875,419.7350769042969,1510.4979248046875,527.9755859375
291,11.64,12,2,car,0.7606406211853027,822.1297912597656,417.30506896972656,694.1448364257812,321.3607482910156,950.11474609375,513.2493896484375
291,11.64,13,2,car,0.5276005268096924,493.6612548828125,444.9320983886719,389.4385986328125,395.1662292480469,597.8839111328125,494.6979675292969
291,11.64,9,7,truck,0.39733994007110596,1146.828369140625,386.0535354614258,930.142822265625,231.6846466064453,1363.513916015625,540.4224243164062
291,11.64,11,2,car,0.38338780403137207,1614.9510498046875,448.313232421875,1596.954345703125,419.03778076171875,1632.94775390625,477.58868408203125
292,11.68,1,2,car,0.7860444188117981,1433.308837890625,473.96058654785156,1355.4132080078125,419.4833679199219,1511.2044677734375,528.4378051757812
292,11.68,12,2,car,0.7785460352897644,825.8701171875,417.96275329589844,697.357177734375,322.2066955566406,954.383056640625,513.7188110351562
292,11.68,13,2,car,0.5154320001602173,492.84449768066406,426.03936767578125,386.8927307128906,356.4650573730469,598.7962646484375,495.6136779785156
292,11.68,9,7,truck,0.4016836881637573,1151.512939453125,386.10254669189453,939.63720703125,231.8122100830078,1363.388671875,540.3928833007812
292,11.68,11,2,car,0.37400922179222107,1614.94775390625,448.0876922607422,1596.766845703125,418.8161315917969,1633.128662109375,477.3592529296875
293,11.72,12,2,car,0.7807950973510742,827.0340881347656,418.48277282714844,697.1925048828125,323.0525207519531,956.8756713867188,513.9130249023438
293,11.72,1,2,car,0.7727958559989929,1435.3245849609375,474.2366943359375,1359.488525390625,419.23681640625,1511.16064453125,529.236572265625
293,11.72,13,2,car,0.5441573262214661,493.93861389160156,425.1768493652344,387.7515563964844,354.16278076171875,600.1256713867188,496.19091796875
293,11.72,11,2,car,0.4343901574611664,1615.005615234375,448.2271270751953,1597.137451171875,419.2158508300781,1632.873779296875,477.2384033203125
293,11.72,9,7,truck,0.40266504883766174,1155.7955932617188,386.59002685546875,944.7176513671875,234.3277587890625,1366.87353515625,538.852294921875
294,11.76,1,2,car,0.7768115997314453,1433.7472534179688,474.5558166503906,1355.75,419.6751708984375,1511.7445068359375,529.4364624023438
294,11.76,12,2,car,0.7197955846786499,837.2737426757812,418.7467956542969,713.94287109375,323.22723388671875,960.6046142578125,514.266357421875
294,11.76,13,2,car,0.6306555271148682,495.5453643798828,425.5785827636719,385.2237243652344,354.5554504394531,605.8670043945312,496.6017150878906
294,11.76,10,2,car,0.44394782185554504,86.46442794799805,399.84666442871094,0.44620513916015625,314.7066955566406,172.48265075683594,484.98663330078125
294,11.76,11,2,car,0.4275141656398773,1614.5302124023438,448.42529296875,1596.1956787109375,419.6195068359375,1632.86474609375,477.2310791015625
294,11.76,9,7,truck,0.41466909646987915,1156.2823181152344,386.6595153808594,947.0925903320312,234.72271728515625,1365.4720458984375,538.5963134765625
295,11.8,1,2,car,0.7832937836647034,1435.702880859375,475.28851318359375,1359.041748046875,420.2757568359375,1512.364013671875,530.30126953125
295,11.8,12,2,car,0.6052488088607788,840.6121215820312,418.54164123535156,720.6597290039062,323.9067687988281,960.5645141601562,513.176513671875
295,11.8,11,2,car,0.4763544797897339,1614.399169921875,448.33360290527344,1595.9747314453125,419.98114013671875,1632.8236083984375,476.6860656738281
295,11.8,10,2,car,0.4495452642440796,59.467586517333984,421.2720642089844,8.763084411621094,360.409912109375,110.17208862304688,482.13421630859375
295,11.8,9,7,truck,0.43588393926620483,1161.8120727539062,388.62684631347656,955.2520751953125,237.94198608398438,1368.3720703125,539.3117065429688
295,11.8,13,2,car,0.4004804790019989,496.8143005371094,446.59326171875,392.33111572265625,398.7478942871094,601.2974853515625,494.4386291503906
296,11.84,1,2,car,0.7774831652641296,1436.5211791992188,475.371826171875,1360.9017333984375,420.19903564453125,1512.140625,530.5446166992188
296,11.84,12,2,car,0.6896358132362366,837.4868774414062,418.8897705078125,712.9757080078125,324.0206298828125,961.998046875,513.7589111328125
296,11.84,13,2,car,0.533904492855072,496.5409698486328,427.0328063964844,385.5039367675781,358.9975891113281,607.5780029296875,495.0680236816406
296,11.84,9,7,truck,0.44091495871543884,1161.6322326660156,387.3772888183594,958.5023803710938,237.6826171875,1364.7620849609375,537.0719604492188
296,11.84,11,2,car,0.4337599575519562,1614.2296142578125,448.69178771972656,1595.748046875,419.37628173828125,1632.711181640625,478.0072937011719
297,11.88,1,2,car,0.7478399872779846,1437.178955078125,474.73065185546875,1361.8988037109375,420.08306884765625,1512.4591064453125,529.3782348632812
297,11.88,12,2,car,0.6328320503234863,843.935302734375,419.0654296875,725.0870361328125,324.3984375,962.7835693359375,513.732421875
297,11.88,13,2,car,0.5181925892829895,496.8336944580078,425.6483459472656,384.4933776855469,355.0826110839844,609.1740112304688,496.2140808105469
297,11.88,9,7,truck,0.42575326561927795,1169.6395568847656,390.63683319091797,968.1655883789062,240.96653747558594,1371.113525390625,540.30712890625
297,11.88,11,2,car,0.35749539732933044,1614.4683837890625,449.5242919921875,1595.9454345703125,419.07476806640625,1632.9913330078125,479.97381591796875
298,11.92,1,2,car,0.7359156012535095,1436.7978515625,474.41600036621094,1360.4439697265625,419.8437194824219,1513.1517333984375,528.98828125
298,11.92,12,2,car,0.6846858263015747,843.9135131835938,418.880126953125,723.6644897460938,324.58172607421875,964.1625366210938,513.1785278320312
298,11.92,13,2,car,0.6007349491119385,497.5320129394531,425.5150451660156,383.646728515625,355.5125427246094,611.4172973632812,495.5175476074219
298,11.92,9,7,truck,0.40753281116485596,1168.9254760742188,389.43648529052734,968.075927734375,241.04637145996094,1369.7750244140625,537.8265991210938
299,11.96,1,2,car,0.7318075895309448,1438.6232299804688,474.4340515136719,1363.1400146484375,420.6390380859375,1514.1064453125,528.2290649414062
299,11.96,12,2,car,0.7056524753570557,839.7740173339844,419.22837829589844,716.024658203125,325.1231994628906,963.5233764648438,513.3335571289062
299,11.96,13,2,car,0.5739274024963379,492.7457580566406,425.3638000488281,381.228759765625,355.8658447265625,604.2627563476562,494.86175537109375
299,11.96,9,7,truck,0.46055611968040466,1173.8689270019531,390.74192810058594,968.8335571289062,242.90927124023438,1378.904296875,538.5745849609375
300,12.0,1,2,car,0.7684000730514526,1434.3727416992188,474.10853576660156,1355.2630615234375,419.3890686035156,1513.482421875,528.8280029296875
300,12.0,12,2,car,0.6585289835929871,843.2318725585938,420.5638732910156,723.149658203125,325.63970947265625,963.3140869140625,515.488037109375
300,12.0,13,2,car,0.5934619903564453,494.2498474121094,425.6282958984375,381.25628662109375,354.8667297363281,607.243408203125,496.3898620605469
300,12.0,9,7,truck,0.45302918553352356,1169.9607849121094,388.37657165527344,968.2421264648438,241.65390014648438,1371.679443359375,535.0992431640625
300,12.0,11,2,car,0.3771647810935974,1614.906005859375,449.6868896484375,1596.514892578125,419.120361328125,1633.297119140625,480.25341796875
301,12.04,12,2,car,0.776856541633606,839.3860168457031,420.565185546875,714.5503540039062,326.00537109375,964.2216796875,515.125
301,12.04,1,2,car,0.7455201148986816,1435.3276977539062,474.4875946044922,1356.5599365234375,419.1534118652344,1514.095458984375,529.82177734375
301,12.04,13,2,car,0.5297422409057617,493.0390930175781,427.44898986816406,380.92852783203125,359.71575927734375,605.149658203125,495.1822204589844
301,12.04,9,7,truck,0.4224810004234314,1178.2027587890625,391.96700286865234,976.5047607421875,245.2078094482422,1379.9007568359375,538.7261962890625
302,12.08,12,2,car,0.7845048308372498,841.9244079589844,420.3996124267578,717.6569213867188,326.3987731933594,966.19189453125,514.4004516601562
302,12.08,1,2,car,0.68121337890625,1437.1502685546875,474.5035705566406,1359.3297119140625,418.23101806640625,1514.9708251953125,530.776123046875
302,12.08,13,2,car,0.6188576221466064,493.54090881347656,428.84706115722656,380.1980285644531,360.6369323730469,606.8837890625,497.05718994140625
302,12.08,9,7,truck,0.40802356600761414,1180.9509887695312,391.9051055908203,977.4232177734375,246.07650756835938,1384.478759765625,537.7337036132812
302,12.08,11,2,car,0.3760600686073303,1615.026123046875,449.49957275390625,1596.8865966796875,419.2738037109375,1633.1656494140625,479.725341796875
303,12.12,12,2,car,0.7670512199401855,843.8232421875,420.6553192138672,720.5172729492188,326.1576232910156,967.1292114257812,515.1530151367188
303,12.12,1,2,car,0.5634229183197021,1437.5343017578125,475.4828643798828,1358.0211181640625,419.2958679199219,1517.0474853515625,531.6698608398438
303,12.12,13,2,car,0.5533512830734253,495.93360900878906,428.36231994628906,382.3960876464844,361.0169982910156,609.4711303710938,495.7076416015625
303,12.12,9,7,truck,0.492019385099411,1183.5992431640625,392.79969024658203,983.968505859375,248.12074279785156,1383.22998046875,537.4786376953125
304,12.16,12,2,car,0.7922437787055969,845.2793884277344,420.38734436035156,722.1022338867188,326.5326232910156,968.45654296875,514.2420654296875
304,12.16,1,2,car,0.6353948712348938,1439.570556640625,474.99639892578125,1359.00146484375,417.1151123046875,1520.1396484375,532.877685546875
304,12.16,9,7,truck,0.5774162411689758,1183.2749328613281,393.6300506591797,982.2669067382812,249.50167846679688,1384.282958984375,537.7584228515625
304,12.16,13,2,car,0.4246586561203003,494.6554260253906,427.4842529296875,379.790771484375,360.32904052734375,609.5200805664062,494.63946533203125
305,12.2,12,2,car,0.7474774718284607,846.5252990722656,420.3633575439453,722.6124877929688,326.2090759277344,970.4381103515625,514.5176391601562
305,12.2,13,2,car,0.6287904381752014,493.8883514404297,427.8899230957031,378.7451477050781,360.65606689453125,609.0315551757812,495.123779296875
305,12.2,1,2,car,0.6058505773544312,1440.8416748046875,475.6057891845703,1360.14013671875,417.8174743652344,1521.543212890625,533.3941040039062
305,12.2,9,7,truck,0.4539170265197754,1188.9716796875,395.5755310058594,988.131103515625,251.9105224609375,1389.812255859375,539.2405395507812
306,12.24,12,2,car,0.7813396453857422,847.3151245117188,419.90953063964844,724.4432983398438,326.7423400878906,970.1869506835938,513.0767211914062
306,12.24,1,2,car,0.6404287815093994,1439.4260864257812,474.63421630859375,1360.4971923828125,417.30706787109375,1518.35498046875,531.9613647460938
306,12.24,9,7,truck,0.6127874255180359,1189.0619201660156,396.0709457397461,985.6869506835938,253.0150604248047,1392.4368896484375,539.1268310546875
306,12.24,13,2,car,0.5364397764205933,493.4403533935547,426.98419189453125,379.2393493652344,360.374267578125,607.641357421875,493.5941162109375
307,12.28,12,2,car,0.7347370982170105,848.6526184082031,420.9532470703125,724.2571411132812,328.4000244140625,973.048095703125,513.5064697265625
307,12.28,13,2,car,0.5703935623168945,495.7016296386719,429.01629638671875,380.21990966796875,363.049072265625,611.183349609375,494.9835205078125
307,12.28,1,2,car,0.5650149583816528,1440.9122314453125,476.2609405517578,1362.6405029296875,419.6935729980469,1519.1839599609375,532.8283081054688
307,12.28,9,7,truck,0.5407069325447083,1198.1565551757812,396.46581268310547,1003.2816162109375,254.42662048339844,1393.031494140625,538.5050048828125
308,12.32,12,2,car,0.6455941200256348,851.9111633300781,421.6018981933594,728.4864501953125,329.43914794921875,975.3358764648438,513.7646484375
308,12.32,9,7,truck,0.5949569344520569,1201.6935119628906,397.4938049316406,1008.1536254882812,256.91064453125,1395.2333984375,538.0769653320312
308,12.32,1,2,car,0.590266764163971,1442.1436157226562,475.2345733642578,1365.0120849609375,417.7425842285156,1519.275146484375,532.7265625
308,12.32,13,2,car,0.5143574476242065,501.3816833496094,429.5299835205078,385.29437255859375,363.2268981933594,617.468994140625,495.83306884765625
308,12.32,11,2,car,0.3641156256198883,1615.6519775390625,449.76690673828125,1596.3189697265625,419.7062072753906,1634.9849853515625,479.8276062011719
309,12.36,9,7,truck,0.6136277914047241,1202.5451354980469,398.55824279785156,1007.8848266601562,259.2109069824219,1397.2054443359375,537.9055786132812
309,12.36,1,2,car,0.5707923173904419,1442.8363037109375,475.60107421875,1366.1195068359375,420.43359375,1519.5531005859375,530.7685546875
309,12.36,10,2,car,0.5454515218734741,71.68852806091309,381.3099060058594,0.3704795837402344,263.83740234375,143.00657653808594,498.78240966796875
309,12.36,12,2,car,0.40866199135780334,852.06005859375,421.93035888671875,727.9403686523438,329.47021484375,976.1797485351562,514.3905029296875
309,12.36,11,2,car,0.3697489798069,1615.6986083984375,449.10015869140625,1596.8475341796875,419.141357421875,1634.5496826171875,479.0589599609375
310,12.4,9,7,truck,0.6826909184455872,1204.668701171875,399.5612487792969,1013.608154296875,260.3720703125,1395.729248046875,538.7504272460938
310,12.4,12,2,car,0.6645153164863586,853.7037963867188,421.3722686767578,730.5626220703125,329.0070495605469,976.844970703125,513.7374877929688
310,12.4,10,2,car,0.5888835787773132,77.68173408508301,383.466796875,0.6405830383300781,268.7456359863281,154.72288513183594,498.1879577636719
310,12.4,1,2,car,0.46729934215545654,1443.3676147460938,471.0813293457031,1366.386962890625,409.45159912109375,1520.3482666015625,532.7110595703125
311,12.44,12,2,car,0.7200635075569153,854.2577514648438,421.39039611816406,731.4540405273438,328.9889221191406,977.0614624023438,513.7918701171875
311,12.44,9,7,truck,0.6765140891075134,1206.6137390136719,399.33216857910156,1016.3516235351562,261.2008972167969,1396.8758544921875,537.4634399414062
311,12.44,1,2,car,0.6135470271110535,1444.4401245117188,476.1747283935547,1371.2779541015625,421.2067565917969,1517.602294921875,531.1427001953125
311,12.44,10,2,car,0.5486689805984497,79.25541877746582,382.76539611816406,0.8615455627441406,264.2554016113281,157.6492919921875,501.275390625
312,12.48,12,2,car,0.7628531455993652,854.6251831054688,421.44244384765625,732.0963134765625,328.92437744140625,977.154052734375,513.9605102539062
312,12.48,9,7,truck,0.7298988103866577,1207.564453125,400.46559143066406,1018.210693359375,262.9537658691406,1396.918212890625,537.9774169921875
312,12.48,1,2,car,0.6471601724624634,1445.5172729492188,475.7080078125,1373.5211181640625,421.50457763671875,1517.513427734375,529.9114379882812
312,12.48,10,2,car,0.536058247089386,82.01276779174805,382.0034484863281,0.17713165283203125,261.9793701171875,163.84840393066406,502.02752685546875
313,12.52,9,7,truck,0.7850276827812195,1206.8876037597656,400.27650451660156,1015.3954467773438,262.5830383300781,1398.3797607421875,537.969970703125
313,12.52,12,2,car,0.7700293660163879,856.3106689453125,421.4090118408203,734.8251342773438,329.3238220214844,977.7962036132812,513.4942016601562
313,12.52,10,2,car,0.7136210799217224,83.9062442779541,379.3414764404297,0.6826972961425781,258.6396789550781,167.12979125976562,500.04327392578125
313,12.52,1,2,car,0.5515020489692688,1445.8360595703125,475.9457092285156,1375.6669921875,422.2340087890625,1516.005126953125,529.6574096679688
314,12.56,12,2,car,0.8005091547966003,856.9690856933594,422.0814514160156,735.023193359375,330.27227783203125,978.9149780273438,513.890625
314,12.56,9,7,truck,0.7647236585617065,1210.3548583984375,401.15733337402344,1021.4910888671875,264.7059631347656,1399.2186279296875,537.6087036132812
314,12.56,10,2,car,0.5960798859596252,87.5679817199707,377.4705581665039,0.19763946533203125,254.4685516357422,174.93832397460938,500.4725646972656
314,12.56,1,2,car,0.5756051540374756,1450.3341064453125,475.1774444580078,1382.1668701171875,422.2633972167969,1518.5013427734375,528.0914916992188
314,12.56,13,2,car,0.42426326870918274,508.8179016113281,431.2174072265625,394.1934814453125,365.0494079589844,623.4423217773438,497.3854064941406
315,12.6,9,7,truck,0.8072157502174377,1215.1954345703125,402.27239990234375,1029.5430908203125,266.979248046875,1400.8477783203125,537.5655517578125
315,12.6,12,2,car,0.8049871921539307,859.8308715820312,422.2062530517578,739.213623046875,330.2959289550781,980.4481201171875,514.1165771484375
315,12.6,10,2,car,0.5017061233520508,87.68502807617188,375.7514114379883,0.203338623046875,253.95982360839844,175.16671752929688,497.5429992675781
315,12.6,1,2,car,0.459465354681015,1450.1303100585938,474.708984375,1382.4990234375,421.2308349609375,1517.7615966796875,528.1871337890625
316,12.64,12,2,car,0.8181440234184265,860.1354675292969,422.33087158203125,738.7044067382812,330.58099365234375,981.5665283203125,514.0807495117188
316,12.64,9,7,truck,0.7442715764045715,1215.8187255859375,402.4559631347656,1032.1011962890625,267.86419677734375,1399.5362548828125,537.0477294921875
316,12.64,10,2,car,0.5869798064231873,98.31884765625,331.82579040527344,0.4288787841796875,160.97369384765625,196.2088165283203,502.6778869628906
316,12.64,1,2,car,0.5691708922386169,1452.7890014648438,475.3059844970703,1388.3983154296875,422.2112731933594,1517.1796875,528.4006958007812
317,12.68,12,2,car,0.8218922019004822,863.2799987792969,423.73377990722656,743.1895141601562,332.0821838378906,983.3704833984375,515.3853759765625
317,12.68,9,7,truck,0.7495267987251282,1217.1386108398438,402.8918914794922,1034.510498046875,268.4845275878906,1399.7667236328125,537.2992553710938
317,12.68,10,2,car,0.7141207456588745,100.05457305908203,331.90538787841797,0.4087371826171875,159.5376434326172,199.70040893554688,504.27313232421875
317,12.68,1,2,car,0.43127763271331787,1454.6482543945312,474.39495849609375,1388.092529296875,420.5972900390625,1521.2039794921875,528.192626953125
317,12.68,13,2,car,0.41432738304138184,522.7263336181641,430.5640869140625,420.9317321777344,364.4945068359375,624.5209350585938,496.6336669921875
318,12.72,12,2,car,0.7811496257781982,861.7512817382812,423.5241241455078,740.5037841796875,332.1352844238281,982.998779296875,514.9129638671875
318,12.72,9,7,truck,0.7634806632995605,1220.2598266601562,404.93719482421875,1038.048828125,273.17138671875,1402.4708251953125,536.7030029296875
318,12.72,10,2,car,0.4363476037979126,106.55699920654297,330.032958984375,0.44586181640625,160.75753784179688,212.6681365966797,499.3083801269531
318,12.72,1,2,car,0.36972934007644653,1456.2793579101562,474.1151580810547,1393.09130859375,421.4367370605469,1519.4674072265625,526.7935791015625
319,12.76,12,2,car,0.7182777523994446,864.9512329101562,423.4146270751953,744.964599609375,331.9300231933594,984.9378662109375,514.8992309570312
319,12.76,9,7,truck,0.6884889006614685,1221.2061767578125,404.7366638183594,1040.9403076171875,272.85711669921875,1401.4720458984375,536.6162109375
319,12.76,1,2,car,0.4945129454135895,1455.8849487304688,474.98712158203125,1393.338134765625,423.33636474609375,1518.4317626953125,526.6378784179688
319,12.76,13,2,car,0.4352327287197113,525.1945037841797,430.2433319091797,426.3684997558594,365.3454895019531,624.0205078125,495.14117431640625
319,12.76,10,2,car,0.36503082513809204,111.05226135253906,332.1627960205078,0.4424285888671875,160.907958984375,221.66209411621094,503.4176330566406
320,12.8,9,7,truck,0.7497181296348572,1224.0557861328125,405.76971435546875,1043.6754150390625,274.48272705078125,1404.4361572265625,537.0567016601562
320,12.8,12,2,car,0.7336859107017517,865.9459533691406,422.6353759765625,747.3737182617188,331.68304443359375,984.5181884765625,513.5877075195312
320,12.8,10,2,car,0.47765859961509705,110.6100082397461,331.3941116333008,0.45849609375,158.9069366455078,220.7615203857422,503.88128662109375
320,12.8,13,2,car,0.4165697395801544,527.2312316894531,430.9371643066406,428.5052490234375,365.4894104003906,625.9572143554688,496.3849182128906
320,12.8,1,2,car,0.4074050188064575,1457.1004028320312,474.54559326171875,1394.444091796875,422.290771484375,1519.7567138671875,526.8004150390625
321,12.84,9,7,truck,0.8056663870811462,1225.6028442382812,406.55638122558594,1046.0479736328125,276.2626037597656,1405.15771484375,536.8501586914062
321,12.84,12,2,car,0.7260321974754333,878.38037109375,422.4477844238281,772.3720092773438,331.1954345703125,984.3887329101562,513.7001342773438
321,12.84,13,2,car,0.629014253616333,526.7088775634766,430.5883483886719,426.6058044433594,364.0599060058594,626.8119506835938,497.1167907714844
321,12.84,10,2,car,0.604970395565033,119.33041763305664,331.5530700683594,0.5380325317382812,159.83340454101562,238.122802734375,503.2727355957031
322,12.88,12,2,car,0.7639577388763428,874.4183349609375,423.49041748046875,761.8932495117188,333.14288330078125,986.9434204101562,513.8379516601562
322,12.88,9,7,truck,0.7507515549659729,1231.0775146484375,406.5700225830078,1056.0162353515625,276.4725036621094,1406.1387939453125,536.6675415039062
322,12.88,10,2,car,0.5166871547698975,118.90012741088867,330.8780746459961,0.5544204711914062,159.3332061767578,237.24583435058594,502.4229431152344
322,12.88,13,2,car,0.40340226888656616,529.2699279785156,431.42523193359375,431.115234375,366.3848876953125,627.4246215820312,496.465576171875
322,12.88,1,2,car,0.35077303647994995,1459.1463012695312,474.2857666015625,1394.989501953125,420.2410888671875,1523.3031005859375,528.3304443359375
323,12.92,10,2,car,0.8347610235214233,122.58533477783203,329.78734588623047,0.1831512451171875,157.79164123535156,244.98751831054688,501.7830505371094
323,12.92,12,2,car,0.734244704246521,881.5797729492188,423.16651916503906,776.4669799804688,332.8211975097656,986.6925659179688,513.5118408203125
323,12.92,9,2,car,0.6713435649871826,1231.30126953125,406.635498046875,1055.2589111328125,277.52838134765625,1407.3436279296875,535.7426147460938
323,12.92,13,2,car,0.6228859424591064,529.0087280273438,430.88397216796875,430.74774169921875,364.97589111328125,627.2697143554688,496.79205322265625
324,12.96,10,2,car,0.7726853489875793,123.48664474487305,331.2340850830078,0.40363311767578125,159.492919921875,246.5696563720703,502.9752502441406
324,12.96,9,2,car,0.7205425500869751,1230.26708984375,408.4832000732422,1053.348388671875,280.5339660644531,1407.185791015625,536.4324340820312
324,12.96,12,2,car,0.6635711789131165,878.6612548828125,423.55287170410156,768.5174560546875,333.3719787597656,988.8050537109375,513.7337646484375
324,12.96,13,2,car,0.430502712726593,521.870361328125,431.13340759277344,412.4058837890625,364.23907470703125,631.3348388671875,498.0277404785156
325,13.0,10,2,car,0.7818288207054138,124.32522583007812,331.48329162597656,0.448883056640625,158.18417358398438,248.20156860351562,504.78240966796875
325,13.0,9,2,car,0.7388612627983093,1233.0829467773438,408.21986389160156,1056.2237548828125,280.6170959472656,1409.942138671875,535.8226318359375
325,13.0,12,2,car,0.6477220058441162,876.3878173828125,423.9622802734375,760.5609741210938,334.1029052734375,992.2146606445312,513.8216552734375
325,13.0,13,2,car,0.481769323348999,531.5973815917969,430.3660583496094,432.38525390625,363.1380615234375,630.8095092773438,497.59405517578125
325,13.0,1,2,car,0.35977423191070557,1459.4767456054688,472.5753936767578,1395.29296875,416.4125061035156,1523.6605224609375,528.73828125
326,13.04,10,2,car,0.8278750777244568,126.72851943969727,331.2285461425781,0.5953903198242188,158.5426025390625,252.8616485595703,503.91448974609375
326,13.04,12,2,car,0.7718470096588135,874.7403869628906,424.45457458496094,756.3457641601562,334.4761047363281,993.135009765625,514.4330444335938
326,13.04,9,2,car,0.7646344304084778,1235.4275512695312,408.71180725097656,1060.2012939453125,281.6189270019531,1410.65380859375,535.8046875
326,13.04,13,2,car,0.49135684967041016,533.3293914794922,429.1571502685547,438.9833068847656,363.25433349609375,627.6754760742188,495.0599670410156
326,13.04,1,2,car,0.3525368273258209,1459.7396850585938,473.9159698486328,1398.71923828125,420.4568786621094,1520.7601318359375,527.3750610351562
327,13.08,10,2,car,0.8033564686775208,129.73897171020508,334.11463165283203,0.5881118774414062,160.89710998535156,258.88983154296875,507.3321533203125
327,13.08,9,2,car,0.7435596585273743,1236.950439453125,408.55039978027344,1064.706787109375,281.4888000488281,1409.194091796875,535.6119995117188
327,13.08,12,2,car,0.6986396908760071,877.6424560546875,424.56268310546875,760.5338745117188,334.99298095703125,994.7510375976562,514.1323852539062
327,13.08,13,2,car,0.4922621548175812,536.8175354003906,429.84100341796875,442.8724365234375,365.0255126953125,630.7626342773438,494.656494140625
328,13.12,10,2,car,0.8517078757286072,132.7437629699707,334.7383346557617,0.49967193603515625,161.9491424560547,264.98785400390625,507.52752685546875
328,13.12,9,2,car,0.761023998260498,1236.4231567382812,409.1983947753906,1062.3504638671875,282.6912841796875,1410.495849609375,535.7055053710938
328,13.12,12,2,car,0.7593659162521362,877.9974060058594,424.9580078125,759.4982299804688,334.7608642578125,996.49658203125,515.1551513671875
329,13.16,10,2,car,0.8114203214645386,135.66345596313477,334.97957611083984,0.7285537719726562,162.20008850097656,270.5983581542969,507.7590637207031
329,13.16,12,2,car,0.7781490087509155,879.01708984375,424.92359924316406,761.5664672851562,334.9996643066406,996.4677124023438,514.8475341796875
329,13.16,9,2,car,0.6759475469589233,1239.914794921875,410.88096618652344,1068.5145263671875,284.8614196777344,1411.3150634765625,536.9005126953125
329,13.16,13,2,car,0.494895875453949,536.1121063232422,429.84681701660156,441.4640808105469,363.3227233886719,630.7601318359375,496.37091064453125
329,13.16,1,2,car,0.37494993209838867,1463.285400390625,473.79380798339844,1403.87744140625,418.7157897949219,1522.693359375,528.871826171875
330,13.2,10,2,car,0.8627487421035767,138.59589767456055,336.1241912841797,0.6760482788085938,165.38525390625,276.5157470703125,506.8631286621094
330,13.2,12,2,car,0.7684563398361206,881.32763671875,424.7813415527344,764.360595703125,334.763671875,998.294677734375,514.7990112304688
330,13.2,9,2,car,0.681281566619873,1239.326416015625,410.8444519042969,1066.2440185546875,285.13458251953125,1412.4088134765625,536.5543212890625
330,13.2,13,2,car,0.45551106333732605,537.3124237060547,430.54864501953125,442.8706970214844,365.4367980957031,631.754150390625,495.6604919433594
330,13.2,1,2,car,0.35182538628578186,1463.3285522460938,473.62158203125,1403.6103515625,417.946044921875,1523.0467529296875,529.297119140625
331,13.24,10,2,car,0.8574323654174805,141.2681007385254,336.4445343017578,0.7106094360351562,165.55380249023438,281.8255920410156,507.33526611328125
331,13.24,12,2,car,0.7896770238876343,881.614013671875,424.51123046875,766.6173706054688,334.5628662109375,996.6106567382812,514.4595947265625
331,13.24,9,2,car,0.6414884924888611,1243.130859375,410.94410705566406,1072.6292724609375,284.4117736816406,1413.6324462890625,537.4764404296875
331,13.24,13,2,car,0.5143517255783081,536.1031646728516,430.2901611328125,441.8657531738281,365.0700988769531,630.340576171875,495.5102233886719
332,13.28,10,2,car,0.839887797832489,144.21268463134766,337.55579376220703,0.6195831298828125,166.85069274902344,287.8057861328125,508.2608947753906
332,13.28,12,2,car,0.7946741580963135,882.1821594238281,425.0122985839844,765.4943237304688,335.685302734375,998.8699951171875,514.3392944335938
332,13.28,9,2,car,0.703847348690033,1248.4925537109375,411.7501525878906,1080.963134765625,286.4422607421875,1416.02197265625,537.0580444335938
333,13.32,10,2,car,0.8679272532463074,146.15333938598633,337.57786560058594,0.47321319580078125,168.147216796875,291.8334655761719,507.0085144042969
333,13.32,12,2,car,0.7849116921424866,884.0425415039062,425.7024383544922,767.1674194335938,335.8888244628906,1000.9176635742188,515.5160522460938
333,13.32,9,2,car,0.7028330564498901,1249.640625,410.5283508300781,1081.861083984375,285.93145751953125,1417.420166015625,535.125244140625
333,13.32,13,2,car,0.5342708230018616,542.9966888427734,432.70733642578125,448.3301696777344,365.6230773925781,637.6632080078125,499.7915954589844
333,13.32,1,2,car,0.36165791749954224,1464.1203002929688,475.2620544433594,1408.7420654296875,423.265869140625,1519.49853515625,527.2582397460938
334,13.36,10,2,car,0.8710857629776001,148.96977996826172,339.14636993408203,0.3150787353515625,171.3636016845703,297.6244812011719,506.92913818359375
334,13.36,12,2,car,0.8116251230239868,884.7156982421875,425.5364227294922,769.3217163085938,336.2097473144531,1000.1096801757812,514.8630981445312
334,13.36,9,2,car,0.7701271176338196,1251.3585205078125,410.85743713378906,1085.3331298828125,285.7247619628906,1417.3839111328125,535.9901123046875
334,13.36,1,2,car,0.41827186942100525,1464.2364501953125,475.73619079589844,1409.10986328125,424.8534240722656,1519.363037109375,526.6189575195312
335,13.4,10,2,car,0.8329792022705078,150.55113983154297,340.8818664550781,0.3415374755859375,172.73977661132812,300.7607421875,509.0239562988281
335,13.4,12,2,car,0.8125056624412537,886.6953735351562,425.3714599609375,771.5392456054688,335.987060546875,1001.8515014648438,514.755859375
335,13.4,9,2,car,0.7995407581329346,1250.8239135742188,411.031005859375,1084.779541015625,286.0699462890625,1416.8682861328125,535.9920654296875
335,13.4,13,2,car,0.46082597970962524,543.0706634521484,434.81396484375,448.7060852050781,368.6298522949219,637.4352416992188,500.9980773925781
335,13.4,1,2,car,0.44813668727874756,1463.9796142578125,476.1038055419922,1407.866943359375,424.9801330566406,1520.09228515625,527.2274780273438
336,13.44,10,2,car,0.8809528946876526,155.33359909057617,340.2443389892578,0.32677459716796875,173.14627075195312,310.3404235839844,507.3424072265625
336,13.44,9,2,car,0.843070924282074,1251.7900390625,411.4068298339844,1086.628173828125,286.96246337890625,1416.951904296875,535.8511962890625
336,13.44,12,2,car,0.8091065287590027,888.73388671875,425.26263427734375,772.5452270507812,335.78558349609375,1004.9225463867188,514.7396850585938
336,13.44,1,2,car,0.467349112033844,1464.3014526367188,475.3324432373047,1408.9976806640625,425.1770324707031,1519.605224609375,525.4878540039062
337,13.48,10,2,car,0.8654665350914001,157.82548141479492,340.1926040649414,0.8119125366210938,173.12416076660156,314.83905029296875,507.26104736328125
337,13.48,9,2,car,0.8169395327568054,1253.15771484375,412.3055419921875,1088.8839111328125,289.6058349609375,1417.4315185546875,535.0052490234375
337,13.48,12,2,car,0.7720626592636108,890.2379150390625,425.5932312011719,774.4689331054688,336.94354248046875,1006.0068969726562,514.242919921875
337,13.48,1,2,car,0.4725573658943176,1464.123291015625,476.4024200439453,1408.951904296875,425.6854553222656,1519.294677734375,527.119384765625
338,13.52,10,2,car,0.8575031757354736,160.1964454650879,340.1876678466797,0.6781997680664062,174.25991821289062,319.7146911621094,506.11541748046875
338,13.52,9,2,car,0.8170319199562073,1252.76953125,413.95640563964844,1087.6541748046875,292.4436950683594,1417.8848876953125,535.4691162109375
338,13.52,12,2,car,0.7899353504180908,891.8607788085938,425.8387756347656,775.013671875,336.9111328125,1008.7078857421875,514.7664184570312
338,13.52,1,2,car,0.4598609209060669,1463.813232421875,475.9938201904297,1408.5029296875,424.6940002441406,1519.12353515625,527.2936401367188
339,13.56,10,2,car,0.8212420344352722,162.94697189331055,340.5861282348633,0.6787033081054688,175.36106872558594,325.2152404785156,505.8111877441406
339,13.56,9,2,car,0.7340733408927917,1253.3002319335938,413.5185241699219,1086.0382080078125,292.6607666015625,1420.562255859375,534.3762817382812
339,13.56,12,2,car,0.7236138582229614,892.9112548828125,426.498046875,777.2100219726562,338.39227294921875,1008.6124877929688,514.6038208007812
339,13.56,1,2,car,0.5264474153518677,1464.5128173828125,477.00291442871094,1411.12548828125,425.8770446777344,1517.900146484375,528.1287841796875
340,13.6,10,2,car,0.8638500571250916,165.563232421875,341.3044662475586,0.38470458984375,177.8588104248047,330.74176025390625,504.7501220703125
340,13.6,9,2,car,0.7972593307495117,1254.396240234375,413.1756286621094,1087.9844970703125,292.26300048828125,1420.8079833984375,534.0882568359375
340,13.6,12,2,car,0.6877802014350891,892.7616577148438,426.1772766113281,778.2808227539062,338.033935546875,1007.2424926757812,514.3206176757812
340,13.6,1,2,car,0.5966281890869141,1465.5752563476562,477.11964416503906,1413.9276123046875,426.0634460449219,1517.222900390625,528.1758422851562
341,13.64,10,2,car,0.8682605624198914,168.68792343139648,342.15760803222656,0.7902145385742188,179.48812866210938,336.58563232421875,504.82708740234375
341,13.64,9,2,car,0.8103485107421875,1255.8601684570312,414.2004852294922,1089.6419677734375,293.4218444824219,1422.078369140625,534.9791259765625
341,13.64,12,2,car,0.7609774470329285,894.0230712890625,426.47015380859375,779.3842163085938,339.11273193359375,1008.6619262695312,513.8275756835938
341,13.64,1,2,car,0.5191457867622375,1464.244384765625,476.0728302001953,1411.2833251953125,425.5250549316406,1517.2054443359375,526.62060546875
342,13.68,10,2,car,0.8711085319519043,170.29640579223633,344.43994140625,0.9501113891601562,182.16622924804688,339.6427001953125,506.7136535644531
342,13.68,9,2,car,0.7256941795349121,1254.541259765625,413.3534393310547,1085.1507568359375,293.5176086425781,1423.9317626953125,533.1892700195312
342,13.68,12,2,car,0.6541846394538879,895.0107421875,426.6953887939453,780.20361328125,339.4937438964844,1009.81787109375,513.8970336914062
342,13.68,1,2,car,0.6241307258605957,1465.1268310546875,477.6827850341797,1414.1722412109375,427.3960876464844,1516.0814208984375,527.969482421875
343,13.72,10,2,car,0.8909344673156738,173.73687744140625,343.9414367675781,0.885955810546875,181.99530029296875,346.5877990722656,505.8875732421875
343,13.72,12,2,car,0.7887006402015686,895.6968383789062,426.6170349121094,780.89794921875,339.67205810546875,1010.4957275390625,513.56201171875
343,13.72,9,2,car,0.7798177003860474,1255.4488525390625,415.5680847167969,1085.8983154296875,296.994384765625,1424.9993896484375,534.1417846679688
343,13.72,1,2,car,0.7203976511955261,1466.8038940429688,477.500244140625,1418.302001953125,427.4923095703125,1515.3057861328125,527.5081787109375
344,13.76,10,2,car,0.8897218108177185,175.93802642822266,345.6321716308594,0.8505706787109375,184.37677001953125,351.0254821777344,506.8875732421875
344,13.76,12,2,car,0.7812432646751404,897.0487060546875,426.9469451904297,782.833740234375,339.9091491699219,1011.263671875,513.9847412109375
344,13.76,9,2,car,0.7609536051750183,1257.172119140625,415.2394104003906,1088.813232421875,296.576904296875,1425.531005859375,533.9019165039062
344,13.76,1,2,car,0.7178404927253723,1464.7642211914062,476.8667297363281,1416.6435546875,427.00506591796875,1512.8848876953125,526.7283935546875
345,13.8,10,2,car,0.8724614977836609,179.30886459350586,346.4120178222656,0.7978134155273438,185.86477661132812,357.8199157714844,506.9592590332031
345,13.8,9,2,car,0.7733885645866394,1258.0808715820312,415.24119567871094,1091.19287109375,297.0589904785156,1424.9688720703125,533.4234008789062
345,13.8,12,2,car,0.7646275758743286,901.6622924804688,426.8554382324219,783.86083984375,340.27105712890625,1019.4637451171875,513.4398193359375
345,13.8,1,2,car,0.6903049349784851,1464.72021484375,476.91375732421875,1416.243896484375,426.95855712890625,1513.196533203125,526.8689575195312
346,13.84,10,2,car,0.8786134123802185,180.72954940795898,346.65692138671875,0.7930526733398438,186.52294921875,360.6660461425781,506.7908935546875
346,13.84,9,2,car,0.8375384211540222,1260.9059448242188,415.83287048339844,1094.6650390625,297.5533142089844,1427.1468505859375,534.1124267578125
346,13.84,12,2,car,0.8039034605026245,904.5411987304688,427.0072937011719,786.6619262695312,340.42144775390625,1022.4204711914062,513.5931396484375
346,13.84,1,2,car,0.7150033712387085,1465.9150390625,476.9121398925781,1418.4647216796875,426.70452880859375,1513.3653564453125,527.1197509765625
347,13.88,10,2,car,0.8838903307914734,183.46516799926758,346.8486328125,0.7830276489257812,187.16015625,366.1473083496094,506.537109375
347,13.88,12,2,car,0.826492190361023,903.7147521972656,427.7231750488281,787.0037841796875,341.0250244140625,1020.4257202148438,514.4213256835938
347,13.88,9,2,car,0.8071701526641846,1257.49658203125,416.4788818359375,1087.4901123046875,298.75286865234375,1427.5030517578125,534.2048950195312
347,13.88,1,2,car,0.7144531011581421,1465.8060913085938,477.015380859375,1418.252685546875,426.54840087890625,1513.3594970703125,527.4823608398438
347,13.88,13,2,car,0.35589873790740967,518.2164916992188,432.0454864501953,394.953369140625,367.9400329589844,641.4796142578125,496.15093994140625
348,13.92,10,2,car,0.884137749671936,187.56245040893555,348.3366394042969,0.7806015014648438,189.42315673828125,374.34429931640625,507.2501220703125
348,13.92,12,2,car,0.783506453037262,906.2054443359375,427.1984558105469,792.673095703125,340.92974853515625,1019.73779296875,513.4671630859375
348,13.92,9,2,car,0.769496738910675,1259.0977172851562,416.7705535888672,1089.808349609375,299.6648254394531,1428.3870849609375,533.8762817382812
348,13.92,1,2,car,0.6738446354866028,1465.734375,476.9645538330078,1417.9793701171875,426.6600036621094,1513.4893798828125,527.2691040039062
349,13.96,10,2,car,0.8905465006828308,188.71673583984375,349.28809356689453,0.79412841796875,190.6022186279297,376.63934326171875,507.9739685058594
349,13.96,12,2,car,0.8111278414726257,911.5518188476562,427.8463439941406,792.874755859375,342.0421142578125,1030.2288818359375,513.6505737304688
349,13.96,9,2,car,0.7899990677833557,1259.5687866210938,417.63482666015625,1088.5155029296875,300.80328369140625,1430.6220703125,534.4663696289062
349,13.96,1,2,car,0.687675416469574,1466.8447875976562,475.841552734375,1419.826416015625,426.04241943359375,1513.8631591796875,525.6406860351562
350,14.0,10,2,car,0.8426077365875244,192.13502883911133,349.3115921020508,0.7359695434570312,191.30714416503906,383.5340881347656,507.3160400390625
350,14.0,12,2,car,0.769649863243103,913.7908020019531,427.83726501464844,797.3049926757812,341.6332092285156,1030.276611328125,514.0413208007812
350,14.0,9,2,car,0.7565494179725647,1264.889404296875,418.84815979003906,1099.7564697265625,303.1606750488281,1430.0223388671875,534.53564453125
350,14.0,1,2,car,0.6489012241363525,1466.7638549804688,476.96697998046875,1420.5601806640625,425.87530517578125,1512.967529296875,528.0586547851562
351,14.04,10,2,car,0.9013045430183411,192.54467010498047,350.2041320800781,0.7284393310546875,192.97174072265625,384.36090087890625,507.4365234375
351,14.04,12,2,car,0.7777536511421204,912.2565002441406,427.96763610839844,794.1062622070312,342.4072570800781,1030.40673828125,513.5280151367188
351,14.04,9,2,car,0.7382990717887878,1268.9526977539062,419.1680908203125,1106.6978759765625,303.58062744140625,1431.20751953125,534.7555541992188
351,14.04,1,2,car,0.6270917057991028,1467.4221801757812,476.06268310546875,1421.310546875,425.78924560546875,1513.5338134765625,526.3361206054688
352,14.08,10,2,car,0.8952077031135559,195.11065673828125,352.2560043334961,0.4808349609375,195.04042053222656,389.740478515625,509.4715881347656
352,14.08,12,2,car,0.7864127159118652,914.2679138183594,428.82794189453125,799.0640258789062,343.48358154296875,1029.4718017578125,514.1723022460938
352,14.08,9,2,car,0.7018712759017944,1268.7783813476562,419.25718688964844,1105.8194580078125,303.1319274902344,1431.7373046875,535.3824462890625
352,14.08,1,2,car,0.6368243098258972,1467.540771484375,477.39947509765625,1421.9693603515625,426.1297607421875,1513.1121826171875,528.669189453125
353,14.12,10,2,car,0.860954999923706,198.0435333251953,352.88230895996094,0.858856201171875,197.29547119140625,395.22821044921875,508.4691467285156
353,14.12,12,2,car,0.7790157198905945,913.84130859375,428.24205017089844,800.0167236328125,342.3222961425781,1027.6658935546875,514.1618041992188
353,14.12,1,2,car,0.6505175828933716,1467.9234008789062,476.5533142089844,1421.980224609375,426.2288818359375,1513.8665771484375,526.8777465820312
353,14.12,9,2,car,0.5799703598022461,1278.9247436523438,419.8253936767578,1124.491455078125,305.8795471191406,1433.3580322265625,533.771240234375
354,14.16,10,2,car,0.8823840618133545,201.10446166992188,352.8754425048828,0.532012939453125,197.24923706054688,401.6769104003906,508.50164794921875
354,14.16,12,2,car,0.7872927784919739,917.5145874023438,428.6866912841797,802.1436767578125,343.5674743652344,1032.885498046875,513.805908203125
354,14.16,9,2,car,0.6713873744010925,1277.6046752929688,420.2197265625,1121.62060546875,307.27862548828125,1433.5887451171875,533.1608276367188
354,14.16,1,2,car,0.6342385411262512,1468.4267578125,476.1166534423828,1422.599853515625,426.0656433105469,1514.253662109375,526.1676635742188
355,14.2,10,2,car,0.8409436345100403,203.98265075683594,354.7829132080078,0.771697998046875,201.05960083007812,407.193603515625,508.5062255859375
355,14.2,12,2,car,0.7337296605110168,918.4183654785156,428.78350830078125,804.4601440429688,343.318359375,1032.3765869140625,514.2486572265625
355,14.2,9,2,car,0.6660085320472717,1281.69287109375,419.25799560546875,1128.450439453125,305.4224853515625,1434.935302734375,533.093505859375
355,14.2,1,2,car,0.5901599526405334,1469.5762329101562,475.5751495361328,1425.6827392578125,424.7196350097656,1513.4697265625,526.4306640625
356,14.24,10,2,car,0.8711210489273071,205.52952575683594,355.43031311035156,0.831939697265625,201.31564331054688,410.22711181640625,509.54498291015625
356,14.24,12,2,car,0.7829580903053284,917.3223266601562,428.87066650390625,803.23974609375,342.9617919921875,1031.4049072265625,514.779541015625
356,14.24,1,2,car,0.5713307857513428,1469.8828735351562,475.4031066894531,1425.3759765625,425.9580078125,1514.3897705078125,524.8482055664062
356,14.24,9,2,car,0.5688475966453552,1282.1151123046875,420.41693115234375,1129.177734375,307.09478759765625,1435.052490234375,533.7390747070312
357,14.28,10,2,car,0.8467472195625305,206.77741241455078,355.28026580810547,0.7660675048828125,202.10426330566406,412.78875732421875,508.4562683105469
357,14.28,12,2,car,0.7704089879989624,918.4234924316406,428.4772644042969,804.7351684570312,342.96746826171875,1032.11181640625,513.987060546875
357,14.28,1,2,car,0.6203063726425171,1470.2535400390625,474.96897888183594,1425.1865234375,425.8028869628906,1515.320556640625,524.1350708007812
357,14.28,9,2,car,0.5901879668235779,1280.2567138671875,419.12420654296875,1126.3734130859375,304.78143310546875,1434.1400146484375,533.4669799804688
358,14.32,10,2,car,0.860079824924469,209.2394027709961,355.96673583984375,0.8524932861328125,203.184814453125,417.6263122558594,508.7486572265625
358,14.32,12,2,car,0.7717838287353516,919.2853698730469,429.0298767089844,805.6743774414062,343.78521728515625,1032.8963623046875,514.2745361328125
358,14.32,9,2,car,0.6756656169891357,1279.570068359375,420.5699462890625,1124.310546875,307.880859375,1434.82958984375,533.259033203125
358,14.32,1,2,car,0.6122607588768005,1469.9918212890625,474.9822692871094,1426.6226806640625,426.87982177734375,1513.3609619140625,523.084716796875
359,14.36,10,2,car,0.8492982387542725,211.8844757080078,356.62001037597656,0.752655029296875,205.2952880859375,423.01629638671875,507.9447326660156
359,14.36,12,2,car,0.7840651273727417,919.2264404296875,429.1788787841797,805.443603515625,343.7676086425781,1033.00927734375,514.5901489257812
359,14.36,9,2,car,0.7500590682029724,1281.08935546875,422.05255126953125,1125.084228515625,310.35498046875,1437.094482421875,533.7501220703125
359,14.36,1,2,car,0.5228255391120911,1470.4173583984375,473.61573791503906,1427.041015625,425.6592712402344,1513.793701171875,521.5722045898438
360,14.4,10,2,car,0.8405440449714661,214.12477111816406,358.0078887939453,0.8616943359375,207.36865234375,427.3878479003906,508.6471252441406
360,14.4,12,2,car,0.7852618098258972,921.3898315429688,428.98634338378906,805.388671875,343.8331604003906,1037.3909912109375,514.1395263671875
360,14.4,9,2,car,0.6364076733589172,1281.1320190429688,420.9783172607422,1125.61083984375,307.6366271972656,1436.6531982421875,534.3200073242188
360,14.4,1,2,car,0.5217767953872681,1470.7724609375,473.57508850097656,1428.385009765625,425.7931213378906,1513.159912109375,521.3570556640625
361,14.44,10,2,car,0.8352165818214417,216.43096160888672,358.8632354736328,0.8772125244140625,209.02395629882812,431.9847106933594,508.7025146484375
361,14.44,12,2,car,0.7388296723365784,922.1050109863281,429.96897888183594,808.8268432617188,345.8053894042969,1035.3831787109375,514.132568359375
361,14.44,9,2,car,0.6007949113845825,1284.1539306640625,420.37225341796875,1131.368896484375,307.5721435546875,1436.93896484375,533.17236328125
361,14.44,1,2,car,0.573976993560791,1471.4347534179688,474.73863220214844,1427.860595703125,427.0307922363281,1515.0089111328125,522.4464721679688
362,14.48,10,2,car,0.8247788548469543,218.5813751220703,358.96302795410156,0.667236328125,209.74630737304688,436.4955139160156,508.17974853515625
362,14.48,12,2,car,0.7948112487792969,921.0179443359375,429.8838348388672,808.0118408203125,345.5400085449219,1034.0240478515625,514.2276611328125
362,14.48,9,2,car,0.6801413297653198,1285.631103515625,421.4433135986328,1133.5667724609375,309.4867858886719,1437.6954345703125,533.3998413085938
362,14.48,1,2,car,0.5966177582740784,1472.9439086914062,474.43731689453125,1428.2080078125,426.39654541015625,1517.6798095703125,522.4780883789062
363,14.52,10,2,car,0.8074896931648254,221.38394165039062,359.85643768310547,0.818206787109375,211.6128387451172,441.9496765136719,508.10003662109375
363,14.52,12,2,car,0.7808500528335571,924.1017761230469,430.08470153808594,812.5772094726562,345.7693176269531,1035.6263427734375,514.4000854492188
363,14.52,9,2,car,0.6458234190940857,1287.5275268554688,424.25146484375,1137.942626953125,314.80059814453125,1437.1124267578125,533.7023315429688
363,14.52,1,2,car,0.4930911064147949,1473.1610107421875,474.65602111816406,1428.888916015625,427.5795593261719,1517.43310546875,521.7324829101562
364,14.56,10,2,car,0.7988770008087158,223.26593780517578,360.6726837158203,0.6678314208984375,212.51422119140625,445.8640441894531,508.8311462402344
364,14.56,12,2,car,0.782560408115387,923.3977355957031,430.0263977050781,810.4464721679688,345.15875244140625,1036.3489990234375,514.89404296875
364,14.56,9,2,car,0.6675689220428467,1296.953369140625,445.47032165527344,1153.6727294921875,358.1664733886719,1440.2340087890625,532.774169921875
364,14.56,1,2,car,0.4378565847873688,1472.3145141601562,474.6712951660156,1426.65966796875,425.677734375,1517.9693603515625,523.6648559570312
365,14.6,10,2,car,0.8231205344200134,225.32089233398438,360.6530456542969,0.653228759765625,213.49484252929688,449.9885559082031,507.8112487792969
365,14.6,12,2,car,0.8031530976295471,923.51513671875,431.0029754638672,812.4180908203125,347.3623352050781,1034.6121826171875,514.6436157226562
365,14.6,9,2,car,0.6309849619865417,1298.5328369140625,443.974365234375,1157.4884033203125,355.6314697265625,1439.5772705078125,532.3172607421875
365,14.6,1,2,car,0.4713626801967621,1474.1921997070312,473.96885681152344,1430.16650390625,426.6050720214844,1518.2178955078125,521.3326416015625
366,14.64,10,2,car,0.7970554232597351,227.7469940185547,361.9486541748047,0.735260009765625,214.6688232421875,454.75872802734375,509.2284851074219
366,14.64,12,2,car,0.7919328212738037,924.2991638183594,431.17298889160156,814.7267456054688,347.4746398925781,1033.87158203125,514.871337890625
366,14.64,9,2,car,0.6642619967460632,1300.6531982421875,447.40277099609375,1160.9078369140625,362.44317626953125,1440.3985595703125,532.3623657226562
366,14.64,1,2,car,0.4664158821105957,1474.7029418945312,474.1118621826172,1430.6212158203125,425.6899108886719,1518.78466796875,522.5338134765625
367,14.68,12,2,car,0.7878685593605042,925.0087890625,431.7056427001953,814.4974365234375,348.4358825683594,1035.5201416015625,514.9754028320312
367,14.68,10,2,car,0.7416034936904907,229.9881362915039,362.5427017211914,0.4439849853515625,216.4437713623047,459.53228759765625,508.6416320800781
367,14.68,9,2,car,0.6390755772590637,1299.6432495117188,447.4495849609375,1159.3304443359375,363.1107177734375,1439.9560546875,531.7884521484375
367,14.68,1,2,car,0.5277639627456665,1473.4696044921875,475.97816467285156,1431.1993408203125,429.5710144042969,1515.7398681640625,522.3853149414062
368,14.72,12,2,car,0.7976981997489929,926.6131591796875,431.8701629638672,816.803466796875,349.0063781738281,1036.4228515625,514.7339477539062
368,14.72,10,2,car,0.779837429523468,231.64251708984375,362.9401626586914,0.540802001953125,216.23570251464844,462.7442321777344,509.6446228027344
368,14.72,9,2,car,0.5907732844352722,1301.5418090820312,447.1839141845703,1162.546630859375,362.2310485839844,1440.5369873046875,532.1367797851562
368,14.72,1,2,car,0.423586368560791,1473.5756225585938,474.8687286376953,1429.31884765625,426.1934509277344,1517.8323974609375,523.5440063476562
369,14.76,12,2,car,0.8425639271736145,926.5880126953125,432.3653869628906,816.5606689453125,349.81146240234375,1036.6153564453125,514.9193115234375
369,14.76,10,2,car,0.7578519582748413,234.10482788085938,364.0301055908203,0.958831787109375,217.77456665039062,467.2508239746094,510.28564453125
369,14.76,9,2,car,0.6821353435516357,1302.6041870117188,445.95811462402344,1164.16259765625,359.3529968261719,1441.0457763671875,532.563232421875
369,14.76,1,2,car,0.36221569776535034,1473.36962890625,474.5021667480469,1428.3538818359375,426.87432861328125,1518.3853759765625,522.1300048828125
370,14.8,12,2,car,0.8375990986824036,929.44775390625,432.4209289550781,819.9664306640625,350.18841552734375,1038.9290771484375,514.6534423828125
370,14.8,10,2,car,0.795844316482544,235.22122192382812,364.03184509277344,0.81939697265625,218.72433471679688,469.623046875,509.33935546875
370,14.8,9,2,car,0.7289027571678162,1303.2081298828125,446.6436309814453,1164.66650390625,360.6752014160156,1441.749755859375,532.612060546875
370,14.8,1,2,car,0.38083118200302124,1473.5082397460938,474.7046813964844,1431.2982177734375,427.45660400390625,1515.71826171875,521.9527587890625
371,14.84,12,2,car,0.8265780806541443,930.1602172851562,432.8861389160156,821.4891357421875,351.29791259765625,1038.831298828125,514.474365234375
371,14.84,10,2,car,0.7983856797218323,237.95823669433594,364.80843353271484,0.799163818359375,220.02708435058594,475.1173095703125,509.58978271484375
371,14.84,9,2,car,0.6843867301940918,1302.676025390625,446.12420654296875,1163.1361083984375,359.3609619140625,1442.2159423828125,532.887451171875
372,14.88,12,2,car,0.8329108953475952,931.1038513183594,432.40338134765625,823.5532836914062,350.47760009765625,1038.6544189453125,514.3291625976562
372,14.88,10,2,car,0.8204476833343506,239.43460845947266,365.5643768310547,0.8123931884765625,221.1590576171875,478.05682373046875,509.9696960449219
372,14.88,9,2,car,0.6894210577011108,1302.9422607421875,447.10316467285156,1161.0267333984375,361.3409729003906,1444.8577880859375,532.8653564453125
372,14.88,1,2,car,0.35856038331985474,1474.9616088867188,474.99774169921875,1432.6783447265625,426.18914794921875,1517.244873046875,523.8063354492188
373,14.92,12,2,car,0.8335966467857361,931.9339294433594,432.7512664794922,825.5297241210938,351.3694152832031,1038.338134765625,514.1331176757812
373,14.92,10,2,car,0.8134464621543884,241.05239868164062,366.44813537597656,0.79998779296875,222.79052734375,481.3048095703125,510.1057434082031
373,14.92,9,2,car,0.6771817803382874,1305.8876342773438,448.25721740722656,1166.885498046875,364.0840148925781,1444.8897705078125,532.430419921875
374,14.96,12,2,car,0.8193580508232117,932.4449462890625,433.0112609863281,825.364990234375,351.48846435546875,1039.52490234375,514.5340576171875
374,14.96,10,2,car,0.7693716287612915,245.25746154785156,368.74410247802734,0.882843017578125,224.8938446044922,489.632080078125,512.5943603515625
374,14.96,9,2,car,0.6457297205924988,1307.8948974609375,448.1383514404297,1170.80126953125,364.4830627441406,1444.988525390625,531.7936401367188
375,15.0,12,2,car,0.8130850195884705,932.5043029785156,432.68475341796875,825.1591186523438,351.5526123046875,1039.8494873046875,513.81689453125
375,15.0,10,2,car,0.8128070831298828,246.59529876708984,368.82786560058594,0.8115692138671875,224.94772338867188,492.3790283203125,512.7080078125
375,15.0,9,2,car,0.7514215707778931,1308.6165161132812,449.01634216308594,1172.129150390625,365.9814147949219,1445.1038818359375,532.05126953125
375,15.0,1,2,car,0.4248798191547394,1475.751708984375,476.7807159423828,1433.6729736328125,428.7981262207031,1517.8304443359375,524.7633056640625
376,15.04,10,2,car,0.7867177724838257,248.72762298583984,368.8821792602539,0.7982025146484375,225.87095642089844,496.65704345703125,511.8934020996094
376,15.04,12,2,car,0.7828437685966492,933.84033203125,433.5655517578125,827.294921875,353.3353271484375,1040.3857421875,513.7957763671875
376,15.04,9,2,car,0.7426115274429321,1310.0697021484375,450.15736389160156,1175.137451171875,368.7572937011719,1445.001953125,531.5574340820312
376,15.04,1,2,car,0.39165377616882324,1475.239990234375,477.01783752441406,1433.2545166015625,429.4563293457031,1517.2254638671875,524.579345703125
377,15.08,12,2,car,0.7887417078018188,934.708740234375,434.17857360839844,828.3116455078125,354.1231384277344,1041.1058349609375,514.2340087890625
377,15.08,10,2,car,0.7296894788742065,249.81202697753906,369.15628814697266,1.529022216796875,227.2663116455078,498.09503173828125,511.0462646484375
377,15.08,9,2,car,0.6120975017547607,1309.6345825195312,448.5838623046875,1172.993408203125,365.17291259765625,1446.2757568359375,531.9948120117188
377,15.08,1,2,car,0.4532513916492462,1477.46435546875,475.7888488769531,1438.1038818359375,429.24884033203125,1516.8248291015625,522.328857421875
378,15.12,10,2,car,0.771855890750885,253.11245727539062,369.1147994995117,4.16033935546875,228.7416229248047,502.0645751953125,509.48797607421875
378,15.12,12,2,car,0.7479459047317505,940.9110412597656,433.75286865234375,840.4432983398438,354.37060546875,1041.3787841796875,513.1351318359375
378,15.12,9,2,car,0.6231746077537537,1311.7684936523438,449.4100341796875,1176.85400390625,368.2679443359375,1446.6829833984375,530.5521240234375
378,15.12,1,2,car,0.5501587390899658,1477.5856323242188,476.898193359375,1438.412353515625,431.4334716796875,1516.7589111328125,522.3629150390625
379,15.16,12,2,car,0.7712636590003967,937.0050354003906,434.1856689453125,831.6696166992188,354.15704345703125,1042.3404541015625,514.2142944335938
379,15.16,10,2,car,0.7305172681808472,256.6882095336914,369.8340377807617,7.2693328857421875,229.5512237548828,506.1070861816406,510.1168518066406
379,15.16,9,2,car,0.640526294708252,1315.0319213867188,451.3025207519531,1180.7359619140625,370.01129150390625,1449.327880859375,532.59375
379,15.16,1,2,car,0.49154403805732727,1477.833984375,476.7450714111328,1438.5303955078125,429.9357604980469,1517.1375732421875,523.5543823242188
380,15.2,12,2,car,0.7584018111228943,938.0953063964844,433.37657165527344,832.0994262695312,353.2986145019531,1044.0911865234375,513.4545288085938
380,15.2,10,2,car,0.6884986758232117,259.31494140625,370.08421325683594,14.03668212890625,230.68624877929688,504.59320068359375,509.482177734375
380,15.2,9,2,car,0.6585951447486877,1315.4469604492188,451.7957000732422,1183.06982421875,370.8919372558594,1447.8240966796875,532.699462890625
380,15.2,1,2,car,0.421623557806015,1478.7255859375,476.59844970703125,1440.1553955078125,429.76171875,1517.2957763671875,523.4351806640625
381,15.24,12,2,car,0.8196634650230408,938.4150085449219,433.67713928222656,831.9569702148438,353.6867980957031,1044.873046875,513.66748046875
381,15.24,10,2,car,0.6784133315086365,264.5026092529297,372.0608673095703,16.423553466796875,233.44515991210938,512.5816650390625,510.67657470703125
381,15.24,9,2,car,0.663335382938385,1317.1820678710938,452.2068786621094,1184.921875,370.74078369140625,1449.4422607421875,533.6729736328125
382,15.28,12,2,car,0.8322637677192688,940.4765625,434.4678955078125,834.1409912109375,354.67913818359375,1046.8121337890625,514.2566528320312
382,15.28,10,2,car,0.7535116672515869,270.52465057373047,371.3586730957031,25.323898315429688,233.16055297851562,515.7254028320312,509.5567932128906
382,15.28,9,2,car,0.72612065076828,1315.7769775390625,451.6429138183594,1182.103759765625,369.52294921875,1449.4501953125,533.7628784179688
383,15.32,12,2,car,0.8074981570243835,940.8436584472656,434.82542419433594,835.1530151367188,354.6881408691406,1046.5343017578125,514.9627075195312
383,15.32,10,2,car,0.7790085673332214,274.44005584716797,372.1476745605469,30.586349487304688,234.45089721679688,518.2937622070312,509.8444519042969
383,15.32,9,2,car,0.5953481793403625,1315.5391235351562,450.99082946777344,1180.67822265625,369.3498229980469,1450.4000244140625,532.6318359375
383,15.32,1,2,car,0.35022425651550293,1480.1929321289062,474.9818878173828,1442.0123291015625,431.6305847167969,1518.37353515625,518.3331909179688
384,15.36,12,2,car,0.8184100985527039,942.2381286621094,435.3436737060547,837.1953735351562,355.1208801269531,1047.2808837890625,515.5664672851562
384,15.36,10,2,car,0.6939197778701782,281.40740966796875,373.0607376098633,37.9522705078125,236.93235778808594,524.862548828125,509.1891174316406
384,15.36,9,2,car,0.5792434215545654,1318.2400512695312,451.6388702392578,1185.330322265625,371.0392761230469,1451.1497802734375,532.2384643554688
384,15.36,1,2,car,0.42320623993873596,1479.7359008789062,475.35752868652344,1441.3721923828125,431.0184631347656,1518.099609375,519.6965942382812
385,15.4,12,2,car,0.8150803446769714,943.2376403808594,435.5335693359375,838.4887084960938,355.3941650390625,1047.986572265625,515.6729736328125
385,15.4,10,2,car,0.7196800112724304,290.97985076904297,373.5521926879883,45.79106140136719,237.69993591308594,536.1686401367188,509.4044494628906
385,15.4,9,2,car,0.701500415802002,1316.4840087890625,450.0796661376953,1183.0052490234375,367.4557189941406,1449.9627685546875,532.70361328125
386,15.44,12,2,car,0.7924985885620117,943.7887268066406,435.58509826660156,838.6979370117188,355.8471984863281,1048.8795166015625,515.322998046875
386,15.44,10,2,car,0.7269712686538696,292.5509567260742,373.5050277709961,52.14207458496094,239.47361755371094,532.9598388671875,507.53643798828125
386,15.44,9,2,car,0.6709657311439514,1320.7199096679688,452.07879638671875,1190.908203125,373.17681884765625,1450.5316162109375,530.9807739257812
386,15.44,1,2,car,0.38176319003105164,1480.6204223632812,477.0703887939453,1442.5845947265625,432.4820251464844,1518.65625,521.6587524414062
387,15.48,12,2,car,0.8220235109329224,946.6398620605469,435.56292724609375,842.7702026367188,355.69384765625,1050.509521484375,515.4320068359375
387,15.48,10,2,car,0.7380065321922302,300.4275588989258,375.69944763183594,58.18721008300781,241.26596069335938,542.6679077148438,510.1329345703125
387,15.48,9,2,car,0.675087034702301,1321.6863403320312,452.31275939941406,1192.693115234375,373.8349914550781,1450.6795654296875,530.79052734375
387,15.48,1,2,car,0.4659052789211273,1480.9556884765625,476.1205749511719,1443.0880126953125,432.57415771484375,1518.8233642578125,519.6669921875
388,15.52,12,2,car,0.7335306406021118,947.7333679199219,435.30523681640625,842.7002563476562,355.70196533203125,1052.7664794921875,514.9085083007812
388,15.52,9,2,car,0.6542004942893982,1334.2054443359375,453.3348083496094,1216.4722900390625,376.0880126953125,1451.9385986328125,530.5816040039062
388,15.52,10,2,car,0.6459657549858093,304.55701446533203,374.9717559814453,63.04957580566406,240.61981201171875,546.064453125,509.3236999511719
388,15.52,1,2,car,0.44262978434562683,1481.177001953125,474.5688018798828,1442.904052734375,431.9061584472656,1519.449951171875,517.2314453125
389,15.56,12,2,car,0.8305325508117676,948.6148681640625,435.61412048339844,844.8402099609375,356.0542907714844,1052.3895263671875,515.1739501953125
389,15.56,10,2,car,0.7764683961868286,310.9560012817383,375.0824966430664,69.26985168457031,240.9114227294922,552.6421508789062,509.2535705566406
389,15.56,9,2,car,0.6254196166992188,1334.6422119140625,452.9828796386719,1216.481689453125,375.1285400390625,1452.802734375,530.8372192382812
389,15.56,1,2,car,0.354407399892807,1480.9392700195312,475.6602020263672,1442.832275390625,432.1586608886719,1519.0462646484375,519.1617431640625
390,15.6,12,2,car,0.8221982717514038,950.1144714355469,435.87376403808594,846.6560668945312,356.5240173339844,1053.5728759765625,515.2235107421875
390,15.6,10,2,car,0.7590197920799255,314.3905563354492,375.6546859741211,75.61857604980469,241.3303985595703,553.1625366210938,509.9789733886719
390,15.6,9,2,car,0.5910684466362,1327.6699829101562,453.12477111816406,1203.1429443359375,375.7116394042969,1452.197021484375,530.5379028320312
390,15.6,1,2,car,0.4464353621006012,1481.3963623046875,475.8742980957031,1443.7652587890625,431.973388671875,1519.0274658203125,519.7752075195312
391,15.64,12,2,car,0.8500760197639465,950.4017944335938,436.2049102783203,847.09716796875,356.6377258300781,1053.7064208984375,515.7720947265625
391,15.64,10,2,car,0.7728145718574524,318.18841552734375,376.0647430419922,81.4075927734375,242.31973266601562,554.96923828125,509.80975341796875
391,15.64,9,2,car,0.6251513361930847,1337.6764526367188,453.6777038574219,1222.8900146484375,375.6829833984375,1452.462890625,531.6724243164062
392,15.68,12,2,car,0.850372314453125,951.9149475097656,436.114013671875,849.4843139648438,356.47064208984375,1054.3455810546875,515.7573852539062
392,15.68,10,2,car,0.7600932717323303,321.17122650146484,376.0055694580078,88.29368591308594,243.30130004882812,554.0487670898438,508.7098388671875
392,15.68,9,2,car,0.6372446417808533,1349.8508911132812,453.5808868408203,1246.278564453125,377.1484680175781,1453.4232177734375,530.0133056640625
392,15.68,1,2,car,0.46240249276161194,1481.613525390625,476.24632263183594,1442.7119140625,433.3329162597656,1520.51513671875,519.1597290039062
393,15.72,12,2,car,0.8154240250587463,952.7414855957031,435.93470764160156,850.2302856445312,356.7366027832031,1055.252685546875,515.1328125
393,15.72,10,2,car,0.7049288153648376,326.97422790527344,376.89390563964844,94.92837524414062,242.87274169921875,559.0200805664062,510.9150695800781
393,15.72,9,2,car,0.4125594198703766,1352.1904296875,453.88722229003906,1249.299072265625,376.7049865722656,1455.081787109375,531.0694580078125
393,15.72,1,2,car,0.3792577385902405,1480.9454345703125,477.8959197998047,1442.054931640625,434.5575256347656,1519.8359375,521.2343139648438
394,15.76,12,2,car,0.8326292634010315,953.399169921875,436.0426330566406,851.41064453125,356.9520263671875,1055.3876953125,515.1332397460938
394,15.76,10,2,car,0.7176480889320374,330.77474212646484,377.2308654785156,100.13182067871094,244.015869140625,561.4176635742188,510.44586181640625
394,15.76,9,2,car,0.508630096912384,1332.677490234375,454.52708435058594,1210.3260498046875,377.3506164550781,1455.0289306640625,531.7035522460938
395,15.8,12,2,car,0.8304009437561035,954.1192016601562,436.34033203125,851.8443603515625,357.27154541015625,1056.39404296875,515.4091186523438
395,15.8,10,2,car,0.7497326731681824,335.19371795654297,377.8947067260742,104.06401062011719,244.53648376464844,566.3234252929688,511.2529296875
395,15.8,9,2,car,0.5770168304443359,1334.2605590820312,453.6893768310547,1212.8614501953125,376.5288391113281,1455.65966796875,530.8499145507812
395,15.8,1,2,car,0.42482078075408936,1480.8944702148438,475.7909393310547,1442.2025146484375,431.6983337402344,1519.58642578125,519.883544921875
396,15.84,12,2,car,0.8181581497192383,955.7026672363281,436.42295837402344,854.1267700195312,358.2417297363281,1057.278564453125,514.6041870117188
396,15.84,10,2,car,0.7997702956199646,340.3103713989258,378.63135528564453,111.50038146972656,247.18727111816406,569.120361328125,510.075439453125
396,15.84,9,2,car,0.6550366878509521,1331.6757202148438,455.5880889892578,1209.046142578125,380.9845275878906,1454.3052978515625,530.191650390625
396,15.84,1,2,car,0.4255851209163666,1481.1246337890625,475.9170227050781,1442.7789306640625,430.96893310546875,1519.4703369140625,520.8651123046875
397,15.88,12,2,car,0.793387770652771,956.28857421875,436.4349060058594,854.471435546875,357.9510498046875,1058.105712890625,514.9187622070312
397,15.88,10,2,car,0.7198571562767029,342.8884048461914,378.32328033447266,117.38209533691406,246.2646942138672,568.3947143554688,510.3818664550781
397,15.88,9,2,car,0.6664355397224426,1334.0844116210938,455.8247528076172,1209.0089111328125,381.6515808105469,1459.159912109375,529.9979248046875
398,15.92,12,2,car,0.8208995461463928,957.4488830566406,436.42767333984375,855.8245239257812,358.11895751953125,1059.0732421875,514.7363891601562
398,15.92,10,2,car,0.7623187899589539,347.84857177734375,379.9899368286133,123.205078125,250.81040954589844,572.4920654296875,509.1694641113281
398,15.92,9,2,car,0.4465964138507843,1369.7288208007812,455.02320861816406,1220.791015625,380.6732482910156,1518.6666259765625,529.3731689453125
399,15.96,12,2,car,0.8163385391235352,958.1401977539062,436.24290466308594,856.6728515625,357.7173156738281,1059.6075439453125,514.7684936523438
399,15.96,10,2,car,0.7741953730583191,351.4087371826172,380.4619445800781,126.01675415039062,251.81240844726562,576.8007202148438,509.1114807128906
399,15.96,9,2,car,0.6048418879508972,1337.7199096679688,455.59112548828125,1209.2625732421875,381.22796630859375,1466.17724609375,529.9542846679688
400,16.0,12,2,car,0.8195503354072571,958.3235168457031,436.2470245361328,856.9574584960938,357.5580139160156,1059.6895751953125,514.93603515625
400,16.0,10,2,car,0.724579930305481,354.83441162109375,380.5748291015625,130.92645263671875,252.16012573242188,578.7423706054688,508.9895324707031
400,16.0,9,2,car,0.5392745137214661,1336.0120849609375,455.896484375,1212.373779296875,382.12786865234375,1459.650390625,529.6651000976562
401,16.04,12,2,car,0.8270220756530762,960.4625244140625,436.2257080078125,858.9290771484375,357.856201171875,1061.9959716796875,514.59521484375
401,16.04,10,2,car,0.6930142045021057,359.97251892089844,380.74729919433594,137.45590209960938,253.031494140625,582.4891357421875,508.4631042480469
401,16.04,9,2,car,0.6245612502098083,1337.1829223632812,457.0751037597656,1213.290283203125,383.83172607421875,1461.0755615234375,530.3184814453125
402,16.08,12,2,car,0.8238869905471802,961.7887268066406,436.37831115722656,859.7023315429688,357.9104919433594,1063.8751220703125,514.8461303710938
402,16.08,10,2,car,0.6967934966087341,365.14122009277344,381.8301086425781,144.69662475585938,253.85540771484375,585.5858154296875,509.8048095703125
402,16.08,9,2,car,0.5932915806770325,1337.9368286132812,456.4620056152344,1214.644775390625,383.181884765625,1461.2288818359375,529.7421264648438
403,16.12,12,2,car,0.8180102705955505,962.3984985351562,436.30625915527344,861.292236328125,358.3583679199219,1063.5047607421875,514.254150390625
403,16.12,10,2,car,0.7378565669059753,369.56858825683594,382.08360290527344,147.36428833007812,254.79544067382812,591.7728881835938,509.37176513671875
403,16.12,9,2,car,0.6726924180984497,1337.3318481445312,456.779052734375,1214.0657958984375,383.95404052734375,1460.597900390625,529.6040649414062
404,16.16,12,2,car,0.8242418169975281,963.958740234375,436.5279083251953,864.18017578125,358.6467590332031,1063.7373046875,514.4090576171875
404,16.16,10,2,car,0.7714438438415527,372.36438751220703,383.54002380371094,150.9927520751953,256.5895080566406,593.7360229492188,510.49053955078125
404,16.16,9,2,car,0.7068320512771606,1338.9223022460938,458.8492889404297,1216.67724609375,386.9847106933594,1461.1673583984375,530.7138671875
405,16.2,12,2,car,0.8283448219299316,964.6514282226562,436.35862731933594,864.2548828125,357.7504577636719,1065.0479736328125,514.966796875
405,16.2,10,2,car,0.7344840168952942,377.41258239746094,383.8378601074219,158.04226684570312,256.96435546875,596.7828979492188,510.71136474609375
405,16.2,9,2,car,0.6944963932037354,1340.5451049804688,457.89646911621094,1219.69189453125,386.2336120605469,1461.3983154296875,529.559326171875
406,16.24,12,2,car,0.8200865387916565,965.6581420898438,435.9169921875,866.0474853515625,357.3914794921875,1065.268798828125,514.4425048828125
406,16.24,10,2,car,0.7472088932991028,381.4325637817383,383.03736877441406,164.2060089111328,255.77938842773438,598.6591186523438,510.29534912109375
406,16.24,9,2,car,0.6051920056343079,1341.309326171875,458.27117919921875,1218.989501953125,387.32293701171875,1463.629150390625,529.2194213867188
407,16.28,12,2,car,0.722811222076416,967.7923583984375,436.2694854736328,870.63818359375,358.1825256347656,1064.946533203125,514.3564453125
407,16.28,10,2,car,0.6536014080047607,385.82716369628906,382.576904296875,167.46340942382812,256.2474060058594,604.19091796875,508.9064025878906
407,16.28,9,2,car,0.6314458250999451,1340.2457275390625,458.0417938232422,1218.4732666015625,386.3326721191406,1462.0181884765625,529.7509155273438
408,16.32,12,2,car,0.7490342259407043,968.36083984375,436.3976287841797,870.7474365234375,358.0926818847656,1065.9742431640625,514.7025756835938
408,16.32,10,2,car,0.6808574795722961,391.8338928222656,384.6350860595703,172.9588623046875,259.03936767578125,610.7089233398438,510.2308044433594
408,16.32,9,2,car,0.6634806394577026,1341.2777709960938,459.5203857421875,1219.4893798828125,389.15826416015625,1463.066162109375,529.8825073242188
409,16.36,9,2,car,0.7044458985328674,1342.2848510742188,458.6101531982422,1223.0137939453125,387.1022644042969,1461.555908203125,530.1180419921875
409,16.36,12,2,car,0.700172483921051,970.6995849609375,436.4439697265625,873.435791015625,358.65289306640625,1067.96337890625,514.2350463867188
409,16.36,10,2,car,0.585016667842865,395.9501495361328,383.7798614501953,179.84573364257812,257.3763427734375,612.0545654296875,510.1833801269531
410,16.4,10,2,car,0.6804212927818298,398.77308654785156,384.7492980957031,185.19699096679688,258.4565124511719,612.3491821289062,511.0420837402344
410,16.4,12,2,car,0.6706199049949646,970.8496398925781,436.0892333984375,872.7141723632812,357.9422607421875,1068.985107421875,514.2362060546875
410,16.4,9,2,car,0.6621802449226379,1347.281494140625,459.6409454345703,1231.1988525390625,389.4542541503906,1463.3641357421875,529.82763671875
411,16.44,10,2,car,0.7280615568161011,402.4552001953125,386.2056884765625,189.80072021484375,260.59130859375,615.1096801757812,511.820068359375
411,16.44,12,2,car,0.6765702366828918,971.8271484375,436.7292938232422,874.261962890625,358.8240051269531,1069.392333984375,514.6345825195312
411,16.44,9,2,car,0.6741621494293213,1344.1944580078125,459.2854461669922,1225.47802734375,389.4689025878906,1462.910888671875,529.1019897460938
412,16.48,10,2,car,0.7602208256721497,406.9489212036133,385.9439697265625,196.3120880126953,261.2666320800781,617.5857543945312,510.6213073730469
412,16.48,12,2,car,0.6617305874824524,974.0723571777344,437.1054382324219,874.2826538085938,359.74932861328125,1073.862060546875,514.4615478515625
412,16.48,9,2,car,0.5188377499580383,1347.078369140625,459.4406280517578,1229.1793212890625,389.7856750488281,1464.9774169921875,529.0955810546875
413,16.52,12,2,car,0.7427842020988464,975.126953125,437.0708312988281,874.6483154296875,359.9937744140625,1075.6055908203125,514.1478881835938
413,16.52,10,2,car,0.6453591585159302,409.62093353271484,386.4591979980469,199.0920867919922,262.11712646484375,620.1497802734375,510.80126953125
413,16.52,9,2,car,0.5508312582969666,1348.1396484375,459.34930419921875,1228.552001953125,389.63726806640625,1467.727294921875,529.0613403320312
414,16.56,10,2,car,0.567977786064148,413.50852966308594,386.9337463378906,203.63613891601562,263.3274841308594,623.3809204101562,510.5400085449219
414,16.56,12,2,car,0.52512526512146,975.4254150390625,436.90382385253906,876.95947265625,359.5846252441406,1073.891357421875,514.2230224609375
414,16.56,9,2,car,0.5140084624290466,1348.4328002929688,459.7567596435547,1230.140625,389.9603576660156,1466.7249755859375,529.5531616210938
415,16.6,12,2,car,0.7238746881484985,976.3629760742188,437.14356994628906,876.10498046875,360.2229309082031,1076.6209716796875,514.064208984375
415,16.6,10,2,car,0.5728233456611633,416.8405456542969,387.3901062011719,207.07049560546875,263.7162780761719,626.610595703125,511.0639343261719
415,16.6,9,2,car,0.5206505656242371,1349.5755615234375,459.1971435546875,1231.1832275390625,389.46966552734375,1467.9678955078125,528.9246215820312
416,16.64,12,2,car,0.6639678478240967,978.018310546875,437.42779541015625,877.48681640625,360.50115966796875,1078.5498046875,514.3544311523438
416,16.64,10,2,car,0.5483081340789795,417.64744567871094,387.8392028808594,209.85824584960938,265.2646484375,625.4366455078125,510.41375732421875
416,16.64,9,2,car,0.5365009307861328,1348.5206909179688,460.28419494628906,1231.0081787109375,391.6662902832031,1466.033203125,528.902099609375
417,16.68,12,2,car,0.7320263385772705,978.7298278808594,436.94163513183594,878.6621704101562,360.0138244628906,1078.7974853515625,513.8694458007812
417,16.68,10,2,car,0.565642237663269,423.51241302490234,388.19309997558594,217.7873992919922,267.1283874511719,629.2374267578125,509.2578125
417,16.68,9,2,car,0.554476797580719,1350.3121948242188,461.7145233154297,1234.9552001953125,393.1271057128906,1465.669189453125,530.3019409179688
418,16.72,12,2,car,0.755761444568634,978.4151000976562,437.22853088378906,879.573486328125,360.7764587402344,1077.2567138671875,513.6806030273438
418,16.72,10,2,car,0.6704879999160767,427.56292724609375,389.72056579589844,221.31793212890625,269.5921936035156,633.8079223632812,509.84893798828125
418,16.72,9,2,car,0.6055353879928589,1352.1927490234375,463.67889404296875,1234.623291015625,396.09613037109375,1469.76220703125,531.2616577148438
419,16.76,12,2,car,0.6611447334289551,980.4750061035156,437.28204345703125,882.1814575195312,360.964599609375,1078.7685546875,513.5994873046875
419,16.76,10,2,car,0.600719153881073,430.2005157470703,389.7065734863281,224.07968139648438,269.0830078125,636.3213500976562,510.33013916015625
419,16.76,9,2,car,0.46634989976882935,1358.1828002929688,463.2449188232422,1234.8544921875,396.2090148925781,1481.5111083984375,530.2808227539062
420,16.8,12,2,car,0.6934996843338013,980.2776794433594,437.26719665527344,881.1119995117188,361.0302429199219,1079.443359375,513.504150390625
420,16.8,10,2,car,0.5552623867988586,435.3086853027344,389.7032775878906,231.25897216796875,268.9335021972656,639.3583984375,510.4730529785156
420,16.8,9,2,car,0.5112034678459167,1359.3505859375,464.3677215576172,1243.3983154296875,397.3744812011719,1475.3028564453125,531.3609619140625
421,16.84,12,2,car,0.7154908776283264,979.6913146972656,436.76202392578125,880.4862670898438,360.59674072265625,1078.8963623046875,512.9273071289062
421,16.84,10,2,car,0.6299542188644409,439.58399963378906,390.2318115234375,238.52316284179688,270.8026428222656,640.6448364257812,509.6609802246094
421,16.84,9,2,car,0.48719504475593567,1360.2410888671875,465.2696075439453,1251.4273681640625,399.3912048339844,1469.0548095703125,531.1480102539062
422,16.88,12,2,car,0.7172481417655945,980.6661987304688,437.0458221435547,882.1387939453125,360.7046813964844,1079.193603515625,513.386962890625
422,16.88,10,2,car,0.6574654579162598,444.81224060058594,390.40525817871094,243.65139770507812,271.1600646972656,645.9730834960938,509.65045166015625
423,16.92,10,2,car,0.7574447989463806,449.01822662353516,390.6262969970703,247.55433654785156,271.4946594238281,650.4821166992188,509.7579345703125
423,16.92,12,2,car,0.7200368642807007,981.7699584960938,437.12730407714844,883.376953125,360.8721618652344,1080.1629638671875,513.3824462890625
423,16.92,9,2,car,0.3571290373802185,1359.884521484375,463.7820739746094,1239.6768798828125,396.3017578125,1480.0921630859375,531.2623901367188
424,16.96,12,2,car,0.7134519815444946,983.1382751464844,437.8632507324219,884.2344360351562,361.96722412109375,1082.0421142578125,513.75927734375
424,16.96,10,2,car,0.7052778005599976,452.4654083251953,391.6629638671875,252.88656616210938,272.6158447265625,652.0442504882812,510.7100830078125
424,16.96,9,2,car,0.3529691994190216,1357.6394653320312,463.77960205078125,1239.98974609375,396.686279296875,1475.2891845703125,530.8729248046875
425,17.0,10,2,car,0.7189151644706726,455.19671630859375,391.7436065673828,256.571044921875,272.52655029296875,653.8223876953125,510.9606628417969
425,17.0,12,2,car,0.7183356881141663,984.0910034179688,437.6908264160156,886.5201416015625,361.9735107421875,1081.661865234375,513.4081420898438
425,17.0,9,2,car,0.46282678842544556,1370.5072631835938,465.0079650878906,1243.3890380859375,397.71478271484375,1497.62548828125,532.3011474609375
426,17.04,10,2,car,0.6775565147399902,459.31256103515625,391.836181640625,261.432861328125,272.8812561035156,657.1922607421875,510.7911071777344
426,17.04,12,2,car,0.6288882493972778,985.7792053222656,437.8346405029297,890.0223999023438,362.3407287597656,1081.5360107421875,513.3285522460938
426,17.04,9,2,car,0.4715964198112488,1386.3095703125,465.81561279296875,1272.0513916015625,400.63543701171875,1500.5677490234375,530.9957885742188
427,17.08,10,2,car,0.7319149971008301,476.845458984375,391.6472625732422,265.93505859375,273.4189453125,687.755859375,509.8755798339844
427,17.08,12,2,car,0.6135339736938477,986.6495971679688,438.21229553222656,890.2767333984375,362.5924987792969,1083.0224609375,513.8320922851562
427,17.08,9,2,car,0.4436090588569641,1386.6104125976562,466.19300842285156,1257.283935546875,400.4892883300781,1515.9368896484375,531.896728515625
428,17.12,10,2,car,0.7414983510971069,467.5007629394531,392.3584442138672,271.57489013671875,275.1797790527344,663.4266357421875,509.537109375
428,17.12,12,2,car,0.694230854511261,988.7507934570312,438.8993225097656,890.401123046875,363.84796142578125,1087.1004638671875,513.95068359375
428,17.12,9,2,car,0.5515461564064026,1366.7423095703125,465.86643981933594,1249.6268310546875,399.6307067871094,1483.8577880859375,532.1021728515625
429,17.16,10,2,car,0.7560524940490723,470.82237243652344,392.9023895263672,275.8402404785156,276.1389465332031,665.8045043945312,509.66583251953125
429,17.16,12,2,car,0.6815213561058044,988.741943359375,438.7246398925781,891.4515380859375,363.58355712890625,1086.0323486328125,513.86572265625
429,17.16,9,2,car,0.5812055468559265,1365.8728637695312,465.7906036376953,1248.62109375,399.9278869628906,1483.1246337890625,531.6533203125
430,17.2,10,2,car,0.7214441895484924,473.56703186035156,393.6372985839844,279.4371032714844,277.04498291015625,667.6969604492188,510.2296142578125
430,17.2,12,2,car,0.6367990970611572,990.3676147460938,438.8892059326172,892.755126953125,364.1296691894531,1087.9801025390625,513.6487426757812
430,17.2,9,2,car,0.5978264212608337,1362.46044921875,465.66009521484375,1250.856201171875,400.7581787109375,1474.064697265625,530.56201171875
431,17.24,10,2,car,0.7485674023628235,478.6764831542969,394.3966369628906,284.20574951171875,278.01763916015625,673.147216796875,510.775634765625
431,17.24,9,2,car,0.5954365730285645,1371.1724853515625,466.0816345214844,1251.116455078125,400.3502197265625,1491.228515625,531.8130493164062
431,17.24,12,2,car,0.5890045762062073,991.9088439941406,439.26341247558594,892.9644165039062,364.5807800292969,1090.853271484375,513.946044921875
432,17.28,10,2,car,0.7684794664382935,481.64830017089844,394.3166961669922,288.1820983886719,278.25244140625,675.114501953125,510.3809509277344
432,17.28,12,2,car,0.6006070375442505,995.7439270019531,439.1133728027344,895.3115844726562,364.57763671875,1096.17626953125,513.6491088867188
432,17.28,9,2,car,0.5972238183021545,1383.1476440429688,465.7519989013672,1251.5313720703125,399.6380310058594,1514.763916015625,531.865966796875
433,17.32,10,2,car,0.7788494229316711,485.30352783203125,395.24595642089844,291.28204345703125,279.82940673828125,679.3250122070312,510.6625061035156
433,17.32,12,2,car,0.6269453763961792,998.9051818847656,439.13084411621094,896.6279907226562,365.0250549316406,1101.182373046875,513.2366333007812
433,17.32,9,2,car,0.5476294755935669,1388.9282836914062,466.56866455078125,1261.634765625,400.74261474609375,1516.2218017578125,532.3947143554688
434,17.36,10,2,car,0.7119337916374207,487.4125518798828,395.36444091796875,295.3472595214844,280.4132995605469,679.4778442382812,510.3155822753906
434,17.36,12,2,car,0.5757372975349426,995.6515502929688,439.3099670410156,897.3248291015625,365.1983642578125,1093.978271484375,513.4215698242188
434,17.36,9,2,car,0.47645506262779236,1373.2966918945312,466.181396484375,1252.3330078125,400.72027587890625,1494.2603759765625,531.6425170898438
435,17.4,10,2,car,0.6824836134910583,492.20587158203125,395.8743438720703,300.13079833984375,281.0162658691406,684.2809448242188,510.732421875
435,17.4,12,2,car,0.5960277915000916,997.8904113769531,439.5665588378906,897.8859252929688,365.26080322265625,1097.8948974609375,513.872314453125
435,17.4,9,2,car,0.5512721538543701,1367.641845703125,465.7805633544922,1252.8153076171875,400.3843688964844,1482.4683837890625,531.1767578125
436,17.44,10,2,car,0.7456861138343811,492.64605712890625,397.48167419433594,303.343017578125,282.6783142089844,681.9490966796875,512.2850341796875
436,17.44,12,2,car,0.6661908030509949,995.219970703125,439.8034973144531,899.6502685546875,365.6392822265625,1090.7896728515625,513.9677124023438
436,17.44,9,2,car,0.5921614170074463,1363.5409545898438,466.1333770751953,1253.900390625,402.0832214355469,1473.1815185546875,530.1835327148438
437,17.48,10,2,car,0.7076762318611145,494.98277282714844,398.64649963378906,307.0606384277344,283.9792175292969,682.9049072265625,513.3137817382812
437,17.48,12,2,car,0.5963676571846008,995.2892761230469,440.045654296875,900.2074584960938,366.33526611328125,1090.37109375,513.7560424804688
437,17.48,9,2,car,0.478777676820755,1368.8677368164062,466.4079284667969,1255.775390625,402.4912109375,1481.9600830078125,530.3246459960938
438,17.52,10,2,car,0.7196267247200012,499.2991180419922,398.2937927246094,310.9410095214844,283.81695556640625,687.6572265625,512.7706298828125
438,17.52,12,2,car,0.5919181108474731,997.7981567382812,439.84954833984375,899.2371826171875,366.09173583984375,1096.359130859375,513.6073608398438
439,17.56,10,2,car,0.734492301940918,502.4578552246094,398.11663818359375,312.83868408203125,284.0240478515625,692.0770263671875,512.209228515625
439,17.56,12,2,car,0.6618137955665588,997.6649475097656,440.2333221435547,900.0538940429688,366.1040954589844,1095.2760009765625,514.362548828125
439,17.56,9,2,car,0.4663325846195221,1373.4323120117188,465.8368682861328,1259.550048828125,402.5704650878906,1487.3145751953125,529.103271484375
440,17.6,10,2,car,0.6313014030456543,507.80189514160156,399.0762481689453,318.4996032714844,285.5557556152344,697.1041870117188,512.5967407226562
440,17.6,12,2,car,0.6288551092147827,996.8600463867188,440.2136535644531,899.6436767578125,366.69451904296875,1094.076416015625,513.7327880859375
440,17.6,9,2,car,0.45750418305397034,1405.53564453125,467.37046813964844,1290.135986328125,404.0104064941406,1520.935302734375,530.7305297851562
441,17.64,10,2,car,0.7166625261306763,510.94158935546875,399.62803649902344,321.146728515625,286.6466979980469,700.7364501953125,512.609375
441,17.64,12,2,car,0.5974953174591064,999.3497924804688,439.0784912109375,898.6558837890625,365.34722900390625,1100.043701171875,512.8097534179688
441,17.64,9,2,car,0.3893267512321472,1380.1605834960938,465.29661560058594,1272.848876953125,401.5686950683594,1487.4722900390625,529.0245361328125
442,17.68,10,2,car,0.7176749110221863,514.0578765869141,398.03346252441406,326.3968200683594,286.1894836425781,701.7189331054688,509.87744140625
442,17.68,12,2,car,0.6557667851448059,1005.334228515625,439.7025909423828,900.4200439453125,365.6983337402344,1110.2484130859375,513.7068481445312
442,17.68,9,2,car,0.43524980545043945,1389.5674438476562,464.55812072753906,1260.794677734375,400.5916442871094,1518.3402099609375,528.5245971679688
443,17.72,10,2,car,0.7699398398399353,518.555419921875,397.9702606201172,330.9437255859375,286.8606262207031,706.1671142578125,509.07989501953125
443,17.72,12,2,car,0.7359857559204102,1005.2552185058594,439.99139404296875,901.2907104492188,366.24444580078125,1109.2197265625,513.7383422851562
443,17.72,9,2,car,0.3898231089115143,1381.3185424804688,464.42950439453125,1261.029052734375,401.2373046875,1501.6080322265625,527.6217041015625
444,17.76,10,2,car,0.7508668899536133,522.3349761962891,397.81236267089844,337.8080749511719,286.6832580566406,706.8618774414062,508.94146728515625
444,17.76,12,2,car,0.7033318281173706,1004.1298828125,440.56231689453125,901.6278076171875,366.7679443359375,1106.6319580078125,514.356689453125
445,17.8,10,2,car,0.7855779528617859,526.5827484130859,397.8612976074219,339.6962585449219,286.88446044921875,713.46923828125,508.838134765625
445,17.8,12,2,car,0.6520302891731262,1007.8318786621094,440.7675323486328,905.6087036132812,367.1131896972656,1110.0550537109375,514.421875
445,17.8,9,2,car,0.3665774166584015,1378.5485229492188,465.1648712158203,1261.2066650390625,401.7657165527344,1495.890380859375,528.5640258789062
446,17.84,10,2,car,0.7720233201980591,529.0442352294922,398.63800048828125,345.3435974121094,287.5015869140625,712.744873046875,509.7744140625
446,17.84,12,2,car,0.6108043789863586,1010.2527160644531,440.9956512451172,905.9800415039062,367.8113708496094,1114.525390625,514.179931640625
446,17.84,9,2,car,0.37500545382499695,1374.3746337890625,464.2067413330078,1262.5821533203125,400.3757629394531,1486.1671142578125,528.0377197265625
447,17.88,10,2,car,0.7950642108917236,533.0308074951172,398.90757751464844,349.0031433105469,288.6438903808594,717.0584716796875,509.1712646484375
447,17.88,14,2,car,0.5809502601623535,305.7478942871094,436.7621612548828,256.0237121582031,382.8981628417969,355.4720764160156,490.62615966796875
447,17.88,12,2,car,0.5181573033332825,1006.6468200683594,440.8990936279297,905.7687377929688,367.8066101074219,1107.52490234375,513.9915771484375
448,17.92,10,2,car,0.7928184866905212,536.4277801513672,399.22608947753906,350.8426208496094,289.09552001953125,722.012939453125,509.3566589355469
448,17.92,12,2,car,0.5330566763877869,1007.9577026367188,440.6702880859375,904.85302734375,367.8330078125,1111.0623779296875,513.507568359375
448,17.92,14,2,car,0.4055534303188324,302.710693359375,435.6955261230469,247.1689453125,381.56597900390625,358.25244140625,489.8250732421875
448,17.92,9,2,car,0.3630834221839905,1406.3013916015625,466.1254119873047,1291.9981689453125,402.8753356933594,1520.6046142578125,529.37548828125
449,17.96,10,2,car,0.8087427616119385,538.3281402587891,400.02850341796875,355.7604675292969,289.8453369140625,720.8958129882812,510.211669921875
449,17.96,12,2,car,0.6460537910461426,1008.8047485351562,441.2184295654297,906.136962890625,368.5190734863281,1111.4725341796875,513.9177856445312
449,17.96,9,2,car,0.39323925971984863,1384.9055786132812,467.4560852050781,1270.450927734375,405.11590576171875,1499.3602294921875,529.7962646484375
450,18.0,10,2,car,0.7567849159240723,543.1213989257812,400.46327209472656,360.84521484375,290.6728210449219,725.3975830078125,510.25372314453125
450,18.0,12,2,car,0.651782214641571,1008.1829223632812,441.6359100341797,905.524658203125,369.1474914550781,1110.8411865234375,514.1243286132812
450,18.0,9,2,car,0.4284816384315491,1374.3244018554688,467.8905792236328,1264.9754638671875,405.9685363769531,1483.67333984375,529.8126220703125
450,18.0,14,2,car,0.3599877655506134,306.2906723022461,436.4561462402344,244.7161102294922,383.46990966796875,367.865234375,489.4423828125
451,18.04,10,2,car,0.7350209951400757,544.5882415771484,400.5198059082031,364.1877136230469,290.68682861328125,724.98876953125,510.352783203125
451,18.04,12,2,car,0.6430798768997192,1006.4932861328125,441.7513427734375,906.2567138671875,369.14532470703125,1106.7298583984375,514.3573608398438
451,18.04,9,2,car,0.4258460998535156,1391.9637451171875,468.6263122558594,1308.3021240234375,406.70654296875,1475.6253662109375,530.5460815429688
452,18.08,10,2,car,0.6163091063499451,547.8764038085938,401.0482940673828,369.163330078125,291.775146484375,726.5894775390625,510.3214416503906
452,18.08,12,2,car,0.5677059888839722,1008.4984741210938,441.84068298339844,908.730712890625,369.3569641113281,1108.2662353515625,514.3244018554688
452,18.08,9,2,car,0.4714467227458954,1393.2427978515625,468.3456573486328,1307.1884765625,406.6590270996094,1479.297119140625,530.0322875976562
453,18.12,10,2,car,0.6852232217788696,549.8876800537109,401.4901428222656,371.8304748535156,293.19525146484375,727.9448852539062,509.7850341796875
453,18.12,12,2,car,0.621642529964447,1007.6940307617188,442.0635528564453,906.778564453125,369.9846496582031,1108.6094970703125,514.1424560546875
453,18.12,9,2,car,0.4364316761493683,1371.7040405273438,469.0547637939453,1265.3360595703125,406.8110046386719,1478.072021484375,531.2985229492188
454,18.16,10,2,car,0.7214263081550598,553.2314758300781,402.21751403808594,374.96759033203125,293.9519958496094,731.495361328125,510.4830322265625
454,18.16,12,2,car,0.6554164290428162,1010.5287170410156,442.42784118652344,907.2924194335938,370.2142639160156,1113.7650146484375,514.6414184570312
455,18.2,10,2,car,0.7220942974090576,556.9995422363281,402.0575866699219,378.9246826171875,293.50213623046875,735.0744018554688,510.613037109375
455,18.2,12,2,car,0.6331685185432434,1011.0996704101562,442.4234619140625,910.212890625,370.30810546875,1111.9864501953125,514.538818359375
455,18.2,9,2,car,0.36551421880722046,1382.5078125,467.19378662109375,1243.395263671875,404.27142333984375,1521.620361328125,530.1161499023438
456,18.24,10,2,car,0.7073845863342285,558.8023529052734,402.88902282714844,381.0341491699219,295.6328430175781,736.570556640625,510.14520263671875
456,18.24,12,2,car,0.6129384636878967,1011.5456237792969,441.7911376953125,913.0178833007812,370.95721435546875,1110.0733642578125,512.6250610351562
456,18.24,14,2,car,0.45952215790748596,334.9200897216797,451.6672668457031,279.7749938964844,411.2442626953125,390.065185546875,492.09027099609375
456,18.24,9,2,car,0.42451536655426025,1394.3494262695312,468.9742889404297,1268.0291748046875,406.2772521972656,1520.669677734375,531.6713256835938
457,18.28,10,2,car,0.7584755420684814,562.1053924560547,403.0162353515625,385.6280822753906,295.4783935546875,738.5827026367188,510.5540771484375
457,18.28,12,2,car,0.6414632201194763,1014.2537536621094,441.64854431152344,913.2774047851562,370.5037536621094,1115.2301025390625,512.7933349609375
457,18.28,9,2,car,0.5228196382522583,1398.3993530273438,469.06446838378906,1271.0302734375,406.6141662597656,1525.7684326171875,531.5147705078125
458,18.32,10,2,car,0.6923436522483826,564.9712677001953,403.35076904296875,388.4433288574219,296.21575927734375,741.4992065429688,510.48577880859375
458,18.32,12,2,car,0.6820715069770813,1014.2336120605469,441.8396301269531,912.8106079101562,370.58843994140625,1115.6566162109375,513.0908203125
458,18.32,9,2,car,0.45526400208473206,1396.4588012695312,469.82472229003906,1269.9356689453125,408.1284484863281,1522.98193359375,531.52099609375
459,18.36,10,2,car,0.7587153911590576,566.8006439208984,404.5888671875,392.2114562988281,298.6142883300781,741.3898315429688,510.5634460449219
459,18.36,12,2,car,0.7389366030693054,1011.8032531738281,442.2651672363281,910.1361694335938,371.44390869140625,1113.4703369140625,513.08642578125
459,18.36,9,2,car,0.4309423267841339,1399.8726196289062,469.9483184814453,1276.7926025390625,408.5511779785156,1522.95263671875,531.345458984375
460,18.4,12,2,car,0.7038236260414124,1012.9266662597656,442.1830291748047,909.3322143554688,370.7597351074219,1116.5211181640625,513.6063232421875
460,18.4,10,2,car,0.6835911273956299,570.5112762451172,404.8566589355469,397.1974182128906,299.2611999511719,743.8251342773438,510.4521179199219
460,18.4,9,2,car,0.43400517106056213,1401.372802734375,468.7189636230469,1277.1683349609375,407.064697265625,1525.5772705078125,530.3732299804688
461,18.44,10,2,car,0.7380824089050293,571.8577880859375,406.6099548339844,399.61322021484375,300.82122802734375,744.1023559570312,512.398681640625
461,18.44,12,2,car,0.6896759867668152,1013.4096374511719,442.4938507080078,910.7957153320312,371.0267028808594,1116.0235595703125,513.9609985351562
461,18.44,9,2,car,0.4305516481399536,1404.1325073242188,469.7284393310547,1283.3599853515625,409.3247985839844,1524.905029296875,530.132080078125
462,18.48,10,2,car,0.6658704876899719,575.481201171875,405.53338623046875,404.8509521484375,300.72857666015625,746.1114501953125,510.33819580078125
462,18.48,12,2,car,0.6626466512680054,1012.0885314941406,443.04774475097656,912.4583129882812,372.3604431152344,1111.71875,513.7350463867188
462,18.48,9,2,car,0.44321388006210327,1401.892333984375,469.6717834472656,1280.1412353515625,409.18597412109375,1523.6434326171875,530.1575927734375
463,18.52,12,2,car,0.6846402287483215,1012.9698181152344,442.9845733642578,913.4934692382812,372.3743591308594,1112.4461669921875,513.5947875976562
463,18.52,10,2,car,0.6020382642745972,578.3460235595703,405.6061248779297,407.1924133300781,301.5356140136719,749.4996337890625,509.6766357421875
463,18.52,9,2,car,0.47581326961517334,1403.4478759765625,471.06390380859375,1282.841064453125,412.34747314453125,1524.0546875,529.7803344726562
464,18.56,12,2,car,0.6353867053985596,1014.5166931152344,442.9812927246094,915.2045288085938,372.86151123046875,1113.828857421875,513.10107421875
464,18.56,10,2,car,0.59111487865448,580.6537170410156,406.0165557861328,409.9705810546875,301.7253112792969,751.3368530273438,510.30780029296875
464,18.56,9,2,car,0.5237646102905273,1403.7853393554688,471.0013732910156,1283.220458984375,411.6661376953125,1524.3502197265625,530.3366088867188
464,18.56,14,2,car,0.3874088227748871,352.32533264160156,441.1131134033203,291.44635009765625,390.51837158203125,413.2043151855469,491.7078552246094
465,18.6,10,2,car,0.7583385109901428,582.5880279541016,406.36463928222656,413.6087951660156,302.5804138183594,751.5672607421875,510.14886474609375
465,18.6,12,2,car,0.7157965302467346,1018.7037658691406,443.23187255859375,917.6419067382812,373.35699462890625,1119.765625,513.1067504882812
465,18.6,9,2,car,0.492610901594162,1404.3327026367188,470.7961883544922,1284.3695068359375,411.3191833496094,1524.2958984375,530.273193359375
465,18.6,14,2,car,0.43616172671318054,357.33631896972656,440.42010498046875,298.7928771972656,390.0330505371094,415.8797607421875,490.8071594238281
466,18.64,12,2,car,0.7445635199546814,1019.134033203125,443.06854248046875,915.6114501953125,372.94940185546875,1122.6566162109375,513.1876831054688
466,18.64,10,2,car,0.7140559554100037,583.9212646484375,406.7397766113281,414.6005859375,303.4278259277344,753.241943359375,510.0517272949219
466,18.64,14,2,car,0.49820756912231445,358.527099609375,443.12493896484375,296.6912841796875,395.7446594238281,420.3629150390625,490.5052185058594
466,18.64,9,2,car,0.4371628165245056,1403.1422729492188,469.97789001464844,1283.029296875,410.0451965332031,1523.2552490234375,529.9105834960938
467,18.68,10,2,car,0.7478979825973511,586.9125213623047,407.1481018066406,418.5491638183594,303.57861328125,755.27587890625,510.71759033203125
467,18.68,12,2,car,0.7156411409378052,1018.8638305664062,442.9877014160156,918.460693359375,371.912841796875,1119.2669677734375,514.0625610351562
467,18.68,14,2,car,0.6126919388771057,362.0987854003906,442.5208740234375,300.4205322265625,394.6383361816406,423.77703857421875,490.4034118652344
467,18.68,9,2,car,0.49923428893089294,1403.4522094726562,471.1927032470703,1285.2880859375,412.0300598144531,1521.6163330078125,530.3553466796875
467,18.68,15,2,car,0.43478190898895264,1254.363037109375,469.6723937988281,1222.126953125,441.6973571777344,1286.59912109375,497.6474304199219
468,18.72,14,2,car,0.6638687252998352,364.5896301269531,454.0461730957031,299.4992980957031,416.7978515625,429.6799621582031,491.29449462890625
468,18.72,12,2,car,0.6485034823417664,1017.4375915527344,443.96923828125,916.8699340820312,372.66778564453125,1118.0052490234375,515.2706909179688
468,18.72,10,2,car,0.6225734353065491,589.8111724853516,408.06065368652344,421.4471740722656,305.1550598144531,758.1751708984375,510.96624755859375
468,18.72,9,2,car,0.5055751204490662,1403.8052978515625,471.2751007080078,1284.3824462890625,411.9412536621094,1523.2281494140625,530.6089477539062
468,18.72,15,2,car,0.42408403754234314,1254.220458984375,469.66607666015625,1222.305908203125,442.59722900390625,1286.135009765625,496.73492431640625
469,18.76,12,2,car,0.7109233140945435,1017.0981750488281,443.7902526855469,916.9801635742188,372.8133544921875,1117.2161865234375,514.7671508789062
469,18.76,10,2,car,0.6913747191429138,593.7581024169922,408.0187530517578,424.8426818847656,305.4470520019531,762.6735229492188,510.5904541015625
469,18.76,14,2,car,0.6491230726242065,366.6520080566406,450.9295349121094,301.8501892089844,410.6985168457031,431.4538269042969,491.1605529785156
469,18.76,9,2,car,0.5152814984321594,1404.716064453125,471.1292266845703,1284.5208740234375,411.9136047363281,1524.9112548828125,530.3448486328125
469,18.76,15,2,car,0.3623250424861908,1254.8854370117188,468.7561340332031,1222.543701171875,441.01171875,1287.2271728515625,496.50054931640625
470,18.8,12,2,car,0.7366626858711243,1022.6471252441406,444.4619598388672,927.1096801757812,373.4848327636719,1118.1845703125,515.4390869140625
470,18.8,10,2,car,0.6657927632331848,596.5318756103516,408.1356658935547,427.9106140136719,305.77471923828125,765.1531372070312,510.4966125488281
470,18.8,14,2,car,0.5767699480056763,365.0515441894531,439.4735412597656,297.9139099121094,387.9400634765625,432.1891784667969,491.00701904296875
470,18.8,9,2,car,0.5424975752830505,1405.8145751953125,472.05908203125,1285.6871337890625,413.27325439453125,1525.9420166015625,530.8449096679688
470,18.8,15,2,car,0.3928666114807129,1256.3834228515625,468.85546875,1223.8826904296875,440.12274169921875,1288.8841552734375,497.58819580078125
471,18.84,12,2,car,0.7138071656227112,1022.2091369628906,443.9468994140625,920.0172729492188,373.2286376953125,1124.4010009765625,514.6651611328125
471,18.84,10,2,car,0.6157745718955994,599.7750091552734,408.111083984375,431.4165344238281,305.6731872558594,768.1334838867188,510.5489807128906
471,18.84,14,2,car,0.5564878582954407,368.27809143066406,439.71441650390625,301.2247314453125,387.8198547363281,435.3314514160156,491.6089782714844
471,18.84,9,2,car,0.492843896150589,1404.6638793945312,473.39564514160156,1315.927978515625,417.2779846191406,1493.3997802734375,529.5133056640625
471,18.84,15,2,car,0.35544508695602417,1257.0339965820312,468.4056701660156,1223.778564453125,439.1955871582031,1290.2894287109375,497.6157531738281
472,18.88,12,2,car,0.6692028641700745,1022.6757202148438,443.38409423828125,921.53759765625,373.1734619140625,1123.8138427734375,513.5947265625
472,18.88,10,2,car,0.5771546959877014,601.0544128417969,408.397705078125,434.4693603515625,306.22705078125,767.6394653320312,510.568359375
472,18.88,14,2,car,0.47415125370025635,365.5325012207031,436.6528015136719,296.55902099609375,382.1971435546875,434.5059814453125,491.10845947265625
472,18.88,9,2,car,0.408823162317276,1414.3258056640625,472.7390441894531,1303.923095703125,415.02227783203125,1524.728515625,530.455810546875
473,18.92,12,2,car,0.7255505323410034,1022.7742309570312,443.19322204589844,921.498779296875,373.1702575683594,1124.0496826171875,513.2161865234375
473,18.92,10,2,car,0.6953429579734802,605.3528594970703,408.8531188964844,439.6696472167969,307.15240478515625,771.0360717773438,510.5538330078125
473,18.92,14,2,car,0.5319054126739502,372.29498291015625,440.1746368408203,305.3466796875,388.2020263671875,439.2432861328125,492.1472473144531
473,18.92,9,2,car,0.5164223909378052,1423.9635620117188,472.86761474609375,1323.06201171875,416.2490234375,1524.8651123046875,529.4862060546875
473,18.92,15,2,car,0.3712901175022125,1258.0950317382812,470.2936706542969,1223.7884521484375,441.0154724121094,1292.401611328125,499.5718688964844
474,18.96,10,2,car,0.7475799322128296,609.6369781494141,409.51300048828125,444.1480407714844,307.9920959472656,775.1259155273438,511.0339050292969
474,18.96,12,2,car,0.7268662452697754,1023.0806579589844,443.52288818359375,921.7406616210938,373.80902099609375,1124.420654296875,513.2367553710938
474,18.96,14,2,car,0.5453135371208191,369.4127197265625,438.96734619140625,303.34954833984375,386.820556640625,435.47589111328125,491.1141357421875
474,18.96,15,2,car,0.4183555245399475,1258.6852416992188,469.4949188232422,1223.791748046875,439.48260498046875,1293.5787353515625,499.5072326660156
474,18.96,9,2,car,0.35162124037742615,1411.885986328125,473.2029266357422,1301.8150634765625,416.2484436035156,1521.9569091796875,530.1574096679688
475,19.0,10,2,car,0.7684372067451477,610.9459991455078,409.74810791015625,446.7364196777344,308.2416687011719,775.1555786132812,511.2545471191406
475,19.0,12,2,car,0.7076411843299866,1025.2207336425781,443.6786193847656,925.5326538085938,374.0516357421875,1124.9088134765625,513.3056030273438
475,19.0,14,2,car,0.5429369807243347,373.14837646484375,439.71861267089844,307.5970764160156,387.842041015625,438.6996765136719,491.5951843261719
475,19.0,9,2,car,0.3878907561302185,1412.78173828125,473.12208557128906,1315.4417724609375,417.6393127441406,1510.1217041015625,528.6048583984375
475,19.0,15,2,car,0.3873005509376526,1259.1783447265625,470.1216735839844,1224.464111328125,440.2783203125,1293.892578125,499.96502685546875
476,19.04,12,2,car,0.7640171051025391,1025.5749816894531,443.98048400878906,924.8567504882812,374.5425109863281,1126.293212890625,513.41845703125
476,19.04,10,2,car,0.7471575736999512,611.4226226806641,409.4623718261719,445.6698303222656,308.6465148925781,777.1754150390625,510.2782287597656
476,19.04,14,2,car,0.5533408522605896,376.0207824707031,439.5101623535156,310.55963134765625,387.878173828125,441.48193359375,491.14215087890625
476,19.04,15,2,car,0.37104421854019165,1259.1321411132812,470.34886169433594,1224.9774169921875,440.869384765625,1293.286865234375,499.8283386230469
477,19.08,10,2,car,0.7416827082633972,615.1768341064453,410.0812225341797,451.3321838378906,309.1850280761719,779.021484375,510.9774169921875
477,19.08,12,2,car,0.7147229909896851,1024.2952880859375,444.0677490234375,922.767333984375,374.9564208984375,1125.8232421875,513.1790771484375
477,19.08,14,2,car,0.4191204607486725,381.2467956542969,443.9537658691406,308.49969482421875,395.90313720703125,453.993896484375,492.00439453125
477,19.08,15,2,car,0.3600098490715027,1259.677978515625,469.9225158691406,1224.9805908203125,440.07220458984375,1294.3753662109375,499.7728271484375
478,19.12,12,2,car,0.7196945548057556,1030.1989440917969,444.3784637451172,933.6740112304688,375.4069519042969,1126.723876953125,513.3499755859375
478,19.12,10,2,car,0.6369449496269226,617.7227630615234,411.03501892089844,454.7906799316406,310.966552734375,780.6548461914062,511.1034851074219
478,19.12,14,2,car,0.5902154445648193,384.60894775390625,440.138671875,312.5365295410156,388.4825134277344,456.6813659667969,491.7948303222656
478,19.12,9,2,car,0.41844671964645386,1413.8370971679688,473.56768798828125,1318.3096923828125,418.587890625,1509.364501953125,528.5474853515625
479,19.16,12,2,car,0.7920385003089905,1034.9262084960938,444.3187713623047,944.6971435546875,374.7805480957031,1125.1552734375,513.8569946289062
479,19.16,10,2,car,0.6411867737770081,620.5859985351562,410.9738006591797,457.796630859375,311.6358642578125,783.3753662109375,510.3117370605469
479,19.16,14,2,car,0.5306293964385986,391.44175720214844,440.82081604003906,319.83258056640625,389.4135437011719,463.0509338378906,492.22808837890625
479,19.16,9,2,car,0.3769349157810211,1408.7504272460938,473.83099365234375,1316.368408203125,419.28680419921875,1501.1324462890625,528.3751831054688
480,19.2,12,2,car,0.786273717880249,1036.2298889160156,444.22796630859375,945.4271850585938,374.85809326171875,1127.0325927734375,513.5978393554688
480,19.2,10,2,car,0.6774324774742126,622.3724517822266,411.4393615722656,459.8874206542969,311.5546875,784.8574829101562,511.32403564453125
480,19.2,14,2,car,0.6680963039398193,394.7605438232422,439.7940673828125,324.1681213378906,388.02447509765625,465.35296630859375,491.56365966796875
481,19.24,12,2,car,0.7492054104804993,1035.9625549316406,444.1924285888672,944.5984497070312,375.0531921386719,1127.32666015625,513.3316650390625
481,19.24,10,2,car,0.7422962188720703,625.5828399658203,411.7981414794922,462.6969909667969,311.3407287597656,788.4686889648438,512.2555541992188
481,19.24,14,2,car,0.54209965467453,398.18406677246094,438.8824768066406,326.6871032714844,385.48956298828125,469.6810302734375,492.275390625
482,19.28,12,2,car,0.7313414812088013,1037.2714233398438,444.8426818847656,946.15283203125,375.88067626953125,1128.3900146484375,513.8046875
482,19.28,10,2,car,0.646582305431366,627.3184051513672,411.0693817138672,466.3616638183594,311.9336853027344,788.275146484375,510.205078125
482,19.28,14,2,car,0.5470178723335266,395.49717712402344,439.6341247558594,321.202392578125,388.399658203125,469.7919616699219,490.86859130859375
482,19.28,9,2,car,0.39265987277030945,1414.8196411132812,475.13909912109375,1314.412841796875,422.09307861328125,1515.2264404296875,528.1851196289062
482,19.28,15,2,car,0.35474613308906555,1262.0291137695312,469.0664978027344,1224.6043701171875,438.3263854980469,1299.453857421875,499.8066101074219
483,19.32,12,2,car,0.7029364705085754,1036.8345947265625,444.4132385253906,945.5335693359375,375.68292236328125,1128.1356201171875,513.1435546875
483,19.32,10,2,car,0.6644583940505981,629.4540710449219,411.2115173339844,469.35516357421875,311.9359436035156,789.552978515625,510.4870910644531
483,19.32,14,2,car,0.5258679986000061,397.90553283691406,439.4724884033203,320.64459228515625,386.96209716796875,475.1664733886719,491.9828796386719
483,19.32,9,2,car,0.44748759269714355,1412.9303588867188,466.65745544433594,1301.4105224609375,404.5588073730469,1524.4501953125,528.756103515625
483,19.32,15,2,car,0.39349165558815,1262.1575317382812,470.4169921875,1223.8623046875,438.310546875,1300.4527587890625,502.5234375
484,19.36,10,2,car,0.6407957077026367,632.12255859375,412.1635437011719,473.05517578125,313.0052490234375,791.18994140625,511.32183837890625
484,19.36,12,2,car,0.6320720911026001,1037.0946960449219,444.3549499511719,946.0827026367188,374.9498291015625,1128.106689453125,513.7600708007812
484,19.36,9,2,car,0.5146824717521667,1420.9602661132812,475.0748291015625,1318.568115234375,421.84423828125,1523.3524169921875,528.305419921875
484,19.36,14,2,car,0.5028807520866394,399.50770568847656,440.06982421875,323.0050048828125,388.49029541015625,476.0104064941406,491.64935302734375
484,19.36,15,2,car,0.4218704104423523,1262.7862548828125,471.95835876464844,1224.5130615234375,439.7359619140625,1301.0594482421875,504.1807556152344
485,19.4,10,2,car,0.6746077537536621,634.3599548339844,412.8966064453125,476.822021484375,313.878662109375,791.8978881835938,511.91455078125
485,19.4,12,2,car,0.6486496925354004,1037.4027709960938,444.3110809326172,946.233642578125,374.9082946777344,1128.5718994140625,513.7138671875
485,19.4,14,2,car,0.48141488432884216,403.5476989746094,440.09637451171875,325.6751403808594,387.7673034667969,481.4202575683594,492.4254455566406
485,19.4,9,2,car,0.4517204761505127,1409.0809326171875,470.88307189941406,1294.7264404296875,411.4745178222656,1523.4354248046875,530.2916259765625
485,19.4,15,2,car,0.41412192583084106,1262.3800048828125,470.0010681152344,1223.7513427734375,438.5063781738281,1301.0086669921875,501.4957580566406
486,19.44,12,2,car,0.7349790334701538,1038.3456726074219,444.7353515625,946.7887573242188,376.0806884765625,1129.902587890625,513.3900146484375
486,19.44,10,2,car,0.7122004628181458,637.064208984375,412.7485656738281,479.19140625,314.265380859375,794.93701171875,511.23175048828125
486,19.44,14,2,car,0.556642472743988,400.9911651611328,439.06951904296875,321.7613830566406,386.4224853515625,480.220947265625,491.716552734375
486,19.44,9,2,car,0.5328117609024048,1409.236572265625,471.6486511230469,1293.97607421875,412.8468017578125,1524.4970703125,530.4505004882812
486,19.44,15,2,car,0.4275710880756378,1262.8719482421875,468.9517822265625,1224.57177734375,437.7336730957031,1301.172119140625,500.1698913574219
487,19.48,10,2,car,0.7316116690635681,639.6151428222656,413.0474853515625,482.2847900390625,314.9896545410156,796.9454956054688,511.1053161621094
487,19.48,12,2,car,0.7299497723579407,1036.7543640136719,445.08837890625,944.0966186523438,376.5743408203125,1129.412109375,513.6024169921875
487,19.48,14,2,car,0.6000120043754578,407.62847900390625,438.760986328125,330.20489501953125,384.92779541015625,485.05206298828125,492.59417724609375
487,19.48,9,2,car,0.5387693643569946,1411.030517578125,462.3248596191406,1295.142333984375,394.764404296875,1526.918701171875,529.8853149414062
487,19.48,15,2,car,0.4207940399646759,1262.848388671875,468.7525939941406,1225.6153564453125,436.068359375,1300.0814208984375,501.43682861328125
488,19.52,12,2,car,0.7008782625198364,1040.0322875976562,445.6034393310547,949.7896728515625,377.3907165527344,1130.27490234375,513.816162109375
488,19.52,10,2,car,0.6425224542617798,642.4659576416016,413.3709716796875,485.5069885253906,315.67340087890625,799.4249267578125,511.06854248046875
488,19.52,9,2,car,0.5557158589363098,1411.8421630859375,461.12400817871094,1296.1856689453125,391.9426574707031,1527.4986572265625,530.3053588867188
488,19.52,14,2,car,0.5533909797668457,409.24932861328125,439.9399871826172,329.0196533203125,387.08563232421875,489.47900390625,492.7943420410156
488,19.52,15,2,car,0.4465627074241638,1262.844482421875,469.0853576660156,1225.282470703125,435.83990478515625,1300.406494140625,502.330810546875
489,19.56,10,2,car,0.7154228091239929,644.9303283691406,414.02362060546875,488.439697265625,317.16632080078125,801.4209594726562,510.88092041015625
489,19.56,12,2,car,0.6786316633224487,1040.8528747558594,445.49407958984375,951.1935424804688,377.1871337890625,1130.51220703125,513.801025390625
489,19.56,9,2,car,0.5356245040893555,1411.2333984375,458.52125549316406,1296.10107421875,386.7853088378906,1526.36572265625,530.2572021484375
489,19.56,14,2,car,0.5228925347328186,409.29185485839844,439.3498077392578,329.4284362792969,386.0591125488281,489.1552734375,492.6405029296875
489,19.56,15,2,car,0.43349242210388184,1264.459228515625,470.0993957519531,1226.9356689453125,437.3858642578125,1301.9827880859375,502.81292724609375
490,19.6,10,2,car,0.7694056034088135,647.7483062744141,414.0840759277344,492.4627990722656,316.7022705078125,803.0338134765625,511.46588134765625
490,19.6,12,2,car,0.7188262343406677,1041.1378479003906,445.48594665527344,949.7913208007812,377.1823425292969,1132.484375,513.78955078125
490,19.6,9,2,car,0.5745688676834106,1411.3963623046875,459.0656433105469,1295.9556884765625,387.51214599609375,1526.8370361328125,530.619140625
490,19.6,14,2,car,0.48761847615242004,410.82447814941406,439.6119689941406,330.78802490234375,386.83209228515625,490.8609313964844,492.391845703125
490,19.6,15,2,car,0.4280923306941986,1265.032958984375,469.22332763671875,1227.0587158203125,433.9805603027344,1303.0072021484375,504.4660949707031
491,19.64,10,2,car,0.7941681742668152,649.4374237060547,414.02545166015625,493.3783264160156,316.7705383300781,805.4965209960938,511.2803649902344
491,19.64,12,2,car,0.6290881037712097,1035.2072448730469,445.64483642578125,937.7609252929688,377.37945556640625,1132.653564453125,513.9102172851562
491,19.64,9,2,car,0.6222338080406189,1411.129638671875,457.44615173339844,1295.1036376953125,384.4902648925781,1527.1556396484375,530.4020385742188
491,19.64,14,2,car,0.4999845027923584,396.91259765625,453.03570556640625,331.921875,414.7795715332031,461.9033203125,491.2918395996094
491,19.64,15,2,car,0.4132136404514313,1265.6688232421875,470.8589172363281,1227.3980712890625,437.0149841308594,1303.9395751953125,504.7028503417969
492,19.68,10,2,car,0.742462158203125,652.7195434570312,414.06935119628906,497.83575439453125,316.7095642089844,807.6033325195312,511.42913818359375
492,19.68,12,2,car,0.6982688903808594,1043.7874145507812,445.3320007324219,952.36376953125,376.53955078125,1135.2110595703125,514.1244506835938
492,19.68,9,2,car,0.5982280373573303,1410.9927368164062,458.526123046875,1294.5491943359375,386.6348876953125,1527.436279296875,530.4173583984375
492,19.68,14,2,car,0.5237624049186707,407.84828186035156,451.66094970703125,332.03912353515625,411.9774169921875,483.6574401855469,491.344482421875
492,19.68,15,2,car,0.3797812759876251,1265.640380859375,470.6763610839844,1227.0421142578125,438.2304382324219,1304.2386474609375,503.1222839355469
493,19.72,10,2,car,0.7689417600631714,654.4097290039062,413.91082763671875,498.81243896484375,317.6201477050781,810.0070190429688,510.2015075683594
493,19.72,12,2,car,0.7309699058532715,1043.4656066894531,445.5774383544922,950.0850219726562,377.5932312011719,1136.84619140625,513.5616455078125
493,19.72,9,2,car,0.6059340834617615,1411.3442993164062,458.52394104003906,1295.0556640625,386.7488098144531,1527.6329345703125,530.299072265625
493,19.72,14,2,car,0.48478180170059204,410.2655487060547,447.17906188964844,328.7192077636719,402.7874755859375,491.8118896484375,491.5706481933594
493,19.72,15,2,car,0.4508049786090851,1266.29736328125,469.6865234375,1226.9849853515625,436.8179016113281,1305.6097412109375,502.5551452636719
494,19.76,10,2,car,0.7744347453117371,657.6960296630859,414.6287384033203,502.3673400878906,318.347900390625,813.0247192382812,510.9095764160156
494,19.76,12,2,car,0.7292830348014832,1043.2105407714844,445.30213928222656,953.2153930664062,376.5727844238281,1133.2056884765625,514.031494140625
494,19.76,9,2,car,0.6116966009140015,1412.6654663085938,460.35205078125,1296.7899169921875,390.1494140625,1528.541015625,530.5546875
494,19.76,15,2,car,0.45080944895744324,1267.073486328125,469.0309753417969,1228.359375,436.4593505859375,1305.78759765625,501.60260009765625
494,19.76,14,2,car,0.4478762745857239,414.8483581542969,439.71112060546875,327.40350341796875,386.9684143066406,502.293212890625,492.4538269042969
495,19.8,12,2,car,0.7688270807266235,1044.6300659179688,445.05613708496094,955.799560546875,376.4528503417969,1133.4605712890625,513.659423828125
495,19.8,10,2,car,0.7401182055473328,660.3927612304688,415.81861877441406,505.1466064453125,318.8957824707031,815.638916015625,512.741455078125
495,19.8,9,2,car,0.6702564358711243,1412.6043090820312,456.87937927246094,1295.6824951171875,383.4699401855469,1529.526123046875,530.288818359375
495,19.8,14,2,car,0.42956995964050293,416.3627471923828,439.0388488769531,328.4759216308594,386.3354187011719,504.24957275390625,491.7422790527344
495,19.8,15,2,car,0.36224597692489624,1266.3070678710938,470.5579833984375,1227.5343017578125,437.9665832519531,1305.079833984375,503.1493835449219
496,19.84,12,2,car,0.767885684967041,1045.2529907226562,445.02191162109375,956.77734375,376.45001220703125,1133.7286376953125,513.5938110351562
496,19.84,10,2,car,0.7129769921302795,661.7388000488281,416.1276550292969,507.68170166015625,319.91021728515625,815.7958984375,512.3450927734375
496,19.84,9,2,car,0.6299344897270203,1412.906494140625,462.78753662109375,1298.2637939453125,395.4041748046875,1527.5491943359375,530.1708984375
496,19.84,14,2,car,0.44140809774398804,419.00038146972656,438.6567077636719,331.0395812988281,385.5326843261719,506.961181640625,491.7807312011719
497,19.88,12,2,car,0.7592758536338806,1044.8170776367188,445.57281494140625,955.46142578125,377.6707763671875,1134.1727294921875,513.474853515625
497,19.88,10,2,car,0.704137921333313,665.2396545410156,415.4447784423828,512.5869140625,319.39813232421875,817.8923950195312,511.4914245605469
497,19.88,9,2,car,0.6541062593460083,1413.9717407226562,466.7401428222656,1299.199951171875,403.31982421875,1528.7435302734375,530.1604614257812
497,19.88,15,2,car,0.4025794267654419,1266.7017211914062,470.3246154785156,1227.0860595703125,437.9666748046875,1306.3173828125,502.68255615234375
497,19.88,14,2,car,0.39312782883644104,406.7207336425781,440.14508056640625,328.436279296875,389.7204895019531,485.00518798828125,490.5696716308594
498,19.92,10,2,car,0.7505043148994446,666.9888916015625,416.27561950683594,514.73828125,320.6207580566406,819.239501953125,511.93048095703125
498,19.92,12,2,car,0.7493955492973328,1045.6042175292969,445.34718322753906,955.0393676757812,378.5321960449219,1136.1690673828125,512.1621704101562
498,19.92,9,2,car,0.6794924139976501,1414.3937377929688,464.45716857910156,1299.3555908203125,398.6567687988281,1529.431884765625,530.257568359375
498,19.92,14,2,car,0.3866651952266693,426.5613098144531,438.84178161621094,341.8658752441406,386.4515075683594,511.2567443847656,491.2320556640625
498,19.92,15,2,car,0.383169949054718,1267.5540771484375,470.45416259765625,1227.7769775390625,437.1250305175781,1307.3311767578125,503.7832946777344
499,19.96,12,2,car,0.7285961508750916,1045.0328674316406,445.3323211669922,954.0480346679688,377.8341979980469,1136.0177001953125,512.8304443359375
499,19.96,10,2,car,0.7107074856758118,669.1329650878906,416.70208740234375,517.8228759765625,321.73883056640625,820.4430541992188,511.66534423828125
499,19.96,9,2,car,0.6725719571113586,1415.0079345703125,464.6734161376953,1299.1820068359375,399.5752258300781,1530.8338623046875,529.7716064453125
499,19.96,14,2,car,0.41889336705207825,426.4576721191406,439.10980224609375,339.82470703125,385.80908203125,513.0906372070312,492.4105224609375
499,19.96,15,2,car,0.3676890730857849,1267.3245239257812,468.93511962890625,1228.0557861328125,436.3882141113281,1306.59326171875,501.4820251464844
500,20.0,12,2,car,0.683681070804596,1044.4918823242188,445.12646484375,952.7474365234375,376.5838623046875,1136.236328125,513.6690673828125
500,20.0,9,2,car,0.6700726747512817,1416.9290771484375,468.37022399902344,1300.6109619140625,406.9432067871094,1533.2471923828125,529.7972412109375
500,20.0,10,2,car,0.6649674773216248,671.2637634277344,416.9123229980469,521.5386352539062,322.8742980957031,820.9888916015625,510.9503479003906
500,20.0,14,2,car,0.5052542090415955,431.9304504394531,440.0709228515625,349.8870849609375,387.71337890625,513.9738159179688,492.428466796875
500,20.0,15,2,car,0.4052790403366089,1267.6912841796875,468.37115478515625,1229.0732421875,435.64141845703125,1306.309326171875,501.10089111328125
501,20.04,12,2,car,0.7131586074829102,1046.7879333496094,445.5780944824219,956.2142944335938,377.87860107421875,1137.361572265625,513.277587890625
501,20.04,10,2,car,0.7010901570320129,672.9716796875,417.1315002441406,522.9138793945312,322.4753112792969,823.0294799804688,511.7876892089844
501,20.04,9,2,car,0.673081636428833,1417.5629272460938,465.7158508300781,1301.652587890625,401.79803466796875,1533.4732666015625,529.6336669921875
501,20.04,14,2,car,0.5090389847755432,429.1799011230469,439.748291015625,346.4052429199219,386.45635986328125,511.9545593261719,493.04022216796875
501,20.04,15,2,car,0.3823331892490387,1268.3201293945312,468.6497497558594,1229.3792724609375,435.8991394042969,1307.260986328125,501.4003601074219
502,20.08,10,2,car,0.7399691939353943,674.6471862792969,419.21026611328125,524.7997436523438,323.253662109375,824.49462890625,515.1668701171875
502,20.08,12,2,car,0.7307552695274353,1046.0428771972656,445.6127014160156,954.9102172851562,377.97088623046875,1137.175537109375,513.2545166015625
502,20.08,9,2,car,0.5866439938545227,1417.7510375976562,464.4775848388672,1302.7137451171875,398.8074645996094,1532.788330078125,530.147705078125
502,20.08,14,2,car,0.5342066287994385,429.97621154785156,439.471435546875,349.4585876464844,386.19415283203125,510.49383544921875,492.74871826171875
502,20.08,15,2,car,0.44098734855651855,1268.5704345703125,468.39402770996094,1228.65234375,432.8505554199219,1308.488525390625,503.9375
503,20.12,12,2,car,0.6786695122718811,1044.1875610351562,445.8476867675781,951.693115234375,378.519775390625,1136.6820068359375,513.1755981445312
503,20.12,10,2,car,0.6709790229797363,677.0700988769531,419.555908203125,527.0771484375,323.2078857421875,827.0630493164062,515.9039306640625
503,20.12,9,2,car,0.6369988322257996,1416.9232177734375,462.85874938964844,1301.64111328125,396.0894470214844,1532.205322265625,529.6280517578125
503,20.12,14,2,car,0.47540581226348877,433.9064483642578,441.8683776855469,358.707275390625,390.5811767578125,509.1056213378906,493.15557861328125
503,20.12,15,2,car,0.4519232213497162,1269.08056640625,469.2254333496094,1229.710693359375,434.9783020019531,1308.450439453125,503.4725646972656
504,20.16,12,2,car,0.7301082015037537,1044.6424865722656,445.34161376953125,952.4121704101562,378.10455322265625,1136.872802734375,512.5786743164062
504,20.16,10,2,car,0.7161720395088196,680.878173828125,418.95733642578125,531.306396484375,324.4271240234375,830.449951171875,513.487548828125
504,20.16,9,2,car,0.6470507383346558,1418.8124389648438,462.4378662109375,1303.4041748046875,395.3314208984375,1534.220703125,529.5443115234375
504,20.16,15,2,car,0.5091021060943604,1268.872314453125,468.59251403808594,1229.611572265625,434.0444030761719,1308.133056640625,503.140625
504,20.16,14,2,car,0.4868176579475403,432.1949768066406,440.12841796875,351.8304443359375,387.0257263183594,512.5595092773438,493.2311096191406
504,20.16,16,2,car,0.36650773882865906,1614.0098876953125,448.0819091796875,1595.23095703125,420.0152282714844,1632.788818359375,476.1485900878906
505,20.2,12,2,car,0.7896665334701538,1048.5303955078125,445.84413146972656,957.8792724609375,378.7239074707031,1139.1815185546875,512.96435546875
505,20.2,10,2,car,0.7672393321990967,681.5750732421875,419.96795654296875,531.8380737304688,324.96295166015625,831.3120727539062,514.9729614257812
505,20.2,9,2,car,0.6561901569366455,1418.7214965820312,464.9657745361328,1303.9105224609375,400.1942443847656,1533.532470703125,529.7373046875
505,20.2,15,2,car,0.5129364132881165,1268.7847290039062,467.9476776123047,1230.359375,433.8560485839844,1307.2100830078125,502.039306640625
505,20.2,14,2,car,0.4719986319541931,436.5707092285156,440.3369140625,353.7694091796875,387.3447265625,519.3720092773438,493.3291015625
505,20.2,16,2,car,0.3519734740257263,1614.0177612304688,448.50242614746094,1595.0657958984375,419.829345703125,1632.9697265625,477.1755065917969
506,20.24,10,2,car,0.7176453471183777,684.5495300292969,422.4283447265625,535.4756469726562,325.31085205078125,833.6234130859375,519.5458374023438
506,20.24,12,2,car,0.6586741805076599,1052.0736694335938,446.35179138183594,965.164306640625,379.4965515136719,1138.9830322265625,513.20703125
506,20.24,9,2,car,0.5764921307563782,1418.7222900390625,464.63470458984375,1304.7947998046875,400.44287109375,1532.6497802734375,528.8265380859375
506,20.24,14,2,car,0.5530790686607361,437.4068298339844,439.56427001953125,356.19873046875,386.496826171875,518.6149291992188,492.6317138671875
506,20.24,15,2,car,0.49192777276039124,1268.6842651367188,468.5901336669922,1230.295654296875,433.7397155761719,1307.0728759765625,503.4405517578125
507,20.28,10,2,car,0.6828420758247375,687.2754516601562,420.1680908203125,537.7046508789062,325.07666015625,836.8462524414062,515.259521484375
507,20.28,12,2,car,0.6813466548919678,1050.5835571289062,446.1453552246094,960.892822265625,379.67340087890625,1140.2742919921875,512.6173095703125
507,20.28,9,2,car,0.6200641989707947,1418.018798828125,463.4447937011719,1303.1937255859375,398.24652099609375,1532.8438720703125,528.64306640625
507,20.28,15,2,car,0.5238359570503235,1268.8284912109375,468.0570373535156,1231.387451171875,434.2020263671875,1306.26953125,501.91204833984375
507,20.28,14,2,car,0.3904592990875244,437.2680206298828,442.8880310058594,359.3332214355469,394.1448974609375,515.2028198242188,491.63116455078125
508,20.32,10,2,car,0.7638821005821228,690.7537231445312,419.02491760253906,541.2470092773438,326.1270446777344,840.2604370117188,511.92279052734375
508,20.32,12,2,car,0.7253412008285522,1053.462890625,446.30152893066406,966.30029296875,379.4559631347656,1140.62548828125,513.1470947265625
508,20.32,9,2,car,0.6000990867614746,1416.417236328125,467.43739318847656,1301.0875244140625,405.9395446777344,1531.7469482421875,528.9352416992188
508,20.32,14,2,car,0.5528174638748169,440.01171875,451.1272888183594,364.9271240234375,410.3542785644531,515.0963134765625,491.9002990722656
508,20.32,15,2,car,0.5239356160163879,1268.344970703125,468.5606231689453,1231.446044921875,435.0780029296875,1305.243896484375,502.0432434082031
509,20.36,10,2,car,0.8027694821357727,692.5614929199219,419.2177734375,544.2061767578125,326.4927978515625,840.9168090820312,511.9427490234375
509,20.36,12,2,car,0.720337986946106,1053.01318359375,445.94895935058594,965.287353515625,379.3523254394531,1140.739013671875,512.5455932617188
509,20.36,9,2,car,0.5569602847099304,1415.801025390625,460.4092712402344,1301.0306396484375,392.22088623046875,1530.5714111328125,528.59765625
509,20.36,14,2,car,0.5156978368759155,458.2871856689453,444.9573974609375,367.4416198730469,395.2005920410156,549.1327514648438,494.7142028808594
509,20.36,15,2,car,0.4783439636230469,1268.4268188476562,468.48582458496094,1231.48291015625,434.0753173828125,1305.3707275390625,502.8963317871094
510,20.4,10,2,car,0.8337733745574951,694.3926391601562,419.58192443847656,545.8392944335938,326.9858093261719,842.9459838867188,512.1780395507812
510,20.4,12,2,car,0.6893817186355591,1052.7505187988281,446.21299743652344,964.0548706054688,379.7016906738281,1141.4461669921875,512.7243041992188
510,20.4,9,2,car,0.5693466067314148,1420.889892578125,460.23028564453125,1305.556396484375,391.7962646484375,1536.223388671875,528.664306640625
510,20.4,14,2,car,0.4938919246196747,461.3405303955078,451.1502685546875,369.7268981933594,407.1784973144531,552.9541625976562,495.1220397949219
510,20.4,15,2,car,0.47894155979156494,1269.4153442382812,467.75537109375,1231.5513916015625,433.2865905761719,1307.279296875,502.2241516113281
511,20.44,10,2,car,0.8557865619659424,697.3399353027344,419.6759490966797,549.4816284179688,327.4280090332031,845.1982421875,511.92388916015625
511,20.44,12,2,car,0.7185238599777222,1056.7395324707031,446.48387145996094,967.1445922851562,380.1969909667969,1146.33447265625,512.770751953125
511,20.44,9,2,car,0.5674182176589966,1419.0631713867188,460.1254577636719,1304.8656005859375,391.48187255859375,1533.2607421875,528.76904296875
511,20.44,14,2,car,0.5039131045341492,458.26336669921875,451.71421813964844,369.31512451171875,408.5656433105469,547.2116088867188,494.86279296875
511,20.44,15,2,car,0.47000110149383545,1269.1482543945312,467.2334289550781,1231.5177001953125,432.6617431640625,1306.77880859375,501.80511474609375
512,20.48,10,2,car,0.8380192518234253,699.55322265625,420.44012451171875,554.6334838867188,328.27203369140625,844.4729614257812,512.6082153320312
512,20.48,12,2,car,0.7706372141838074,1059.0871276855469,446.63075256347656,972.8314819335938,379.9485168457031,1145.3427734375,513.31298828125
512,20.48,9,2,car,0.5986645221710205,1416.0884399414062,460.44972229003906,1301.939208984375,392.7488708496094,1530.2376708984375,528.1505737304688
512,20.48,14,2,car,0.47542521357536316,461.7802429199219,451.22642517089844,369.4334716796875,409.48822021484375,554.1270141601562,492.9646301269531
512,20.48,15,2,car,0.46113306283950806,1269.1533203125,466.6330261230469,1233.3519287109375,433.9283752441406,1304.9547119140625,499.3376770019531
513,20.52,10,2,car,0.836673378944397,701.958740234375,420.59071350097656,557.2128295898438,329.0764465332031,846.7046508789062,512.10498046875
513,20.52,12,2,car,0.7402238845825195,1059.3830261230469,446.7697296142578,969.8544311523438,380.1627502441406,1148.91162109375,513.376708984375
513,20.52,9,2,car,0.5389044880867004,1418.2008666992188,461.9761047363281,1302.3187255859375,395.91595458984375,1534.0830078125,528.0362548828125
513,20.52,15,2,car,0.4892982840538025,1269.9627685546875,466.8808898925781,1232.269775390625,431.840087890625,1307.65576171875,501.92169189453125
513,20.52,14,2,car,0.4440453350543976,452.070556640625,451.7989501953125,372.158935546875,410.12396240234375,531.982177734375,493.47393798828125
514,20.56,10,2,car,0.8189387917518616,702.2191467285156,421.10227966308594,557.2192993164062,329.2162170410156,847.218994140625,512.9883422851562
514,20.56,12,2,car,0.6829710602760315,1063.7431945800781,446.5255584716797,976.5579223632812,379.9465026855469,1150.928466796875,513.1046142578125
514,20.56,15,2,car,0.5297508835792542,1271.0092163085938,468.0685729980469,1231.859619140625,434.4548034667969,1310.1588134765625,501.6823425292969
514,20.56,14,2,car,0.5059565901756287,453.3612060546875,450.0846710205078,372.64453125,406.63690185546875,534.077880859375,493.5324401855469
514,20.56,9,2,car,0.4594792127609253,1420.494140625,461.2641296386719,1306.3128662109375,394.57244873046875,1534.6754150390625,527.955810546875
515,20.6,10,2,car,0.8116636276245117,705.4909057617188,421.3694305419922,560.631591796875,329.5265808105469,850.3502197265625,513.2122802734375
515,20.6,12,2,car,0.7125942707061768,1064.3670043945312,446.22509765625,977.460205078125,379.76385498046875,1151.2738037109375,512.6863403320312
515,20.6,15,2,car,0.5226069092750549,1271.1813354492188,467.4240417480469,1232.1668701171875,434.19342041015625,1310.19580078125,500.6546630859375
515,20.6,9,2,car,0.5033648014068604,1420.7086181640625,462.81727600097656,1306.44775390625,397.7998352050781,1534.969482421875,527.834716796875
515,20.6,14,2,car,0.5020317435264587,451.9783020019531,453.1176300048828,377.6033935546875,413.2513122558594,526.3532104492188,492.98394775390625
515,20.6,17,2,car,0.417140930891037,961.4126281738281,471.69158935546875,935.4708862304688,437.0662536621094,987.3543701171875,506.3169250488281
516,20.64,10,2,car,0.820650577545166,706.8034973144531,420.8222351074219,563.1377563476562,328.8555908203125,850.46923828125,512.7888793945312
516,20.64,12,2,car,0.7109686136245728,1062.4238586425781,446.2194366455078,972.0910034179688,379.6391906738281,1152.7567138671875,512.7996826171875
516,20.64,15,2,car,0.49670010805130005,1270.4176025390625,469.46173095703125,1229.9425048828125,435.2840881347656,1310.8927001953125,503.6393737792969
516,20.64,14,2,car,0.44954824447631836,459.19476318359375,450.67291259765625,380.155517578125,408.51690673828125,538.2340087890625,492.82891845703125
516,20.64,9,2,car,0.4201546311378479,1420.333740234375,467.82667541503906,1307.197998046875,407.1182556152344,1533.469482421875,528.5350952148438
517,20.68,10,2,car,0.7067689299583435,710.1003112792969,421.83795166015625,566.9386596679688,329.832275390625,853.261962890625,513.8436279296875
517,20.68,12,2,car,0.705775797367096,1053.3117370605469,446.34657287597656,954.7124633789062,379.9175720214844,1151.9110107421875,512.7755737304688
517,20.68,14,2,car,0.5669946670532227,457.0906524658203,454.3532409667969,383.6082458496094,415.4039611816406,530.5730590820312,493.3025207519531
517,20.68,15,2,car,0.5311351418495178,1271.628173828125,468.2958068847656,1231.61474609375,433.0009460449219,1311.6416015625,503.5906677246094
517,20.68,9,2,car,0.4738582372665405,1421.0974731445312,461.28147888183594,1308.148681640625,395.1301574707031,1534.0462646484375,527.4328002929688
518,20.72,12,2,car,0.6976630687713623,1057.9200439453125,446.4557647705078,966.42333984375,380.3742370605469,1149.416748046875,512.5372924804688
518,20.72,10,2,car,0.6747392416000366,712.5238647460938,422.2623291015625,569.2557373046875,330.58880615234375,855.7919921875,513.9358520507812
518,20.72,14,2,car,0.5881574749946594,475.7772521972656,446.7667236328125,381.9464111328125,398.4368591308594,569.6080932617188,495.0965881347656
518,20.72,15,2,car,0.531571090221405,1270.8438110351562,468.618896484375,1231.9344482421875,434.30328369140625,1309.753173828125,502.93450927734375
518,20.72,9,2,car,0.462281197309494,1421.9730224609375,463.3378143310547,1310.757080078125,399.0958557128906,1533.18896484375,527.5797729492188
519,20.76,12,2,car,0.7150040864944458,1065.6846313476562,446.72900390625,977.6444091796875,380.7227783203125,1153.724853515625,512.7352294921875
519,20.76,10,2,car,0.7040319442749023,713.7842712402344,422.8548889160156,570.6365356445312,330.33380126953125,856.9320068359375,515.3759765625
519,20.76,15,2,car,0.5735242962837219,1272.6185913085938,469.16651916503906,1231.97802734375,433.5787353515625,1313.2591552734375,504.7543029785156
519,20.76,14,2,car,0.4253254234790802,476.35302734375,449.79261779785156,380.59674072265625,404.11444091796875,572.1093139648438,495.4707946777344
519,20.76,9,2,car,0.4079881012439728,1424.8389282226562,462.0853271484375,1312.718994140625,396.191162109375,1536.9588623046875,527.9794921875
520,20.8,12,2,car,0.703152060508728,1065.7965393066406,446.92742919921875,977.5862426757812,380.59454345703125,1154.0068359375,513.2603149414062
520,20.8,10,2,car,0.6492329835891724,715.8511352539062,422.4518585205078,572.8399658203125,331.3442687988281,858.8623046875,513.5594482421875
520,20.8,15,2,car,0.6003027558326721,1272.6293334960938,468.8280029296875,1231.9764404296875,433.13031005859375,1313.2822265625,504.52569580078125
520,20.8,14,2,car,0.4978019595146179,477.5849914550781,449.2431640625,381.514404296875,402.4820556640625,573.6555786132812,496.0042724609375
520,20.8,9,2,car,0.3956996202468872,1421.2074584960938,458.6874084472656,1310.6859130859375,389.4742431640625,1531.72900390625,527.9005737304688
521,20.84,12,2,car,0.7049788236618042,1066.8832092285156,447.0586853027344,980.0473022460938,380.8531494140625,1153.7191162109375,513.2642211914062
521,20.84,10,2,car,0.6309112906455994,718.2521057128906,421.8750457763672,576.2085571289062,331.8866271972656,860.295654296875,511.86346435546875
521,20.84,15,2,car,0.599005401134491,1272.8392944335938,469.22328186035156,1232.44873046875,434.1274108886719,1313.2298583984375,504.31915283203125
521,20.84,14,2,car,0.4564991891384125,462.4204864501953,451.53099060058594,386.1451721191406,410.2176818847656,538.69580078125,492.84429931640625
521,20.84,17,2,car,0.4481683075428009,967.1207885742188,461.6014709472656,934.0834350585938,417.71942138671875,1000.1581420898438,505.4835205078125
521,20.84,9,2,car,0.41893312335014343,1420.2174682617188,460.11566162109375,1309.56591796875,392.6488037109375,1530.8690185546875,527.58251953125
522,20.88,12,2,car,0.7071157097816467,1066.1533508300781,447.12989807128906,981.7077026367188,381.5909729003906,1150.5989990234375,512.6688232421875
522,20.88,14,2,car,0.6456948518753052,480.59019470214844,452.0788269042969,386.2872619628906,408.6029968261719,574.8931274414062,495.5546569824219
522,20.88,10,2,car,0.6035136580467224,720.7539367675781,422.3463592529297,579.1455688476562,333.0061340332031,862.3623046875,511.68658447265625
522,20.88,15,2,car,0.5869707465171814,1272.0302734375,468.6021423339844,1232.8504638671875,433.9741516113281,1311.2100830078125,503.2301330566406
522,20.88,17,2,car,0.48588815331459045,968.2348022460938,461.8509521484375,936.2155151367188,418.16033935546875,1000.2540893554688,505.54156494140625
522,20.88,9,2,car,0.40445148944854736,1418.6432495117188,469.1441192626953,1311.2235107421875,409.4101257324219,1526.06298828125,528.8781127929688
523,20.92,10,2,car,0.7513998746871948,722.4605102539062,422.97222900390625,581.3092041015625,333.10980224609375,863.61181640625,512.8346557617188
523,20.92,12,2,car,0.7100321650505066,1066.8251953125,447.38194274902344,983.28955078125,381.3747253417969,1150.36083984375,513.38916015625
523,20.92,15,2,car,0.607816219329834,1272.1845703125,468.1209716796875,1233.1102294921875,432.6493225097656,1311.2589111328125,503.5926208496094
523,20.92,14,2,car,0.5722044706344604,481.0170593261719,449.6470031738281,386.26226806640625,403.4751281738281,575.7718505859375,495.8188781738281
523,20.92,17,2,car,0.49588289856910706,968.4757690429688,465.1196594238281,939.31201171875,425.4467468261719,997.6395263671875,504.7925720214844
523,20.92,9,2,car,0.41544264554977417,1419.1464233398438,461.302001953125,1311.1773681640625,394.79498291015625,1527.115478515625,527.8090209960938
524,20.96,12,2,car,0.6600338220596313,1066.7746276855469,447.2366638183594,982.7626342773438,381.39166259765625,1150.78662109375,513.0816650390625
524,20.96,10,2,car,0.649082362651825,723.7389221191406,422.85963439941406,582.7518310546875,333.6653747558594,864.7260131835938,512.0538940429688
524,20.96,15,2,car,0.6008449792861938,1272.9651489257812,467.58460998535156,1233.777099609375,431.64764404296875,1312.1531982421875,503.5215759277344
524,20.96,14,2,car,0.44119518995285034,482.3145751953125,449.1395263671875,388.48223876953125,403.2928466796875,576.1469116210938,494.9862060546875
524,20.96,9,2,car,0.4239521026611328,1420.9293823242188,461.3957824707031,1312.264892578125,395.11920166015625,1529.5938720703125,527.67236328125
524,20.96,17,2,car,0.3950428366661072,968.2256469726562,470.565673828125,939.040283203125,436.18890380859375,997.4110107421875,504.94244384765625
525,21.0,12,2,car,0.6872047781944275,1068.3407592773438,447.17283630371094,985.8182373046875,381.7898254394531,1150.86328125,512.5558471679688
525,21.0,10,2,car,0.6391933560371399,725.9932250976562,423.0350341796875,585.3270263671875,334.02874755859375,866.659423828125,512.0413208007812
525,21.0,15,2,car,0.596942663192749,1273.2716674804688,466.90008544921875,1234.017333984375,430.1351623535156,1312.5260009765625,503.6650085449219
525,21.0,9,2,car,0.49572038650512695,1419.4170532226562,458.6080017089844,1308.3905029296875,389.86962890625,1530.443603515625,527.3463745117188
525,21.0,17,2,car,0.46370822191238403,969.0068359375,471.8810119628906,941.247314453125,439.23284912109375,996.766357421875,504.5291748046875
526,21.04,12,2,car,0.693058431148529,1069.6201171875,447.10169982910156,988.39599609375,382.0046081542969,1150.84423828125,512.1987915039062
526,21.04,10,2,car,0.5903674960136414,727.3865051269531,425.15423583984375,588.169921875,334.9940185546875,866.6030883789062,515.314453125
526,21.04,15,2,car,0.5813678503036499,1273.013671875,467.7865905761719,1234.3553466796875,431.6087951660156,1311.6719970703125,503.9643859863281
526,21.04,9,2,car,0.5033179521560669,1419.6273193359375,459.12559509277344,1306.9486083984375,390.5199279785156,1532.3060302734375,527.7312622070312
526,21.04,14,2,car,0.3848888874053955,489.31529235839844,450.14300537109375,395.7406311035156,404.6805725097656,582.8899536132812,495.6054382324219
526,21.04,17,2,car,0.37277689576148987,969.106201171875,472.5430145263672,942.1100463867188,441.1109924316406,996.1023559570312,503.97503662109375
527,21.08,12,2,car,0.7394099235534668,1069.69921875,446.93255615234375,988.0279541015625,381.78033447265625,1151.3704833984375,512.0847778320312
527,21.08,10,2,car,0.6505915522575378,729.3658142089844,424.1778106689453,590.5261840820312,334.5344543457031,868.2054443359375,513.8211669921875
527,21.08,15,2,car,0.5481657385826111,1273.7962646484375,467.234619140625,1235.0390625,430.6636047363281,1312.553466796875,503.8056335449219
527,21.08,14,2,car,0.533560574054718,486.9900360107422,447.69374084472656,393.8747863769531,398.98828125,580.1052856445312,496.3992004394531
527,21.08,9,2,car,0.48355257511138916,1419.6090698242188,458.56829833984375,1306.331298828125,389.8111572265625,1532.8868408203125,527.325439453125
527,21.08,17,2,car,0.4303739368915558,968.8093872070312,471.0323944091797,940.6569213867188,437.6240234375,996.9618530273438,504.4407653808594
528,21.12,12,2,car,0.6962522268295288,1069.3898315429688,447.63536071777344,987.548583984375,381.9392395019531,1151.2310791015625,513.3314819335938
528,21.12,10,2,car,0.624273419380188,731.1961669921875,425.3043670654297,593.4580078125,335.3006286621094,868.934326171875,515.30810546875
528,21.12,15,2,car,0.5469849109649658,1274.5028686523438,466.71893310546875,1236.073974609375,430.13922119140625,1312.9317626953125,503.29864501953125
528,21.12,9,2,car,0.5193718075752258,1419.7615966796875,458.66123962402344,1304.5582275390625,390.4043884277344,1534.9649658203125,526.9180908203125
528,21.12,14,2,car,0.4741012454032898,490.8998107910156,451.1840362548828,400.57415771484375,406.7184753417969,581.2254638671875,495.64959716796875
528,21.12,17,2,car,0.4389885663986206,968.3672485351562,470.89231872558594,940.4619750976562,438.7029724121094,996.2725219726562,503.0816650390625
529,21.16,10,2,car,0.723785936832428,732.8761291503906,424.6769104003906,593.9275512695312,334.95281982421875,871.82470703125,514.4010009765625
529,21.16,12,2,car,0.6926140189170837,1071.0356750488281,447.93006896972656,989.8284301757812,382.2948303222656,1152.242919921875,513.5653076171875
529,21.16,14,2,car,0.6581428050994873,488.9788513183594,454.25457763671875,400.540283203125,413.1844787597656,577.4174194335938,495.3246765136719
529,21.16,15,2,car,0.5951759815216064,1273.3353271484375,467.6246337890625,1235.0260009765625,431.5587158203125,1311.6446533203125,503.6905517578125
529,21.16,9,2,car,0.38523614406585693,1419.4305419921875,461.4107666015625,1306.222412109375,396.11993408203125,1532.638671875,526.7015991210938
529,21.16,17,2,car,0.382017582654953,969.2897644042969,469.8627166748047,940.6029052734375,436.62152099609375,997.9766235351562,503.1039123535156
530,21.2,10,2,car,0.7508037090301514,735.7782592773438,424.67608642578125,597.9912109375,335.37774658203125,873.5653076171875,513.9744262695312
530,21.2,12,2,car,0.7053911685943604,1071.0525817871094,447.7252655029297,989.1830444335938,382.2667541503906,1152.922119140625,513.1837768554688
530,21.2,14,2,car,0.5839573740959167,490.87042236328125,448.20263671875,399.56982421875,399.8235168457031,582.1710205078125,496.5817565917969
530,21.2,15,2,car,0.5772732496261597,1275.2622680664062,467.5727233886719,1233.1282958984375,432.673828125,1317.396240234375,502.47161865234375
531,21.24,10,2,car,0.7578680515289307,738.0002746582031,424.56800842285156,600.8353271484375,334.8461608886719,875.1652221679688,514.2898559570312
531,21.24,12,2,car,0.637417197227478,1071.3438110351562,447.3708190917969,988.0970458984375,382.13214111328125,1154.590576171875,512.6094970703125
531,21.24,15,2,car,0.5751689672470093,1274.852783203125,467.7854461669922,1232.5389404296875,432.64617919921875,1317.1666259765625,502.9247131347656
531,21.24,14,2,car,0.47212767601013184,490.55035400390625,451.9277648925781,401.98626708984375,410.3665771484375,579.1144409179688,493.48895263671875
531,21.24,9,2,car,0.39984145760536194,1425.83740234375,457.238525390625,1317.0604248046875,388.677978515625,1534.6143798828125,525.799072265625
532,21.28,10,2,car,0.7370667457580566,742.1192932128906,424.5289611816406,604.0536499023438,335.48931884765625,880.1849365234375,513.568603515625
532,21.28,12,2,car,0.6865286231040955,1074.4331970214844,448.02684020996094,993.5213012695312,382.8992614746094,1155.3450927734375,513.1544189453125
532,21.28,15,2,car,0.6284111142158508,1273.1072387695312,467.26588439941406,1232.6964111328125,432.1017150878906,1313.51806640625,502.4300537109375
532,21.28,17,2,car,0.4611915647983551,972.1744995117188,473.5930938720703,943.481689453125,442.8776550292969,1000.8673095703125,504.30853271484375
532,21.28,14,2,car,0.4279065430164337,474.0210418701172,452.0826873779297,401.7351379394531,410.1390380859375,546.3069458007812,494.0263366699219
532,21.28,9,2,car,0.3757201135158539,1435.403564453125,470.9203338623047,1326.1488037109375,412.8661193847656,1544.6583251953125,528.9745483398438
533,21.32,12,2,car,0.7236086130142212,1073.4109191894531,447.5679931640625,992.2512817382812,383.10845947265625,1154.570556640625,512.0275268554688
533,21.32,10,2,car,0.6930443644523621,740.7868041992188,424.70423889160156,602.2318725585938,335.7076721191406,879.3417358398438,513.7008056640625
533,21.32,15,2,car,0.5909520983695984,1274.4549560546875,467.0043640136719,1233.8990478515625,431.92254638671875,1315.0108642578125,502.086181640625
533,21.32,14,2,car,0.4875507950782776,476.9151153564453,451.0562744140625,406.5416564941406,407.7171325683594,547.28857421875,494.3954162597656
533,21.32,17,2,car,0.4672262966632843,971.3684692382812,473.5888671875,943.7838134765625,443.35540771484375,998.953125,503.82232666015625
533,21.32,9,2,car,0.3847911059856415,1436.0808715820312,477.2789611816406,1329.1279296875,425.73687744140625,1543.0338134765625,528.821044921875
534,21.36,10,2,car,0.7525503635406494,742.5755004882812,424.46038818359375,605.1347045898438,336.1781005859375,880.0162963867188,512.74267578125
534,21.36,12,2,car,0.7229653000831604,1072.9185485839844,447.5897521972656,990.7749633789062,382.99066162109375,1155.0621337890625,512.1888427734375
534,21.36,14,2,car,0.5724042057991028,483.9705352783203,454.6430969238281,404.7753601074219,414.60552978515625,563.1657104492188,494.6806640625
534,21.36,15,2,car,0.5658823847770691,1273.8290405273438,467.2063293457031,1233.9019775390625,432.46435546875,1313.756103515625,501.94830322265625
534,21.36,9,2,car,0.39201536774635315,1423.7589721679688,487.19740295410156,1336.712158203125,444.9579162597656,1510.8057861328125,529.4368896484375
535,21.4,10,2,car,0.7730092406272888,746.9483032226562,424.81825256347656,610.0332641601562,336.6053771972656,883.8633422851562,513.0311279296875
535,21.4,12,2,car,0.6624757051467896,1072.2333679199219,447.33238220214844,989.1361694335938,382.96893310546875,1155.33056640625,511.6958312988281
535,21.4,14,2,car,0.5883421897888184,482.4652404785156,455.048583984375,409.1912841796875,415.47528076171875,555.7391967773438,494.62188720703125
535,21.4,15,2,car,0.5193486213684082,1274.3037109375,466.9421081542969,1234.5972900390625,432.7459716796875,1314.0101318359375,501.13824462890625
535,21.4,9,2,car,0.37437134981155396,1437.3013916015625,477.26251220703125,1330.0458984375,425.503173828125,1544.556884765625,529.0218505859375
536,21.44,10,2,car,0.7877699136734009,747.1379089355469,424.914794921875,610.99072265625,337.19085693359375,883.2850952148438,512.6387329101562
536,21.44,12,2,car,0.6740681529045105,1075.4366149902344,447.63865661621094,994.7426147460938,383.2032165527344,1156.130615234375,512.0740966796875
536,21.44,14,2,car,0.5799241662025452,488.8222198486328,454.7919616699219,408.5156555175781,416.05242919921875,569.1287841796875,493.531494140625
536,21.44,15,2,car,0.5244339108467102,1274.9387817382812,466.26763916015625,1234.953857421875,431.80645751953125,1314.9237060546875,500.72882080078125
536,21.44,9,2,car,0.4128836691379547,1437.814697265625,474.42616271972656,1331.24462890625,420.2414245605469,1544.384765625,528.6109008789062
537,21.48,10,2,car,0.7701818943023682,750.0606079101562,424.99095153808594,614.026611328125,337.3525085449219,886.0946044921875,512.62939453125
537,21.48,12,2,car,0.7053209543228149,1076.0075378417969,447.7381896972656,995.4204711914062,383.30145263671875,1156.5946044921875,512.1749267578125
537,21.48,14,2,car,0.6589311957359314,486.32920837402344,454.9259948730469,410.0743103027344,415.6269836425781,562.5841064453125,494.2250061035156
537,21.48,15,2,car,0.4827607274055481,1276.5068969726562,466.846435546875,1235.7564697265625,432.78369140625,1317.25732421875,500.9091796875
537,21.48,17,2,car,0.45592284202575684,974.4873046875,470.26446533203125,945.5562744140625,436.7237548828125,1003.4183349609375,503.80517578125
537,21.48,9,2,car,0.3626258075237274,1434.5000610351562,479.0102081298828,1335.9605712890625,429.3417663574219,1533.03955078125,528.6786499023438
538,21.52,12,2,car,0.6908411383628845,1077.5798645019531,447.9333190917969,997.3793334960938,382.8677978515625,1157.7803955078125,512.9988403320312
538,21.52,14,2,car,0.6393078565597534,483.86570739746094,455.1312561035156,410.1109313964844,416.32525634765625,557.6204833984375,493.937255859375
538,21.52,10,2,car,0.6196518540382385,751.4944763183594,425.5620422363281,617.2789916992188,338.19134521484375,885.7099609375,512.9327392578125
538,21.52,15,2,car,0.47568073868751526,1276.531494140625,467.4441833496094,1236.1109619140625,431.4665222167969,1316.9520263671875,503.4218444824219
538,21.52,17,2,car,0.46279793977737427,975.3639221191406,471.39935302734375,946.6528930664062,439.1423034667969,1004.074951171875,503.6564025878906
538,21.52,9,2,car,0.4548273980617523,1428.31689453125,463.32493591308594,1326.6832275390625,399.4547424316406,1529.9505615234375,527.1951293945312
539,21.56,10,2,car,0.774854302406311,753.9862365722656,425.95989990234375,619.09423828125,338.83905029296875,888.8782348632812,513.0807495117188
539,21.56,12,2,car,0.723156750202179,1079.3842468261719,447.892822265625,1000.2286987304688,383.142333984375,1158.539794921875,512.643310546875
539,21.56,14,2,car,0.5759748816490173,493.9866027832031,453.19134521484375,418.464111328125,413.6429443359375,569.5090942382812,492.73974609375
539,21.56,15,2,car,0.49055057764053345,1276.4279174804688,466.9258117675781,1235.7735595703125,430.8984375,1317.082275390625,502.95318603515625
539,21.56,9,2,car,0.3766512870788574,1434.5978393554688,477.14794921875,1332.6646728515625,425.4136962890625,1536.531005859375,528.8822021484375
540,21.6,10,2,car,0.7863367199897766,755.2982177734375,426.59437561035156,620.7208251953125,340.4039001464844,889.8756103515625,512.7848510742188
540,21.6,12,2,car,0.660666286945343,1079.9188537597656,447.8387451171875,999.5347290039062,383.54278564453125,1160.302978515625,512.1347045898438
540,21.6,14,2,car,0.5948566198348999,486.6219482421875,454.42689514160156,421.1202392578125,416.72662353515625,552.1236572265625,492.1271667480469
540,21.6,15,2,car,0.3830758035182953,1276.8724365234375,470.5694274902344,1237.3487548828125,440.27288818359375,1316.3961181640625,500.865966796875
541,21.64,10,2,car,0.8091208934783936,757.4144592285156,426.02650451660156,622.1935424804688,340.2609558105469,892.6353759765625,511.79205322265625
541,21.64,12,2,car,0.6732538938522339,1080.0497741699219,447.58447265625,1001.1560668945312,383.4302673339844,1158.9434814453125,511.7386779785156
541,21.64,14,2,car,0.4785919189453125,488.3817138671875,454.1743469238281,419.44952392578125,415.24237060546875,557.3139038085938,493.1063232421875
541,21.64,15,2,car,0.4019934833049774,1277.400146484375,468.0444030761719,1237.2513427734375,434.66180419921875,1317.5489501953125,501.427001953125
542,21.68,10,2,car,0.7023233771324158,758.877197265625,426.03660583496094,625.36181640625,339.9758605957031,892.392578125,512.0973510742188
542,21.68,12,2,car,0.6770613789558411,1080.9526977539062,448.0387420654297,1002.747802734375,383.6759948730469,1159.1575927734375,512.4014892578125
542,21.68,14,2,car,0.5078859329223633,476.251953125,454.1488952636719,425.996337890625,416.7417297363281,526.507568359375,491.5560607910156
542,21.68,15,2,car,0.4503982961177826,1277.1919555664062,466.8428649902344,1237.52197265625,432.3027648925781,1316.8619384765625,501.3829650878906
543,21.72,10,2,car,0.7329674959182739,760.8130493164062,426.3389129638672,627.3402099609375,340.3622131347656,894.285888671875,512.3156127929688
543,21.72,12,2,car,0.7060913443565369,1081.6102600097656,447.84877014160156,1002.9848022460938,383.3507995605469,1160.2357177734375,512.3467407226562
543,21.72,15,2,car,0.47913607954978943,1278.2324829101562,467.69781494140625,1236.7918701171875,431.86773681640625,1319.673095703125,503.52789306640625
543,21.72,14,2,car,0.45018497109413147,488.1071472167969,454.62060546875,425.2633056640625,417.0154113769531,550.9509887695312,492.2257995605469
543,21.72,9,2,car,0.41138511896133423,1441.3920288085938,462.04229736328125,1330.48291015625,396.51177978515625,1552.3011474609375,527.5728149414062
543,21.72,17,2,car,0.3606517016887665,981.0317687988281,471.6792297363281,947.2078857421875,436.8593444824219,1014.8556518554688,506.4991149902344
544,21.76,10,2,car,0.7659205198287964,763.3290710449219,427.43206787109375,630.6901245117188,341.86138916015625,895.968017578125,513.0027465820312
544,21.76,12,2,car,0.6887677311897278,1081.4046630859375,448.2749938964844,1002.6181640625,384.5743408203125,1160.191162109375,511.97564697265625
544,21.76,15,2,car,0.4541195034980774,1277.7550048828125,466.9131774902344,1237.2769775390625,431.97454833984375,1318.2330322265625,501.851806640625
544,21.76,9,2,car,0.38081908226013184,1438.7339477539062,474.58619689941406,1333.107177734375,421.5442199707031,1544.3607177734375,527.628173828125
544,21.76,17,2,car,0.3694201111793518,979.2521667480469,470.6994323730469,943.6609497070312,436.2158203125,1014.8433837890625,505.18304443359375
545,21.8,12,2,car,0.6996076703071594,1082.2813110351562,448.2996826171875,1003.9464111328125,385.0844421386719,1160.6162109375,511.5149230957031
545,21.8,10,2,car,0.6663205027580261,764.7373657226562,427.6797790527344,632.5550537109375,343.0208740234375,896.919677734375,512.3386840820312
545,21.8,15,2,car,0.5350698828697205,1278.3589477539062,466.594482421875,1236.1041259765625,431.5316162109375,1320.61376953125,501.6573486328125
545,21.8,17,2,car,0.3546147048473358,983.8763732910156,471.7548522949219,951.2994384765625,437.8667907714844,1016.4533081054688,505.6429138183594
546,21.84,10,2,car,0.7388759851455688,765.7544250488281,427.73280334472656,634.1744995117188,343.1692199707031,897.3343505859375,512.29638671875
546,21.84,12,2,car,0.6404503583908081,1082.4403991699219,448.3112487792969,1004.1802368164062,385.38421630859375,1160.7005615234375,511.23828125
546,21.84,15,2,car,0.5417995452880859,1278.303466796875,466.5238952636719,1237.2745361328125,431.7279052734375,1319.3323974609375,501.31988525390625
546,21.84,9,2,car,0.4537525177001953,1434.9393920898438,477.2756652832031,1343.1602783203125,426.45428466796875,1526.718505859375,528.0970458984375
547,21.88,12,2,car,0.6645922064781189,1085.1412048339844,448.5752410888672,1007.9290161132812,385.8623046875,1162.3533935546875,511.2881774902344
547,21.88,10,2,car,0.6506034135818481,767.7319946289062,428.3119659423828,636.12109375,343.1802062988281,899.3428955078125,513.4437255859375
547,21.88,15,2,car,0.5580248832702637,1277.7992553710938,466.4081726074219,1237.116455078125,431.7967529296875,1318.4820556640625,501.01959228515625
547,21.88,9,2,car,0.37495848536491394,1435.1046752929688,475.47894287109375,1334.8831787109375,423.1893310546875,1535.326171875,527.7685546875
548,21.92,12,2,car,0.698082685470581,1085.0753173828125,448.065673828125,1007.9381103515625,384.80474853515625,1162.2125244140625,511.32659912109375
548,21.92,10,2,car,0.6144386529922485,769.4761962890625,428.2720947265625,638.1522216796875,343.45562744140625,900.8001708984375,513.0885620117188
548,21.92,15,2,car,0.5203642249107361,1278.8462524414062,466.4501037597656,1237.06005859375,431.5163269042969,1320.6324462890625,501.3838806152344
548,21.92,9,2,car,0.4322180151939392,1434.5991821289062,471.69134521484375,1333.7154541015625,415.70306396484375,1535.48291015625,527.6796264648438
549,21.96,12,2,car,0.7404370903968811,1084.9674377441406,448.1311798095703,1006.7223510742188,385.0776672363281,1163.2125244140625,511.1846923828125
549,21.96,10,2,car,0.6299890875816345,771.8231506347656,428.18113708496094,641.2571411132812,343.3320617675781,902.38916015625,513.0302124023438
549,21.96,15,2,car,0.5656425356864929,1278.8463134765625,466.3818054199219,1236.665771484375,431.5838928222656,1321.02685546875,501.1797180175781
549,21.96,9,2,car,0.46449217200279236,1431.7212524414062,473.8411407470703,1333.335205078125,419.8395080566406,1530.1072998046875,527.8427734375
550,22.0,12,2,car,0.7149650454521179,1085.1622924804688,448.4938507080078,1007.697509765625,385.759765625,1162.6270751953125,511.2279357910156
550,22.0,10,2,car,0.600249171257019,773.970703125,428.9781036376953,644.0987548828125,344.0391540527344,903.8426513671875,513.9170532226562
550,22.0,9,2,car,0.5206978917121887,1431.7763061523438,472.6212463378906,1332.8089599609375,417.1583251953125,1530.74365234375,528.0841674804688
550,22.0,15,2,car,0.5205709338188171,1278.6961059570312,466.46978759765625,1236.691650390625,430.849365234375,1320.7005615234375,502.0902099609375
551,22.04,12,2,car,0.6954764723777771,1086.0904235839844,448.67559814453125,1007.3705444335938,386.1580810546875,1164.810302734375,511.193115234375
551,22.04,10,2,car,0.6630164384841919,774.8049011230469,428.3272705078125,643.7813110351562,344.02166748046875,905.8284912109375,512.6328735351562
551,22.04,15,2,car,0.5151670575141907,1278.9908447265625,466.49322509765625,1237.012451171875,431.8003234863281,1320.96923828125,501.1861267089844
551,22.04,9,2,car,0.4890822768211365,1430.4849853515625,473.73573303222656,1334.2640380859375,419.2533874511719,1526.7059326171875,528.2180786132812
552,22.08,12,2,car,0.6684613227844238,1086.6878967285156,448.398193359375,1007.5277709960938,385.2037353515625,1165.8480224609375,511.5926513671875
552,22.08,9,2,car,0.5775715112686157,1431.2830200195312,470.49964904785156,1334.166748046875,412.8293151855469,1528.3992919921875,528.1699829101562
552,22.08,15,2,car,0.4954693913459778,1278.5338745117188,466.34710693359375,1237.0679931640625,431.8798828125,1319.999755859375,500.8143310546875
552,22.08,10,2,car,0.4715006649494171,776.6161804199219,428.2402648925781,645.341796875,344.37591552734375,907.8905639648438,512.1046142578125
553,22.12,12,2,car,0.7576687932014465,1088.2964782714844,448.83209228515625,1008.4513549804688,385.8975524902344,1168.1416015625,511.7666320800781
553,22.12,10,2,car,0.7134914994239807,779.794921875,428.6757049560547,650.1948852539062,345.0636291503906,909.3949584960938,512.2877807617188
553,22.12,15,2,car,0.5588899254798889,1278.0963134765625,466.6053161621094,1236.9638671875,431.6581726074219,1319.228759765625,501.5524597167969
553,22.12,9,2,car,0.5191696286201477,1432.7116088867188,470.2574005126953,1335.9053955078125,411.9511413574219,1529.517822265625,528.5636596679688
553,22.12,17,2,car,0.3728136718273163,992.2012939453125,462.4419250488281,952.402587890625,420.689208984375,1032.0,504.19464111328125
554,22.16,12,2,car,0.6820995807647705,1088.33251953125,448.2366027832031,1011.10205078125,385.9189453125,1165.56298828125,510.55426025390625
554,22.16,15,2,car,0.5895026922225952,1277.7650146484375,466.27935791015625,1237.130615234375,431.4597473144531,1318.3994140625,501.0989685058594
554,22.16,9,2,car,0.575727105140686,1436.1979370117188,466.19215393066406,1335.4542236328125,404.4029846191406,1536.941650390625,527.9813232421875
554,22.16,17,2,car,0.37739303708076477,987.77490234375,470.5236511230469,952.9601440429688,437.1876525878906,1022.5896606445312,503.8596496582031
554,22.16,10,2,car,0.3651524484157562,779.3691711425781,428.8234558105469,651.807373046875,345.3756103515625,906.9309692382812,512.2713012695312
555,22.2,12,2,car,0.6034285426139832,1089.1315612792969,448.00743103027344,1010.8057250976562,385.65704345703125,1167.4573974609375,510.3578186035156
555,22.2,10,2,car,0.5884531140327454,779.921142578125,429.9320831298828,652.9503173828125,347.2559509277344,906.8919677734375,512.6082153320312
555,22.2,9,2,car,0.5392721891403198,1434.8577880859375,464.83111572265625,1335.5618896484375,401.08868408203125,1534.1536865234375,528.5735473632812
555,22.2,15,2,car,0.5331510305404663,1278.150146484375,466.77593994140625,1237.52197265625,431.45068359375,1318.7783203125,502.1011962890625
555,22.2,17,2,car,0.3802037537097931,988.1932983398438,471.9637756347656,953.063232421875,440.3126220703125,1023.3233642578125,503.61492919921875
556,22.24,12,2,car,0.6405930519104004,1090.0601806640625,447.73846435546875,1011.3046875,384.9562683105469,1168.815673828125,510.5206604003906
556,22.24,10,2,car,0.5913296937942505,782.4956359863281,430.10675048828125,654.135498046875,347.2791748046875,910.8557739257812,512.934326171875
556,22.24,9,2,car,0.5573420524597168,1435.4328002929688,466.05604553222656,1335.5511474609375,403.3127746582031,1535.314453125,528.79931640625
556,22.24,15,2,car,0.5208917260169983,1279.7090454101562,466.8571472167969,1238.2589111328125,430.9602355957031,1321.1591796875,502.7540588378906
556,22.24,17,2,car,0.45088863372802734,988.2601318359375,473.9004821777344,953.7233276367188,444.30780029296875,1022.7969360351562,503.4931640625
557,22.28,12,2,car,0.7090441584587097,1090.8092651367188,447.81317138671875,1011.673828125,385.09368896484375,1169.9447021484375,510.53265380859375
557,22.28,9,2,car,0.5854390263557434,1434.5166625976562,467.4104766845703,1335.3656005859375,405.9868469238281,1533.667724609375,528.8341064453125
557,22.28,15,2,car,0.560440182685852,1279.5658569335938,466.6564178466797,1238.46240234375,431.6041259765625,1320.6693115234375,501.7087097167969
557,22.28,10,2,car,0.543498158454895,784.4954223632812,430.8995819091797,657.0737915039062,347.8710021972656,911.9170532226562,513.9281616210938
558,22.32,15,2,car,0.5649083852767944,1277.8150024414062,466.271484375,1238.914794921875,431.72003173828125,1316.7152099609375,500.82293701171875
558,22.32,9,2,car,0.52582848072052,1432.6810302734375,468.6453857421875,1336.17529296875,408.77911376953125,1529.186767578125,528.5116577148438
558,22.32,10,2,car,0.49421849846839905,787.2337646484375,430.17930603027344,659.362060546875,346.8059997558594,915.10546875,513.5526123046875
558,22.32,12,2,car,0.44481199979782104,1092.6656494140625,447.8061218261719,1015.2132568359375,385.2431945800781,1170.1180419921875,510.3690490722656
558,22.32,17,2,car,0.35857999324798584,987.7208862304688,472.5172119140625,953.5588989257812,442.4473571777344,1021.8828735351562,502.5870666503906
559,22.36,15,2,car,0.5562389492988586,1277.0560913085938,466.2397155761719,1238.338623046875,431.8857421875,1315.7735595703125,500.59368896484375
559,22.36,9,2,car,0.5012727379798889,1433.7568969726562,471.36610412597656,1336.9586181640625,414.4657287597656,1530.55517578125,528.2664794921875
559,22.36,10,2,car,0.43735161423683167,787.5704650878906,429.96636962890625,662.1068725585938,347.49334716796875,913.0340576171875,512.4393920898438
559,22.36,12,2,car,0.3954240381717682,1092.1118774414062,447.9087371826172,1015.025390625,384.6124267578125,1169.1983642578125,511.2050476074219
560,22.4,10,2,car,0.5582257509231567,790.408447265625,430.12864685058594,663.954345703125,347.5254821777344,916.862548828125,512.7318115234375
560,22.4,15,2,car,0.5528829097747803,1276.541015625,466.266357421875,1238.4664306640625,431.7721252441406,1314.6156005859375,500.7605895996094
560,22.4,12,2,car,0.47017160058021545,1092.5897827148438,448.5076904296875,1013.5909423828125,385.75250244140625,1171.588623046875,511.26287841796875
560,22.4,9,2,car,0.4400370717048645,1434.0497436523438,471.1206512451172,1337.8719482421875,413.8711853027344,1530.2275390625,528.3701171875
560,22.4,17,2,car,0.4006919860839844,988.794677734375,473.3441925048828,954.7636108398438,443.6286926269531,1022.8257446289062,503.0596923828125
561,22.44,12,2,car,0.6555488705635071,1094.2325744628906,448.6739807128906,1015.7278442382812,384.70074462890625,1172.7373046875,512.647216796875
561,22.44,10,2,car,0.5811840891838074,791.7309265136719,430.35919189453125,665.7630615234375,347.8798828125,917.6987915039062,512.8385009765625
561,22.44,15,2,car,0.5661051869392395,1276.5298461914062,466.6048278808594,1238.899658203125,432.1766052246094,1314.1600341796875,501.0330505371094
561,22.44,17,2,car,0.4671006500720978,989.8962707519531,473.7291717529297,955.5148315429688,443.2873840332031,1024.2777099609375,504.17095947265625
561,22.44,9,2,car,0.42635318636894226,1436.817626953125,473.6427917480469,1339.5860595703125,419.36334228515625,1534.0491943359375,527.9222412109375
562,22.48,10,2,car,0.5911949276924133,793.4642944335938,430.9981384277344,667.7327270507812,348.9862060546875,919.1958618164062,513.0100708007812
562,22.48,15,2,car,0.5865484476089478,1277.8223266601562,466.32594299316406,1239.4095458984375,431.02545166015625,1316.235107421875,501.6264343261719
562,22.48,12,2,car,0.5433050394058228,1095.3892822265625,448.5809326171875,1017.4288330078125,384.83477783203125,1173.3497314453125,512.3270874023438
562,22.48,9,2,car,0.48376160860061646,1435.827392578125,474.10911560058594,1340.23388671875,419.8551940917969,1531.4208984375,528.363037109375
562,22.48,17,2,car,0.37099528312683105,990.9416809082031,473.79835510253906,956.0993041992188,442.91363525390625,1025.7840576171875,504.6830749511719
563,22.52,10,2,car,0.5905946493148804,793.51708984375,431.3900604248047,670.2642211914062,349.9841613769531,916.7699584960938,512.7959594726562
563,22.52,15,2,car,0.5658106803894043,1278.0928344726562,466.6302795410156,1239.49658203125,431.7236022949219,1316.6890869140625,501.5369567871094
563,22.52,9,2,car,0.5338795185089111,1435.186279296875,471.8713836669922,1338.6292724609375,415.3466491699219,1531.7432861328125,528.3961181640625
563,22.52,17,2,car,0.3820752799510956,990.916259765625,475.1329650878906,957.299560546875,445.22882080078125,1024.532958984375,505.037109375
563,22.52,12,2,car,0.3797866404056549,1096.149169921875,448.17686462402344,1018.8336181640625,384.63116455078125,1173.4647216796875,511.7225646972656
564,22.56,15,2,car,0.53338223695755,1277.7564086914062,466.5799255371094,1239.746826171875,431.2547607421875,1315.7659912109375,501.90509033203125
564,22.56,9,2,car,0.5204900503158569,1435.21142578125,468.12120056152344,1338.0325927734375,409.0907897949219,1532.3902587890625,527.151611328125
564,22.56,10,2,car,0.48598361015319824,796.4067687988281,431.38568115234375,672.3792724609375,350.29119873046875,920.4342651367188,512.4801635742188
564,22.56,12,2,car,0.4626276195049286,1095.4787292480469,448.2340850830078,1018.6594848632812,384.7323303222656,1172.2979736328125,511.73583984375
564,22.56,17,2,car,0.4480266869068146,991.4490966796875,473.49188232421875,957.7357177734375,442.66937255859375,1025.1624755859375,504.31439208984375
565,22.6,18,2,car,0.7093106508255005,39.196197509765625,413.1608123779297,0.377471923828125,339.33331298828125,78.01492309570312,486.9883117675781
565,22.6,12,2,car,0.6575918793678284,1096.8315734863281,449.1586151123047,1017.9098510742188,385.6295471191406,1175.7532958984375,512.6876831054688
565,22.6,10,2,car,0.5940566658973694,799.0555725097656,432.2110137939453,673.77294921875,351.2604675292969,924.3381958007812,513.1615600585938
565,22.6,15,2,car,0.556429922580719,1278.7210083007812,466.33482360839844,1239.8438720703125,431.02197265625,1317.59814453125,501.6476745605469
565,22.6,9,2,car,0.5446318984031677,1440.189697265625,468.2066192626953,1338.9378662109375,408.8681945800781,1541.4415283203125,527.5450439453125
565,22.6,17,2,car,0.4322620630264282,992.5900268554688,472.23719787597656,957.9136962890625,440.0365905761719,1027.266357421875,504.43780517578125
566,22.64,12,2,car,0.6651294827461243,1096.767333984375,450.31565856933594,1018.7288818359375,388.4640197753906,1174.8057861328125,512.1672973632812
566,22.64,18,2,car,0.6470552682876587,42.541916847229004,412.4425354003906,0.3870563507080078,338.5682678222656,84.69677734375,486.3168029785156
566,22.64,9,2,car,0.5326970219612122,1442.05419921875,467.78916931152344,1339.3448486328125,407.3023986816406,1544.7635498046875,528.2759399414062
566,22.64,15,2,car,0.522320032119751,1278.0038452148438,466.6361389160156,1240.2469482421875,431.67022705078125,1315.7607421875,501.60205078125
566,22.64,10,2,car,0.5095438361167908,800.6814880371094,431.9164581298828,676.3467407226562,351.4536437988281,925.0162353515625,512.3792724609375
566,22.64,17,2,car,0.3925129473209381,991.9366760253906,473.3924560546875,957.8366088867188,441.7976989746094,1026.0367431640625,504.9872131347656
567,22.68,12,2,car,0.6507994532585144,1097.1911926269531,449.4791259765625,1018.1105346679688,386.14630126953125,1176.2718505859375,512.8119506835938
567,22.68,9,2,car,0.597923219203949,1443.31298828125,465.13279724121094,1337.7542724609375,401.1768493652344,1548.8717041015625,529.0887451171875
567,22.68,18,2,car,0.5695951581001282,45.594919204711914,411.0946044921875,0.24860000610351562,337.3833923339844,90.94123840332031,484.8058166503906
567,22.68,15,2,car,0.5489085912704468,1278.4888916015625,466.68878173828125,1240.7080078125,432.28656005859375,1316.269775390625,501.09100341796875
567,22.68,10,2,car,0.3941747546195984,802.8006286621094,430.81988525390625,679.1591796875,350.68817138671875,926.4420776367188,510.95159912109375
567,22.68,17,2,car,0.35665467381477356,992.4418640136719,473.19236755371094,958.7476196289062,441.0442199707031,1026.1361083984375,505.34051513671875
568,22.72,12,2,car,0.671773374080658,1098.1277770996094,450.47520446777344,1018.9879760742188,388.2792663574219,1177.267578125,512.671142578125
568,22.72,9,2,car,0.6206744909286499,1442.1473999023438,463.05657958984375,1335.5380859375,397.991943359375,1548.7567138671875,528.1212158203125
568,22.72,15,2,car,0.5689457058906555,1278.902099609375,466.7823486328125,1241.1055908203125,432.3050537109375,1316.6986083984375,501.2596435546875
568,22.72,17,2,car,0.4681687355041504,994.171875,472.5645446777344,958.4754638671875,439.2745056152344,1029.8682861328125,505.8545837402344
568,22.72,10,2,car,0.4560157060623169,802.40478515625,430.8973846435547,680.76708984375,351.27484130859375,924.04248046875,510.5199279785156
569,22.76,12,2,car,0.6172370910644531,1100.1399230957031,450.37596130371094,1021.5115356445312,388.2005310058594,1178.768310546875,512.5513916015625
569,22.76,9,2,car,0.5966413617134094,1439.8727416992188,464.4800109863281,1334.126953125,400.8546142578125,1545.6185302734375,528.1054077148438
569,22.76,18,2,car,0.5783277153968811,54.869659423828125,410.41954040527344,0.26039886474609375,333.1548767089844,109.47891998291016,487.6842041015625
569,22.76,15,2,car,0.5550732612609863,1277.4056396484375,466.8609924316406,1240.2894287109375,432.71612548828125,1314.5218505859375,501.005859375
569,22.76,10,2,car,0.5209981203079224,806.3468322753906,432.72901916503906,680.3148803710938,352.7866516113281,932.3787841796875,512.67138671875
569,22.76,17,2,car,0.46957048773765564,995.634765625,471.5588836669922,958.503173828125,436.80047607421875,1032.766357421875,506.3172912597656
570,22.8,12,2,car,0.5586965680122375,1101.5359191894531,450.8979797363281,1023.8798217773438,388.6337890625,1179.1920166015625,513.1621704101562
570,22.8,9,2,car,0.5507961511611938,1437.9629516601562,463.4724426269531,1333.623046875,398.946533203125,1542.3028564453125,527.9983520507812
570,22.8,18,2,car,0.5229344964027405,57.70257377624512,410.23680114746094,0.2818336486816406,333.43975830078125,115.1233139038086,487.0338439941406
570,22.8,10,2,car,0.5059666037559509,808.4029235839844,432.6069030761719,683.2275390625,352.70123291015625,933.5783081054688,512.5125732421875
570,22.8,15,2,car,0.4928159713745117,1277.6864624023438,466.8834228515625,1240.923828125,433.042236328125,1314.4490966796875,500.724609375
570,22.8,17,2,car,0.44772547483444214,996.1935424804688,471.0749816894531,958.82666015625,435.94482421875,1033.5604248046875,506.20513916015625
571,22.84,18,2,car,0.6922534108161926,62.70604705810547,410.0709533691406,0.22368621826171875,333.4019470214844,125.18840789794922,486.7399597167969
571,22.84,12,2,car,0.5962596535682678,1099.6123962402344,451.4337921142578,1023.5407104492188,390.2071838378906,1175.68408203125,512.660400390625
571,22.84,10,2,car,0.5791531801223755,808.9821166992188,433.6890411376953,683.451416015625,353.9693298339844,934.5128173828125,513.4087524414062
571,22.84,9,2,car,0.52587890625,1441.7288208007812,464.47808837890625,1336.64111328125,400.6748046875,1546.8165283203125,528.2813720703125
571,22.84,15,2,car,0.4992258548736572,1277.6190795898438,466.81256103515625,1240.9876708984375,432.8780822753906,1314.25048828125,500.7470397949219
571,22.84,17,2,car,0.43815192580223083,996.8419189453125,471.51512145996094,957.3138427734375,436.6769714355469,1036.3699951171875,506.353271484375
572,22.88,12,2,car,0.6894973516464233,1101.5161743164062,451.08494567871094,1024.711669921875,389.7129821777344,1178.3206787109375,512.4569091796875
572,22.88,10,2,car,0.613175094127655,810.6500244140625,432.4769744873047,687.2757568359375,352.2275695800781,934.0242919921875,512.7263793945312
572,22.88,9,2,car,0.5581706166267395,1442.2093505859375,465.02447509765625,1337.624267578125,401.671875,1546.79443359375,528.3770751953125
572,22.88,18,2,car,0.5552099943161011,66.77007293701172,409.5110626220703,0.15234375,334.255126953125,133.38780212402344,484.7669982910156
572,22.88,15,2,car,0.5085427165031433,1278.1802978515625,466.81629943847656,1241.586669921875,432.8527526855469,1314.77392578125,500.77984619140625
572,22.88,17,2,car,0.45275604724884033,996.1168212890625,473.8384552001953,957.328857421875,441.3223571777344,1034.90478515625,506.35455322265625
572,22.88,19,2,car,0.4180265963077545,522.0983276367188,456.25404357910156,455.14544677734375,418.3529968261719,589.0512084960938,494.15509033203125
573,22.92,10,2,car,0.6914263963699341,812.5828857421875,431.9444274902344,689.5660400390625,352.1829528808594,935.5997314453125,511.7059020996094
573,22.92,12,2,car,0.6559072136878967,1100.4676818847656,450.8776092529297,1023.1452026367188,389.1015930175781,1177.7901611328125,512.6536254882812
573,22.92,9,2,car,0.5847559571266174,1442.0375366210938,464.0552673339844,1336.0416259765625,399.8148193359375,1548.033447265625,528.2957153320312
573,22.92,18,2,car,0.5235327482223511,69.54220390319824,409.8701477050781,0.013652801513671875,333.2461853027344,139.0707550048828,486.4941101074219
573,22.92,15,2,car,0.4856739342212677,1278.5244750976562,466.67633056640625,1242.4031982421875,432.8665466308594,1314.645751953125,500.4861145019531
573,22.92,17,2,car,0.446103036403656,997.0780639648438,475.8160400390625,958.5537109375,444.91131591796875,1035.6024169921875,506.72076416015625
573,22.92,19,2,car,0.43035849928855896,522.924560546875,456.8829345703125,459.05084228515625,420.4002685546875,586.7982788085938,493.3656005859375
574,22.96,12,2,car,0.6015675663948059,1102.5394897460938,450.9938049316406,1024.266845703125,389.1134033203125,1180.8121337890625,512.8742065429688
574,22.96,9,2,car,0.5503379702568054,1440.8778076171875,464.1898498535156,1337.6107177734375,400.308837890625,1544.1448974609375,528.0708618164062
574,22.96,10,2,car,0.5271095037460327,813.8563537597656,433.6276092529297,691.9201049804688,354.5664367675781,935.7926025390625,512.6887817382812
574,22.96,18,2,car,0.5044671893119812,76.52497291564941,409.64772033691406,0.18748855590820312,331.0507507324219,152.86245727539062,488.24468994140625
574,22.96,15,2,car,0.49617838859558105,1277.9525756835938,466.5951232910156,1241.560546875,432.498046875,1314.3446044921875,500.69219970703125
575,23.0,18,2,car,0.6853393912315369,80.56067276000977,384.5354919433594,0.26447296142578125,279.6715393066406,160.85687255859375,489.3994445800781
575,23.0,12,2,car,0.5526402592658997,1103.0591430664062,451.3932647705078,1024.9249267578125,389.6200866699219,1181.193359375,513.1664428710938
575,23.0,10,2,car,0.5388290882110596,813.4443969726562,432.8241424560547,691.3357543945312,353.5007019042969,935.5530395507812,512.1475830078125
575,23.0,9,2,car,0.493696928024292,1444.5809326171875,464.6204528808594,1340.8018798828125,401.5181884765625,1548.3599853515625,527.7227172851562
575,23.0,15,2,car,0.47292470932006836,1277.8892211914062,467.0797119140625,1241.778076171875,433.2978515625,1314.0003662109375,500.861572265625
575,23.0,17,2,car,0.4009486734867096,996.8691711425781,472.83018493652344,959.1630249023438,439.77813720703125,1034.5753173828125,505.8822326660156
576,23.04,18,2,car,0.7093098163604736,81.5066032409668,383.93824768066406,0.22867584228515625,280.5480651855469,162.78453063964844,487.32843017578125
576,23.04,12,2,car,0.6976004242897034,1103.9571533203125,451.8810729980469,1026.642333984375,390.0556640625,1181.27197265625,513.7064819335938
576,23.04,15,2,car,0.5727673768997192,1278.0576171875,467.0237731933594,1241.8536376953125,433.29620361328125,1314.2615966796875,500.7513427734375
576,23.04,10,2,car,0.48937010765075684,811.9472961425781,433.2098693847656,690.0515747070312,354.0318603515625,933.843017578125,512.3878784179688
576,23.04,9,2,car,0.4771003723144531,1443.300537109375,465.6631164550781,1339.7431640625,403.52764892578125,1546.85791015625,527.798583984375
576,23.04,17,2,car,0.40067216753959656,997.130859375,474.9764404296875,960.2054443359375,442.89508056640625,1034.0562744140625,507.05780029296875
577,23.08,18,2,car,0.7982895970344543,83.71523666381836,383.58580017089844,0.49481964111328125,280.4249572753906,166.93565368652344,486.74664306640625
577,23.08,12,2,car,0.7825985550880432,1103.0567626953125,451.771728515625,1026.5499267578125,390.2281494140625,1179.5635986328125,513.3153076171875
577,23.08,10,2,car,0.5930259823799133,817.2613830566406,433.5910949707031,695.2160034179688,354.12945556640625,939.3067626953125,513.052734375
577,23.08,15,2,car,0.5585460662841797,1278.2317504882812,467.1396789550781,1241.4456787109375,433.5068664550781,1315.017822265625,500.7724914550781
577,23.08,9,2,car,0.5237688422203064,1445.0831298828125,463.3775939941406,1338.05615234375,399.204345703125,1552.110107421875,527.5508422851562
577,23.08,17,2,car,0.4923568069934845,999.5628051757812,471.0968933105469,961.933837890625,435.58331298828125,1037.1917724609375,506.6104736328125
578,23.12,18,2,car,0.7959392070770264,87.12458038330078,383.67430114746094,0.5547637939453125,280.4610900878906,173.69439697265625,486.88751220703125
578,23.12,12,2,car,0.7866711020469666,1103.82666015625,451.5530242919922,1027.9071044921875,389.7528381347656,1179.7462158203125,513.3532104492188
578,23.12,15,2,car,0.5625209808349609,1277.8040771484375,466.9976806640625,1240.8585205078125,433.1392822265625,1314.7496337890625,500.8560791015625
578,23.12,10,2,car,0.5543815493583679,818.5727844238281,434.0931091308594,696.1696166992188,355.24713134765625,940.9759521484375,512.9390869140625
578,23.12,9,2,car,0.49523305892944336,1433.504638671875,476.5447998046875,1342.57666015625,422.99139404296875,1524.4326171875,530.0982055664062
578,23.12,17,2,car,0.4005623459815979,1001.4088134765625,472.4497833251953,962.198974609375,439.05230712890625,1040.61865234375,505.8472595214844
579,23.16,18,2,car,0.8203149437904358,91.21910095214844,384.59124755859375,0.13494873046875,280.899169921875,182.30325317382812,488.2833251953125
579,23.16,12,2,car,0.7208994626998901,1104.3806762695312,451.37046813964844,1028.7908935546875,389.3602600097656,1179.970458984375,513.3806762695312
579,23.16,10,2,car,0.6634743809700012,819.8135070800781,433.4296875,697.073486328125,354.8661804199219,942.5535278320312,511.9931945800781
579,23.16,15,2,car,0.5305564403533936,1278.0206909179688,466.78187561035156,1241.3829345703125,432.966552734375,1314.658447265625,500.5971984863281
579,23.16,9,2,car,0.45642903447151184,1433.6871948242188,477.4362030029297,1342.810302734375,425.1585388183594,1524.5640869140625,529.7138671875
579,23.16,17,2,car,0.3521527349948883,1002.0913696289062,473.5298767089844,962.5455322265625,441.56744384765625,1041.63720703125,505.4923095703125
580,23.2,18,2,car,0.8283481597900391,94.06990051269531,385.2476806640625,0.099884033203125,282.07177734375,188.0399169921875,488.423583984375
580,23.2,12,2,car,0.7234889268875122,1106.2966918945312,451.27313232421875,1029.780029296875,389.403076171875,1182.8133544921875,513.1431884765625
580,23.2,10,2,car,0.6586707234382629,821.7070922851562,433.1662902832031,699.841064453125,355.6548156738281,943.5731201171875,510.6777648925781
580,23.2,9,2,car,0.5278028249740601,1448.2821044921875,467.52244567871094,1340.029296875,407.1144104003906,1556.534912109375,527.9304809570312
580,23.2,15,2,car,0.5175873637199402,1277.7194213867188,466.99383544921875,1240.8414306640625,433.3406066894531,1314.597412109375,500.6470642089844
581,23.24,18,2,car,0.831743061542511,96.61239624023438,386.27117919921875,0.2354736328125,282.6434631347656,192.98931884765625,489.8988952636719
581,23.24,12,2,car,0.7848508358001709,1105.294677734375,451.12342834472656,1027.9981689453125,389.8215637207031,1182.5911865234375,512.42529296875
581,23.24,10,2,car,0.7554757595062256,823.2281799316406,434.7053680419922,702.588134765625,356.0140686035156,943.8682250976562,513.3966674804688
581,23.24,15,2,car,0.5477871298789978,1277.6046142578125,467.6739807128906,1240.7169189453125,434.52630615234375,1314.4923095703125,500.8216552734375
581,23.24,9,2,car,0.5343583226203918,1447.707275390625,465.94793701171875,1341.492919921875,403.97515869140625,1553.921630859375,527.9207153320312
581,23.24,17,2,car,0.3515981137752533,1002.2415161132812,469.9073181152344,962.1485595703125,434.8254089355469,1042.33447265625,504.9892272949219
582,23.28,18,2,car,0.8558643460273743,100.59921646118164,385.85626220703125,0.18491363525390625,282.36083984375,201.01351928710938,489.3516845703125
582,23.28,12,2,car,0.8084059357643127,1106.5177001953125,451.714599609375,1029.120849609375,390.55975341796875,1183.91455078125,512.8694458007812
582,23.28,10,2,car,0.7551091909408569,824.4266052246094,434.12042236328125,703.4210815429688,355.678466796875,945.43212890625,512.5623779296875
582,23.28,15,2,car,0.5771659016609192,1278.079345703125,467.1764831542969,1241.1534423828125,433.5680236816406,1315.0052490234375,500.7849426269531
582,23.28,9,2,car,0.5175918340682983,1437.9677124023438,467.0207977294922,1337.9468994140625,405.7579650878906,1537.988525390625,528.2836303710938
582,23.28,17,2,car,0.36342328786849976,1003.1697998046875,470.5558776855469,963.4737548828125,435.4745178222656,1042.8658447265625,505.6372375488281
583,23.32,18,2,car,0.8450192213058472,103.52742004394531,385.84922790527344,0.2158355712890625,282.02911376953125,206.83900451660156,489.6693420410156
583,23.32,12,2,car,0.8091233372688293,1107.4713745117188,452.3066711425781,1031.309326171875,391.6409912109375,1183.6334228515625,512.9723510742188
583,23.32,10,2,car,0.7294856309890747,826.1865234375,434.2613830566406,704.6473388671875,355.66748046875,947.7257080078125,512.8552856445312
583,23.32,15,2,car,0.6175259351730347,1277.9447021484375,467.6321716308594,1240.3721923828125,433.970703125,1315.5172119140625,501.29364013671875
583,23.32,9,2,car,0.5311378240585327,1440.912109375,466.27662658691406,1340.2298583984375,404.9073791503906,1541.5943603515625,527.6458740234375
583,23.32,17,2,car,0.38834360241889954,1003.7693176269531,467.9150390625,964.0266723632812,430.9701232910156,1043.511962890625,504.8599548339844
584,23.36,18,2,car,0.822607159614563,108.04346084594727,385.76055908203125,0.35808563232421875,282.7378234863281,215.7288360595703,488.7832946777344
584,23.36,12,2,car,0.7885736227035522,1107.5353393554688,451.65626525878906,1031.25634765625,390.4336242675781,1183.8143310546875,512.87890625
584,23.36,10,2,car,0.7551657557487488,826.9118041992188,434.06927490234375,705.0184936523438,355.91473388671875,948.8051147460938,512.2238159179688
584,23.36,15,2,car,0.5942056775093079,1278.3084716796875,467.66087341308594,1241.3760986328125,434.025634765625,1315.2408447265625,501.2961120605469
584,23.36,9,2,car,0.572621762752533,1448.88916015625,465.36143493652344,1341.0565185546875,402.6962585449219,1556.7218017578125,528.026611328125
585,23.4,18,2,car,0.8105893135070801,110.85486602783203,386.322998046875,0.256256103515625,283.29833984375,221.45347595214844,489.34765625
585,23.4,12,2,car,0.7839915752410889,1107.5087890625,452.04888916015625,1030.994140625,391.37255859375,1184.0234375,512.7252197265625
585,23.4,10,2,car,0.7381486892700195,827.9236450195312,434.3831481933594,706.0545043945312,355.83575439453125,949.7927856445312,512.9305419921875
585,23.4,15,2,car,0.639149010181427,1278.2703857421875,467.8913269042969,1241.2347412109375,434.4696350097656,1315.3060302734375,501.3130187988281
585,23.4,9,2,car,0.5646224021911621,1443.6561889648438,464.77528381347656,1344.5596923828125,401.6558532714844,1542.752685546875,527.8947143554688
585,23.4,17,2,car,0.4098070561885834,1005.0873107910156,468.5935363769531,965.7280883789062,432.8387145996094,1044.446533203125,504.3483581542969
586,23.44,18,2,car,0.8377559781074524,113.59418869018555,387.41871643066406,0.36389923095703125,285.19683837890625,226.82447814941406,489.6405944824219
586,23.44,12,2,car,0.7751959562301636,1109.0281372070312,451.97715759277344,1032.7044677734375,391.2055969238281,1185.351806640625,512.7487182617188
586,23.44,10,2,car,0.7229416966438293,831.7424621582031,435.5703887939453,709.2191772460938,357.2633361816406,954.2657470703125,513.87744140625
586,23.44,15,2,car,0.6208418011665344,1279.3822631835938,468.1966552734375,1241.7117919921875,435.15802001953125,1317.052734375,501.23529052734375
586,23.44,9,2,car,0.5684945583343506,1442.9757080078125,465.703125,1344.6527099609375,403.4608154296875,1541.2987060546875,527.9454345703125
587,23.48,18,2,car,0.8153321743011475,116.13926696777344,388.14512634277344,0.1816864013671875,286.3357849121094,232.0968475341797,489.9544677734375
587,23.48,12,2,car,0.791710615158081,1108.5545043945312,452.0502166748047,1032.6109619140625,391.7707214355469,1184.498046875,512.3297119140625
587,23.48,10,2,car,0.7518126964569092,830.4446105957031,436.65956115722656,708.3801879882812,358.6185607910156,952.509033203125,514.7005615234375
587,23.48,15,2,car,0.6351001262664795,1279.832275390625,468.72344970703125,1242.2266845703125,436.0644836425781,1317.4378662109375,501.3824157714844
587,23.48,9,2,car,0.5742542743682861,1434.8408813476562,466.0419464111328,1344.7998046875,404.1938781738281,1524.8819580078125,527.8900146484375
588,23.52,18,2,car,0.788279116153717,120.40948104858398,389.0042266845703,0.8386001586914062,287.9385681152344,239.98036193847656,490.06988525390625
588,23.52,12,2,car,0.7474135756492615,1109.3707885742188,451.9333953857422,1034.7230224609375,391.7287902832031,1184.0185546875,512.1380004882812
588,23.52,10,2,car,0.7470409274101257,832.6058349609375,435.9193572998047,709.5977783203125,358.3722839355469,955.6138916015625,513.4664306640625
588,23.52,15,2,car,0.6508554816246033,1279.9445190429688,469.0978088378906,1241.5782470703125,436.6929931640625,1318.310791015625,501.50262451171875
588,23.52,9,2,car,0.580439567565918,1435.55126953125,465.66705322265625,1345.5501708984375,404.120361328125,1525.5523681640625,527.2137451171875
589,23.56,18,2,car,0.7927365303039551,122.88015365600586,388.4797668457031,0.7029647827148438,285.63446044921875,245.05734252929688,491.3250732421875
589,23.56,12,2,car,0.7836084365844727,1109.3519287109375,452.3958740234375,1034.385498046875,392.2178955078125,1184.318359375,512.5738525390625
589,23.56,10,2,car,0.7277071475982666,833.8174133300781,436.5685119628906,710.543212890625,359.382568359375,957.0916137695312,513.7544555664062
589,23.56,15,2,car,0.6649520397186279,1280.3289184570312,469.37086486816406,1241.8531494140625,436.91326904296875,1318.8046875,501.8284606933594
589,23.56,9,2,car,0.5669298768043518,1438.1588745117188,466.7412414550781,1348.0528564453125,406.25244140625,1528.264892578125,527.2300415039062
589,23.56,20,2,car,0.3552555739879608,1568.6378173828125,474.74285888671875,1520.6129150390625,438.6213684082031,1616.6627197265625,510.8643493652344
590,23.6,18,2,car,0.8247523903846741,126.20187377929688,388.64076232910156,1.0269012451171875,287.43585205078125,251.37684631347656,489.8456726074219
590,23.6,12,2,car,0.7767918109893799,1111.2635498046875,452.146728515625,1035.8592529296875,391.23797607421875,1186.6678466796875,513.0554809570312
590,23.6,10,2,car,0.71773761510849,836.8482055664062,435.74851989746094,716.3785400390625,358.8346252441406,957.31787109375,512.6624145507812
590,23.6,15,2,car,0.6309577822685242,1280.213623046875,469.546875,1241.4119873046875,437.3448486328125,1319.0152587890625,501.7489013671875
590,23.6,9,2,car,0.6093453168869019,1436.1976928710938,464.4373016357422,1346.8680419921875,401.9852600097656,1525.52734375,526.8893432617188
590,23.6,20,2,car,0.41279351711273193,1567.6188354492188,482.67645263671875,1516.0338134765625,450.7972412109375,1619.203857421875,514.5556640625
591,23.64,18,2,car,0.7924429774284363,127.93693161010742,390.0903625488281,1.2859725952148438,289.3591003417969,254.587890625,490.8216247558594
591,23.64,12,2,car,0.7030977010726929,1111.9443359375,452.5953826904297,1038.2864990234375,393.2640380859375,1185.6021728515625,511.9267272949219
591,23.64,10,2,car,0.6675370931625366,839.3502197265625,435.3252258300781,717.4093017578125,357.97882080078125,961.2911376953125,512.671630859375
591,23.64,9,2,car,0.6190369129180908,1435.8468017578125,464.0517883300781,1346.89892578125,400.57672119140625,1524.794677734375,527.52685546875
591,23.64,15,2,car,0.6072201728820801,1280.70458984375,469.3730163574219,1242.058349609375,436.9274597167969,1319.350830078125,501.8185729980469
591,23.64,17,2,car,0.36356857419013977,1009.6603698730469,468.185302734375,970.2247924804688,428.4060974121094,1049.095947265625,507.9645080566406
592,23.68,18,2,car,0.7925457954406738,131.7893295288086,391.59437561035156,1.3263702392578125,293.1810302734375,262.2522888183594,490.0077209472656
592,23.68,12,2,car,0.6880225539207458,1112.1209106445312,452.08721923828125,1038.446044921875,392.20513916015625,1185.7957763671875,511.96929931640625
592,23.68,9,2,car,0.622208833694458,1434.7925415039062,464.7715148925781,1346.2218017578125,401.02496337890625,1523.36328125,528.51806640625
592,23.68,15,2,car,0.5385441780090332,1281.403076171875,469.6709289550781,1241.2354736328125,437.77899169921875,1321.5706787109375,501.5628662109375
592,23.68,10,2,car,0.5043699741363525,838.2723083496094,435.5520477294922,716.3963012695312,358.1702575683594,960.1483154296875,512.933837890625
592,23.68,20,2,car,0.4140320420265198,1570.533447265625,473.0413513183594,1518.0081787109375,434.7693786621094,1623.0587158203125,511.3133239746094
593,23.72,18,2,car,0.8162506818771362,134.79360580444336,392.89300537109375,1.0172653198242188,294.6172790527344,268.5699462890625,491.1687316894531
593,23.72,9,2,car,0.6761847138404846,1434.506591796875,464.326904296875,1346.054931640625,400.31597900390625,1522.958251953125,528.3378295898438
593,23.72,12,2,car,0.6552782654762268,1112.7012939453125,452.5152282714844,1039.28662109375,392.849853515625,1186.115966796875,512.1806030273438
593,23.72,15,2,car,0.549157977104187,1281.7617797851562,469.7509307861328,1242.890625,438.0020446777344,1320.6329345703125,501.49981689453125
593,23.72,10,2,car,0.4853239059448242,842.3182983398438,435.7984313964844,724.2978515625,358.95849609375,960.3387451171875,512.6383666992188
593,23.72,20,2,car,0.4545345604419708,1568.536376953125,474.308837890625,1516.780517578125,436.560546875,1620.292236328125,512.05712890625
593,23.72,19,2,car,0.4381686747074127,563.1636505126953,456.1754150390625,509.4239807128906,418.00946044921875,616.9033203125,494.34136962890625
593,23.72,17,2,car,0.40401896834373474,1007.8377685546875,467.1258544921875,968.0936279296875,430.0044250488281,1047.5819091796875,504.2472839355469
594,23.76,18,2,car,0.761995792388916,137.62691497802734,392.6445007324219,0.1387481689453125,294.3774719238281,275.1150817871094,490.9115295410156
594,23.76,9,2,car,0.6985522508621216,1434.9622802734375,464.41973876953125,1347.9173583984375,401.0291748046875,1522.0072021484375,527.810302734375
594,23.76,12,2,car,0.6380892395973206,1113.17236328125,452.84014892578125,1040.147705078125,393.07379150390625,1186.197021484375,512.6065063476562
594,23.76,10,2,car,0.5529283285140991,845.1364440917969,436.5535430908203,726.9171142578125,360.1771545410156,963.3557739257812,512.929931640625
594,23.76,20,2,car,0.5243473649024963,1569.848876953125,477.02919006347656,1515.7415771484375,440.4103088378906,1623.9561767578125,513.6480712890625
594,23.76,15,2,car,0.5028361678123474,1282.1582641601562,469.75396728515625,1242.80322265625,437.9766540527344,1321.5133056640625,501.5312805175781
594,23.76,17,2,car,0.45944544672966003,1009.7126770019531,468.5950012207031,968.9544067382812,429.5621337890625,1050.470947265625,507.62786865234375
594,23.76,19,2,car,0.45014625787734985,553.6752166748047,456.9715576171875,506.2803039550781,419.88116455078125,601.0701293945312,494.06195068359375
595,23.8,18,2,car,0.7986488342285156,140.53678131103516,393.6328582763672,0.2333221435546875,294.3822326660156,280.8402404785156,492.88348388671875
595,23.8,9,2,car,0.7006983757019043,1436.217529296875,464.9043273925781,1349.567626953125,401.9205322265625,1522.867431640625,527.8881225585938
595,23.8,12,2,car,0.582825243473053,1114.8861694335938,451.96424865722656,1041.43212890625,392.3825988769531,1188.3402099609375,511.5458984375
595,23.8,10,2,car,0.5787459015846252,847.1797485351562,437.2576904296875,731.4904174804688,361.90814208984375,962.8690795898438,512.6072387695312
595,23.8,15,2,car,0.49968627095222473,1282.606201171875,469.3402404785156,1244.044921875,437.5622863769531,1321.16748046875,501.1181945800781
595,23.8,17,2,car,0.40469714999198914,1011.2109069824219,469.5186767578125,972.1320190429688,431.51348876953125,1050.289794921875,507.52386474609375
595,23.8,20,2,car,0.39203161001205444,1570.0718994140625,475.96710205078125,1516.0400390625,439.131591796875,1624.103759765625,512.8026123046875
596,23.84,18,2,car,0.7753161787986755,143.6285171508789,393.4791717529297,0.1696929931640625,294.415771484375,287.08734130859375,492.5425720214844
596,23.84,9,2,car,0.6919188499450684,1437.1273193359375,465.93519592285156,1351.2628173828125,403.5151062011719,1522.9918212890625,528.3552856445312
596,23.84,10,2,car,0.6492321491241455,850.3458862304688,436.99534606933594,733.0325927734375,361.2893371582031,967.6591796875,512.7013549804688
596,23.84,12,2,car,0.6363503932952881,1115.0045776367188,453.06243896484375,1042.4227294921875,393.79833984375,1187.58642578125,512.3265380859375
596,23.84,15,2,car,0.4899040758609772,1283.9849853515625,469.2001495361328,1245.86865234375,437.4908142089844,1322.101318359375,500.90948486328125
596,23.84,20,2,car,0.4306647777557373,1570.8635864257812,473.14479064941406,1516.725341796875,433.2252502441406,1625.0018310546875,513.0643310546875
596,23.84,19,2,car,0.4194212853908539,574.4245300292969,457.9468688964844,505.3133544921875,418.4629211425781,643.5357055664062,497.4308166503906
596,23.84,17,2,car,0.40564534068107605,1011.5877075195312,469.4151306152344,972.977294921875,431.624267578125,1050.1981201171875,507.20599365234375
597,23.88,18,2,car,0.8196924328804016,145.09479904174805,394.4847106933594,0.13982391357421875,296.343017578125,290.0497741699219,492.62640380859375
597,23.88,9,2,car,0.6827636361122131,1437.0195922851562,463.78094482421875,1350.158935546875,399.78179931640625,1523.8802490234375,527.7800903320312
597,23.88,12,2,car,0.6813302040100098,1115.5299682617188,453.1266174316406,1042.1319580078125,393.6412353515625,1188.927978515625,512.6119995117188
597,23.88,15,2,car,0.5634683966636658,1284.3193359375,468.9639129638672,1246.9453125,437.0389709472656,1321.693359375,500.88885498046875
597,23.88,10,2,car,0.5414392352104187,848.7633361816406,436.8254699707031,733.828857421875,360.89959716796875,963.6978149414062,512.7513427734375
597,23.88,17,2,car,0.37792953848838806,1012.423095703125,468.2538757324219,973.9859619140625,429.5510559082031,1050.8602294921875,506.9566955566406
598,23.92,18,2,car,0.8417012691497803,148.03374481201172,394.8175506591797,0.2255401611328125,297.3563232421875,295.8419494628906,492.2787780761719
598,23.92,12,2,car,0.7131701707839966,1117.0912475585938,453.3751983642578,1041.36474609375,393.6978454589844,1192.8177490234375,513.0525512695312
598,23.92,9,2,car,0.6904435753822327,1436.888427734375,463.4486389160156,1349.7310791015625,399.2021484375,1524.0457763671875,527.6951293945312
598,23.92,10,2,car,0.6819258332252502,851.9419555664062,436.72906494140625,734.4700927734375,361.14312744140625,969.413818359375,512.3150024414062
598,23.92,15,2,car,0.5163601040840149,1284.2742309570312,468.9935760498047,1245.7025146484375,437.021484375,1322.845947265625,500.9656677246094
598,23.92,20,2,car,0.3860272467136383,1571.1699829101562,470.31431579589844,1516.518310546875,428.3731384277344,1625.8216552734375,512.2554931640625
598,23.92,17,2,car,0.3608892858028412,1011.4082946777344,466.1875305175781,970.2874145507812,428.13885498046875,1052.5291748046875,504.2362060546875
599,23.96,18,2,car,0.7993826270103455,150.34292221069336,395.6697692871094,0.27495574951171875,297.7167663574219,300.410888671875,493.6227722167969
599,23.96,12,2,car,0.7174269556999207,1116.7789306640625,452.7233123779297,1042.3699951171875,392.9211120605469,1191.1878662109375,512.5255126953125
599,23.96,9,2,car,0.7075145840644836,1436.7612915039062,466.3801574707031,1348.991943359375,404.930419921875,1524.5306396484375,527.8298950195312
599,23.96,10,2,car,0.68142169713974,850.6708374023438,436.6763153076172,735.879638671875,360.9875793457031,965.4620361328125,512.3650512695312
599,23.96,15,2,car,0.4940895438194275,1284.5148315429688,469.0316162109375,1246.444091796875,437.36883544921875,1322.5855712890625,500.69439697265625
599,23.96,17,2,car,0.4161054790019989,1011.3564758300781,466.52618408203125,970.2920532226562,428.7633361816406,1052.4208984375,504.2890319824219
600,24.0,18,2,car,0.830582857131958,152.95119857788086,395.5581512451172,0.29811859130859375,297.8597412109375,305.6042785644531,493.2565612792969
600,24.0,9,2,car,0.7081610560417175,1437.0859985351562,464.8950653076172,1348.86962890625,401.9815979003906,1525.3023681640625,527.8085327148438
600,24.0,10,2,car,0.707765519618988,854.2833251953125,436.3516540527344,737.9864501953125,360.459716796875,970.5802001953125,512.2435913085938
600,24.0,12,2,car,0.6386162042617798,1118.2898559570312,453.0472717285156,1043.6075439453125,393.400634765625,1192.97216796875,512.6939086914062
600,24.0,15,2,car,0.488147109746933,1284.7303466796875,467.94781494140625,1246.8736572265625,435.8315734863281,1322.5870361328125,500.0640563964844
600,24.0,20,2,car,0.3858250379562378,1577.2998046875,466.4748229980469,1520.986083984375,422.1064453125,1633.613525390625,510.84320068359375
600,24.0,17,2,car,0.3773581385612488,1011.3411865234375,468.0824432373047,970.7811279296875,431.0115966796875,1051.9012451171875,505.1532897949219
601,24.04,18,2,car,0.826753556728363,154.58729553222656,395.73150634765625,0.364654541015625,299.1593017578125,308.8099365234375,492.3037109375
601,24.04,9,2,car,0.7084426283836365,1437.7327270507812,464.5243682861328,1350.027099609375,400.8542175292969,1525.4383544921875,528.1945190429688
601,24.04,12,2,car,0.6892582774162292,1118.3109741210938,452.79566955566406,1042.897705078125,393.3213806152344,1193.7242431640625,512.2699584960938
601,24.04,10,2,car,0.5255048274993896,857.0237426757812,436.47068786621094,738.1685180664062,360.5523376464844,975.8789672851562,512.3890380859375
601,24.04,15,2,car,0.4809180200099945,1284.6419067382812,468.1037292480469,1246.098388671875,436.16766357421875,1323.1854248046875,500.039794921875
601,24.04,17,2,car,0.42115020751953125,1012.3853454589844,467.3765106201172,971.7665405273438,428.87762451171875,1053.004150390625,505.8753967285156
601,24.04,20,2,car,0.3782629370689392,1578.1067504882812,465.9521484375,1521.708984375,421.0174255371094,1634.5045166015625,510.8868713378906
602,24.08,18,2,car,0.8018995523452759,158.65769958496094,395.7263488769531,0.0,300.1493225097656,317.3153991699219,491.3033752441406
602,24.08,9,2,car,0.6920247673988342,1440.1599731445312,466.77919006347656,1353.1429443359375,405.8178405761719,1527.177001953125,527.7405395507812
602,24.08,12,2,car,0.6841540336608887,1118.6058349609375,453.8706512451172,1042.40625,394.7357482910156,1194.805419921875,513.0055541992188
602,24.08,10,2,car,0.6060164570808411,858.8587646484375,437.35755920410156,740.0302734375,361.9133605957031,977.687255859375,512.8017578125
602,24.08,15,2,car,0.4419911205768585,1292.1411743164062,467.697998046875,1245.30810546875,432.82611083984375,1338.9742431640625,502.56988525390625
602,24.08,20,2,car,0.4005582332611084,1580.1309814453125,464.072509765625,1523.9736328125,419.58154296875,1636.288330078125,508.5634765625
602,24.08,17,2,car,0.3926668167114258,1012.575439453125,466.76531982421875,972.4954833984375,428.4723815917969,1052.6553955078125,505.0582580566406
603,24.12,18,2,car,0.8503276109695435,161.09669494628906,396.93434143066406,0.421417236328125,300.3212585449219,321.77197265625,493.54742431640625
603,24.12,10,2,car,0.6920533180236816,862.6363830566406,437.73321533203125,742.6163330078125,362.4591064453125,982.6564331054688,513.00732421875
603,24.12,12,2,car,0.6848315596580505,1120.3377075195312,453.03184509277344,1043.2900390625,393.7939758300781,1197.3853759765625,512.2697143554688
603,24.12,9,2,car,0.6802928447723389,1440.350830078125,466.95372009277344,1353.942626953125,406.1091613769531,1526.759033203125,527.7982788085938
603,24.12,20,2,car,0.4794474244117737,1580.5283203125,466.0814971923828,1523.21337890625,420.0321350097656,1637.84326171875,512.130859375
603,24.12,17,2,car,0.44576185941696167,1013.3546142578125,466.7427062988281,971.5081787109375,427.5227966308594,1055.2010498046875,505.9626159667969
603,24.12,15,2,car,0.4437394142150879,1284.1943969726562,467.86338806152344,1245.6038818359375,435.0254821777344,1322.784912109375,500.7012939453125
603,24.12,19,2,car,0.3639512062072754,578.3602600097656,454.4802703857422,497.6275634765625,410.7659912109375,659.0929565429688,498.1945495605469
604,24.16,18,2,car,0.880972683429718,164.36676406860352,397.23944091796875,0.5349197387695312,302.0647888183594,328.1986083984375,492.4140930175781
604,24.16,12,2,car,0.6916227340698242,1122.4564819335938,453.7124481201172,1043.6151123046875,394.7549743652344,1201.2978515625,512.669921875
604,24.16,10,2,car,0.6914033889770508,861.9934997558594,438.3202362060547,741.0240478515625,363.9850158691406,982.9629516601562,512.6554565429688
604,24.16,9,2,car,0.6544790863990784,1440.0311279296875,468.431884765625,1353.7342529296875,408.8291015625,1526.3280029296875,528.03466796875
604,24.16,15,2,car,0.4804132282733917,1284.1824951171875,467.5301513671875,1244.364013671875,434.12969970703125,1324.0009765625,500.93060302734375
604,24.16,20,2,car,0.4555477797985077,1579.9623413085938,463.88214111328125,1523.6041259765625,417.35833740234375,1636.320556640625,510.40594482421875
604,24.16,17,2,car,0.45308804512023926,1013.2848510742188,467.1812286376953,971.6575927734375,427.94873046875,1054.912109375,506.4137268066406
605,24.2,18,2,car,0.8673403263092041,167.79327392578125,397.94764709472656,0.655609130859375,303.7980651855469,334.9309387207031,492.09722900390625
605,24.2,10,2,car,0.6988256573677063,864.9450988769531,438.5548858642578,743.6965942382812,364.9490661621094,986.193603515625,512.1607055664062
605,24.2,12,2,car,0.6932810544967651,1121.185791015625,453.8166809082031,1043.6197509765625,395.08941650390625,1198.7518310546875,512.5439453125
605,24.2,9,2,car,0.6789335012435913,1439.3274536132812,465.8132629394531,1352.02587890625,403.66461181640625,1526.6290283203125,527.9619140625
605,24.2,17,2,car,0.48605772852897644,1015.9775085449219,467.19140625,975.8318481445312,428.96429443359375,1056.1231689453125,505.41851806640625
605,24.2,20,2,car,0.4846053123474121,1580.8778076171875,462.6640319824219,1523.6346435546875,416.3301086425781,1638.1209716796875,508.9979553222656
605,24.2,15,2,car,0.4591195285320282,1284.1493530273438,467.6219177246094,1245.0279541015625,434.3979797363281,1323.270751953125,500.8458557128906
606,24.24,18,2,car,0.8201938271522522,169.02496719360352,398.4934844970703,0.6268386840820312,304.60015869140625,337.423095703125,492.3868103027344
606,24.24,12,2,car,0.7063198089599609,1119.74755859375,454.04029846191406,1043.3892822265625,394.6432189941406,1196.1058349609375,513.4373779296875
606,24.24,10,2,car,0.6939941644668579,866.2711181640625,438.0528564453125,745.9931640625,363.3885498046875,986.549072265625,512.7171630859375
606,24.24,9,2,car,0.6645784378051758,1437.733642578125,466.2342529296875,1350.437744140625,403.83831787109375,1525.029541015625,528.6301879882812
606,24.24,15,2,car,0.48785901069641113,1292.891357421875,467.447021484375,1243.7584228515625,432.31878662109375,1342.0242919921875,502.57525634765625
606,24.24,20,2,car,0.4772692322731018,1580.2144165039062,464.70758056640625,1522.158447265625,417.5013427734375,1638.2703857421875,511.913818359375
606,24.24,17,2,car,0.41397592425346375,1016.0028076171875,467.26060485839844,976.42822265625,429.004150390625,1055.577392578125,505.5170593261719
607,24.28,18,2,car,0.8396249413490295,172.35320663452148,398.0134735107422,0.7067184448242188,304.0137634277344,343.99969482421875,492.01318359375
607,24.28,10,2,car,0.735725998878479,867.3480834960938,437.80104064941406,748.962890625,363.3241882324219,985.7332763671875,512.2778930664062
607,24.28,12,2,car,0.7106183767318726,1121.1543579101562,453.95616149902344,1044.22314453125,395.3200378417969,1198.0855712890625,512.59228515625
607,24.28,9,2,car,0.6646226644515991,1438.987060546875,464.8635711669922,1350.633544921875,401.3204040527344,1527.340576171875,528.40673828125
607,24.28,15,2,car,0.49782416224479675,1291.6552124023438,467.8394012451172,1243.8392333984375,432.93597412109375,1339.47119140625,502.7428283691406
607,24.28,20,2,car,0.4503045380115509,1581.4696044921875,466.0923156738281,1521.7882080078125,421.4305114746094,1641.1510009765625,510.7541198730469
607,24.28,17,2,car,0.4094751477241516,1016.5935974121094,467.3169708251953,978.4055786132812,429.6332702636719,1054.7816162109375,505.00067138671875
608,24.32,18,2,car,0.8081764578819275,174.95566940307617,399.78204345703125,3.1438522338867188,305.2627258300781,346.7674865722656,494.3013610839844
608,24.32,12,2,car,0.7168066501617432,1122.8400268554688,453.78843688964844,1045.81103515625,394.9307556152344,1199.8690185546875,512.6461181640625
608,24.32,9,2,car,0.6289511322975159,1438.1795043945312,463.41200256347656,1350.332275390625,398.2502746582031,1526.0267333984375,528.57373046875
608,24.32,10,2,car,0.6220812201499939,871.0902099609375,438.71766662597656,751.6441040039062,363.9932556152344,990.5363159179688,513.4420776367188
608,24.32,15,2,car,0.4712645411491394,1283.2772216796875,468.22760009765625,1243.1751708984375,435.51068115234375,1323.3792724609375,500.94451904296875
608,24.32,17,2,car,0.46117231249809265,1016.2082214355469,467.77911376953125,978.0529174804688,428.8216857910156,1054.363525390625,506.7365417480469
608,24.32,20,2,car,0.4565473794937134,1582.0861206054688,465.3186950683594,1524.136474609375,420.27740478515625,1640.0357666015625,510.3599853515625
609,24.36,18,2,car,0.7986292243003845,184.13616180419922,399.9932098388672,13.744491577148438,306.16204833984375,354.52783203125,493.8243713378906
609,24.36,12,2,car,0.7078086137771606,1123.4322509765625,453.6105499267578,1046.5242919921875,394.6560974121094,1200.3402099609375,512.5650024414062
609,24.36,9,2,car,0.6441032290458679,1438.283447265625,466.18780517578125,1350.884033203125,403.80303955078125,1525.682861328125,528.5725708007812
609,24.36,10,2,car,0.631610631942749,870.4063110351562,439.79286193847656,752.5543212890625,365.8157043457031,988.25830078125,513.77001953125
609,24.36,15,2,car,0.5173017978668213,1288.130126953125,467.57371520996094,1245.0926513671875,434.0834045410156,1331.1676025390625,501.06402587890625
609,24.36,17,2,car,0.4556733965873718,1016.426513671875,468.6235656738281,978.0201416015625,431.199462890625,1054.8328857421875,506.04766845703125
610,24.4,18,2,car,0.7954330444335938,187.0113868713379,400.3818054199219,15.367835998535156,307.12371826171875,358.6549377441406,493.639892578125
610,24.4,12,2,car,0.7469542026519775,1124.8045043945312,453.1660614013672,1046.406005859375,393.3051452636719,1203.2030029296875,513.0269775390625
610,24.4,10,2,car,0.6534509062767029,870.7016296386719,438.7292938232422,751.5281372070312,363.8431091308594,989.8751220703125,513.615478515625
610,24.4,9,2,car,0.6499057412147522,1438.7440795898438,464.4101867675781,1351.05322265625,400.45635986328125,1526.4349365234375,528.364013671875
610,24.4,15,2,car,0.5273112058639526,1287.9178466796875,467.43914794921875,1246.337158203125,433.8984375,1329.49853515625,500.9798583984375
610,24.4,20,2,car,0.4478658437728882,1580.631591796875,464.6254577636719,1519.803955078125,418.4610900878906,1641.459228515625,510.7898254394531
610,24.4,17,2,car,0.41110169887542725,1017.3442077636719,467.29522705078125,978.3746948242188,427.5945739746094,1056.313720703125,506.9958801269531
610,24.4,19,2,car,0.3807752728462219,561.2133483886719,457.5325927734375,505.623779296875,421.09954833984375,616.8029174804688,493.96563720703125
611,24.44,18,2,car,0.795961320400238,192.2060775756836,400.5811004638672,24.088394165039062,307.9322814941406,360.3237609863281,493.22991943359375
611,24.44,12,2,car,0.7228594422340393,1124.874755859375,453.3744354248047,1046.5960693359375,394.3431701660156,1203.1534423828125,512.4057006835938
611,24.44,9,2,car,0.6183708310127258,1438.6326293945312,466.0337371826172,1351.4161376953125,403.3491516113281,1525.84912109375,528.7183227539062
611,24.44,10,2,car,0.5444837212562561,870.3198852539062,451.4427185058594,752.9752807617188,389.8455810546875,987.6644897460938,513.0398559570312
611,24.44,15,2,car,0.5162985920906067,1291.7193603515625,467.32489013671875,1246.9302978515625,434.013427734375,1336.5084228515625,500.6363525390625
611,24.44,17,2,car,0.48460277915000916,1017.76416015625,472.603271484375,977.9945068359375,437.3361511230469,1057.5338134765625,507.8703918457031
611,24.44,20,2,car,0.4489741027355194,1582.2835083007812,466.14402770996094,1520.4739990234375,420.7423400878906,1644.093017578125,511.54571533203125
611,24.44,19,2,car,0.3621191680431366,565.330078125,458.51243591308594,516.7723388671875,422.44390869140625,613.8878173828125,494.5809631347656
612,24.48,18,2,car,0.792370617389679,197.80476188659668,401.0854797363281,27.97610092163086,309.6896667480469,367.6334228515625,492.4812927246094
612,24.48,12,2,car,0.7051109075546265,1125.4016723632812,453.83656311035156,1046.9034423828125,395.2207946777344,1203.89990234375,512.4523315429688
612,24.48,9,2,car,0.6345453262329102,1439.4722900390625,465.78228759765625,1352.69384765625,403.00628662109375,1526.250732421875,528.5582885742188
612,24.48,10,2,car,0.6204785108566284,871.0287475585938,441.09849548339844,753.6779174804688,369.0433044433594,988.3795776367188,513.1536865234375
612,24.48,15,2,car,0.5226064920425415,1289.6865844726562,467.5834197998047,1246.5982666015625,434.3680419921875,1332.77490234375,500.7987976074219
612,24.48,20,2,car,0.427205353975296,1583.0769653320312,469.3334503173828,1518.99755859375,426.1174621582031,1647.1563720703125,512.5494384765625
612,24.48,17,2,car,0.37597885727882385,1019.6485900878906,468.6806945800781,980.7636108398438,430.48974609375,1058.5335693359375,506.87164306640625
612,24.48,19,2,car,0.3720405399799347,563.8355712890625,456.35321044921875,507.151611328125,418.6119689941406,620.51953125,494.0944519042969
613,24.52,18,2,car,0.8191931247711182,203.50040245056152,401.69810485839844,34.02302169799805,310.2439270019531,372.977783203125,493.15228271484375
613,24.52,12,2,car,0.6303322911262512,1125.2366333007812,453.5032653808594,1049.4859619140625,395.2781982421875,1200.9873046875,511.72833251953125
613,24.52,9,2,car,0.6276927590370178,1439.46533203125,467.0883483886719,1353.7177734375,405.41741943359375,1525.212890625,528.75927734375
613,24.52,10,2,car,0.6209231019020081,872.9906311035156,440.31361389160156,757.780029296875,367.9109191894531,988.2012329101562,512.71630859375
613,24.52,15,2,car,0.5123745799064636,1290.339599609375,468.05381774902344,1246.6180419921875,435.0198059082031,1334.0611572265625,501.08782958984375
613,24.52,19,2,car,0.5105260610580444,562.2600402832031,458.2169494628906,505.94659423828125,420.8861389160156,618.573486328125,495.5477600097656
613,24.52,17,2,car,0.5045574307441711,1020.6390075683594,471.9785614013672,981.1744995117188,436.95684814453125,1060.103515625,507.0002746582031
613,24.52,20,2,car,0.44522619247436523,1584.9700317382812,467.7821044921875,1520.0023193359375,425.1248474121094,1649.937744140625,510.4393615722656
614,24.56,18,2,car,0.7432987689971924,211.64036560058594,402.3636474609375,44.1112060546875,311.1885681152344,379.1695251464844,493.5387268066406
614,24.56,10,2,car,0.7138957977294922,873.8255310058594,439.6101379394531,760.4188842773438,365.90130615234375,987.232177734375,513.3189697265625
614,24.56,12,2,car,0.6956954598426819,1126.5408935546875,453.86627197265625,1049.597900390625,395.30401611328125,1203.48388671875,512.4285278320312
614,24.56,9,2,car,0.6271854639053345,1439.6394653320312,468.80116271972656,1353.532470703125,409.0690612792969,1525.7464599609375,528.5332641601562
614,24.56,20,2,car,0.48261359333992004,1584.569580078125,467.51788330078125,1521.9742431640625,425.6811218261719,1647.1649169921875,509.3546447753906
614,24.56,15,2,car,0.4482662081718445,1291.0807495117188,467.8570861816406,1245.9473876953125,434.8900451660156,1336.214111328125,500.8241271972656
614,24.56,17,2,car,0.4121919870376587,1021.0172729492188,471.6933288574219,981.3682861328125,436.68695068359375,1060.666259765625,506.69970703125
614,24.56,19,2,car,0.3539612591266632,565.1651000976562,456.5258331298828,506.9842529296875,417.494384765625,623.345947265625,495.5572814941406
615,24.6,18,2,car,0.7623433470726013,218.7776584625244,403.8062438964844,51.82744216918945,311.58709716796875,385.7278747558594,496.025390625
615,24.6,10,2,car,0.7323703169822693,875.3189392089844,440.14453125,759.5579223632812,366.613037109375,991.0799560546875,513.676025390625
615,24.6,12,2,car,0.7223515510559082,1126.6651611328125,453.7456817626953,1047.8543701171875,394.9629821777344,1205.4759521484375,512.5283813476562
615,24.6,9,2,car,0.6330389380455017,1440.7842407226562,467.9674987792969,1356.2530517578125,404.056640625,1525.3154296875,531.8783569335938
615,24.6,19,2,car,0.4763101041316986,564.1404418945312,456.7709655761719,509.09857177734375,418.3597412109375,619.1823120117188,495.18218994140625
615,24.6,15,2,car,0.4701562225818634,1290.8405151367188,467.75848388671875,1246.4290771484375,434.5331726074219,1335.251953125,500.9837951660156
615,24.6,20,2,car,0.393816202878952,1584.5873413085938,465.54600524902344,1522.219970703125,421.38201904296875,1646.9547119140625,509.7099914550781
616,24.64,18,2,car,0.7969112992286682,223.60082244873047,403.15301513671875,58.95277404785156,311.9036865234375,388.2488708496094,494.40234375
616,24.64,12,2,car,0.7340626120567322,1127.4861450195312,453.8486785888672,1047.978759765625,395.3495178222656,1206.9935302734375,512.3478393554688
616,24.64,10,2,car,0.7294788360595703,877.8697509765625,439.95555114746094,762.7615966796875,366.9272766113281,992.9779052734375,512.9838256835938
616,24.64,9,2,car,0.6373140811920166,1441.1968383789062,468.1326599121094,1356.426025390625,404.42962646484375,1525.9676513671875,531.835693359375
616,24.64,19,2,car,0.5691342353820801,563.7088623046875,457.2315673828125,508.033447265625,419.5892028808594,619.38427734375,494.8739318847656
616,24.64,15,2,car,0.46263381838798523,1290.1841430664062,467.7278137207031,1246.1712646484375,434.3464050292969,1334.197021484375,501.1092224121094
616,24.64,17,2,car,0.4130822420120239,1020.0055236816406,475.0350036621094,982.1598510742188,443.08465576171875,1057.8511962890625,506.9853515625
617,24.68,18,2,car,0.8452255129814148,226.73462677001953,403.06922912597656,63.43904113769531,311.77252197265625,390.03021240234375,494.3659362792969
617,24.68,10,2,car,0.7776061296463013,878.4354858398438,440.6906433105469,763.3070068359375,368.12384033203125,993.56396484375,513.2574462890625
617,24.68,12,2,car,0.7393981218338013,1128.812744140625,454.1099853515625,1049.658447265625,395.53765869140625,1207.967041015625,512.6823120117188
617,24.68,9,2,car,0.635481059551239,1440.4048461914062,467.9748229980469,1354.9017333984375,405.0216064453125,1525.907958984375,530.9280395507812
617,24.68,15,2,car,0.44765257835388184,1289.498291015625,467.2430419921875,1247.7088623046875,434.2140197753906,1331.2877197265625,500.2720642089844
617,24.68,17,2,car,0.4137522280216217,1022.099853515625,475.0298767089844,985.1890869140625,442.869873046875,1059.0106201171875,507.18988037109375
617,24.68,20,2,car,0.41010427474975586,1560.541259765625,473.2481689453125,1517.8751220703125,437.0087585449219,1603.2073974609375,509.4875793457031
618,24.72,18,2,car,0.8245601058006287,231.06862258911133,403.8267059326172,68.17154693603516,312.39532470703125,393.9656982421875,495.2580871582031
618,24.72,12,2,car,0.7513276934623718,1129.198974609375,454.502197265625,1051.7384033203125,396.183837890625,1206.6595458984375,512.820556640625
618,24.72,10,2,car,0.7512656450271606,880.8174743652344,440.8134307861328,766.7604370117188,368.4996032714844,994.87451171875,513.1272583007812
618,24.72,9,2,car,0.6452476382255554,1439.4912719726562,467.77789306640625,1354.568603515625,403.80029296875,1524.4139404296875,531.7554931640625
618,24.72,19,2,car,0.45606911182403564,583.1325988769531,455.5901184082031,511.16619873046875,412.8547668457031,655.0989990234375,498.3254699707031
618,24.72,15,2,car,0.4455125629901886,1288.4328002929688,467.1314392089844,1247.3653564453125,434.38018798828125,1329.500244140625,499.8826904296875
618,24.72,20,2,car,0.44215095043182373,1587.62255859375,469.2674560546875,1523.1903076171875,430.0483703613281,1652.0548095703125,508.4865417480469
618,24.72,17,2,car,0.4388560652732849,1022.106201171875,474.61578369140625,984.643310546875,441.62969970703125,1059.569091796875,507.60186767578125
619,24.76,18,2,car,0.8345896005630493,232.36756134033203,404.3885498046875,68.78895568847656,314.1936340332031,395.9461669921875,494.5834655761719
619,24.76,10,2,car,0.7856224775314331,880.0038757324219,440.81927490234375,766.2052001953125,368.57464599609375,993.8025512695312,513.0639038085938
619,24.76,12,2,car,0.7595231533050537,1128.3407592773438,454.30157470703125,1050.18310546875,395.89300537109375,1206.4984130859375,512.7101440429688
619,24.76,9,2,car,0.6596527695655823,1439.159912109375,467.4355926513672,1353.990234375,405.4072570800781,1524.32958984375,529.4639282226562
619,24.76,20,2,car,0.45342424511909485,1591.5008544921875,468.71282958984375,1524.18212890625,426.94720458984375,1658.819580078125,510.47845458984375
619,24.76,15,2,car,0.44911038875579834,1289.4494018554688,467.7986755371094,1247.9549560546875,433.68768310546875,1330.94384765625,501.90966796875
619,24.76,19,2,car,0.44696691632270813,586.8051300048828,455.3167419433594,511.2505187988281,412.0118408203125,662.3597412109375,498.62164306640625
619,24.76,17,2,car,0.41565486788749695,1023.2366027832031,472.65234375,987.1795043945312,439.4205322265625,1059.293701171875,505.8841552734375
620,24.8,18,2,car,0.8276930451393127,236.26940155029297,405.3117218017578,70.36064147949219,316.3184814453125,402.17816162109375,494.3049621582031
620,24.8,10,2,car,0.8211489319801331,881.6675720214844,441.0353088378906,768.6619262695312,369.26708984375,994.6732177734375,512.8035278320312
620,24.8,12,2,car,0.7507158517837524,1127.9800415039062,454.2917938232422,1048.9112548828125,396.0555725097656,1207.048828125,512.5280151367188
620,24.8,9,2,car,0.615625262260437,1439.0869750976562,468.0300598144531,1353.67919921875,407.1038818359375,1524.4947509765625,528.9562377929688
620,24.8,19,2,car,0.48781436681747437,581.3647155761719,457.9677429199219,512.4940795898438,418.77227783203125,650.2353515625,497.1632080078125
620,24.8,20,2,car,0.4875369668006897,1566.1997680664062,472.97715759277344,1518.3394775390625,435.87445068359375,1614.06005859375,510.0798645019531
620,24.8,15,2,car,0.48621994256973267,1294.8157958984375,467.6407470703125,1247.8587646484375,433.0725402832031,1341.7728271484375,502.2089538574219
620,24.8,17,2,car,0.3830690383911133,1023.8310852050781,473.0668029785156,988.1133422851562,439.96490478515625,1059.548828125,506.168701171875
621,24.84,18,2,car,0.8278184533119202,244.92052459716797,405.21844482421875,82.35850524902344,317.20147705078125,407.4825439453125,493.23541259765625
621,24.84,10,2,car,0.8064616918563843,883.14697265625,441.1009826660156,770.7650756835938,369.84539794921875,995.5288696289062,512.3565673828125
621,24.84,12,2,car,0.7480174899101257,1127.9642333984375,454.3619842529297,1049.588134765625,395.9880065917969,1206.34033203125,512.7359619140625
621,24.84,9,2,car,0.630024254322052,1439.9559936523438,467.9135284423828,1355.3775634765625,407.0750427246094,1524.534423828125,528.7520141601562
621,24.84,19,2,car,0.5514450669288635,579.9934997558594,457.5006866455078,513.0093994140625,417.082763671875,646.9776000976562,497.9186096191406
621,24.84,20,2,car,0.5187678933143616,1592.9619140625,470.35874938964844,1523.40380859375,431.3164978027344,1662.52001953125,509.4010009765625
621,24.84,15,2,car,0.49541473388671875,1293.0640258789062,467.4293518066406,1248.74462890625,432.859130859375,1337.3834228515625,501.99957275390625
621,24.84,17,2,car,0.46507376432418823,1024.4448547363281,470.64207458496094,987.4920043945312,434.4364013671875,1061.397705078125,506.8477478027344
622,24.88,18,2,car,0.8123791813850403,250.59713745117188,405.3591613769531,88.5406494140625,317.55303955078125,412.65362548828125,493.165283203125
622,24.88,10,2,car,0.7886216044425964,884.9417724609375,440.91845703125,773.994140625,369.5819091796875,995.889404296875,512.2550048828125
622,24.88,12,2,car,0.7068251967430115,1128.4312133789062,454.70582580566406,1051.925537109375,396.0979919433594,1204.9368896484375,513.3136596679688
622,24.88,9,2,car,0.6010928750038147,1440.5286254882812,466.5264587402344,1356.2354736328125,404.4635009765625,1524.82177734375,528.5894165039062
622,24.88,19,2,car,0.5292125940322876,581.1336059570312,456.30303955078125,515.0488891601562,415.6234130859375,647.2183227539062,496.982666015625
622,24.88,15,2,car,0.49404841661453247,1289.2703857421875,466.7135009765625,1249.3995361328125,433.089111328125,1329.1412353515625,500.337890625
622,24.88,20,2,car,0.45112359523773193,1592.0829467773438,468.9075622558594,1523.9537353515625,427.57763671875,1660.212158203125,510.23748779296875
622,24.88,17,2,car,0.42170625925064087,1025.0701599121094,471.91845703125,989.1505737304688,436.88946533203125,1060.98974609375,506.94744873046875
623,24.92,18,2,car,0.8197102546691895,254.82653045654297,405.73146057128906,93.57627868652344,318.84393310546875,416.0767822265625,492.6189880371094
623,24.92,10,2,car,0.8145426511764526,886.4364624023438,441.7189025878906,775.0828857421875,370.82171630859375,997.7900390625,512.6160888671875
623,24.92,12,2,car,0.7353240251541138,1129.0567016601562,454.5767059326172,1052.25732421875,396.0121765136719,1205.8560791015625,513.1412353515625
623,24.92,9,2,car,0.6155557036399841,1440.6793212890625,466.5171203613281,1356.8038330078125,403.987060546875,1524.5548095703125,529.0471801757812
623,24.92,19,2,car,0.5737819075584412,583.2348327636719,456.77137756347656,515.592041015625,416.2764587402344,650.8776245117188,497.26629638671875
623,24.92,15,2,car,0.5121781229972839,1291.1315307617188,467.11830139160156,1249.132080078125,432.0722351074219,1333.1309814453125,502.16436767578125
623,24.92,20,2,car,0.4970119893550873,1592.9230346679688,468.3509216308594,1523.9493408203125,426.6243896484375,1661.896728515625,510.07745361328125
624,24.96,18,2,car,0.832389771938324,262.1791076660156,406.77528381347656,106.46722412109375,319.5801696777344,417.8909912109375,493.97039794921875
624,24.96,10,2,car,0.8039743304252625,887.0272216796875,442.3763885498047,776.5269165039062,371.6860656738281,997.5275268554688,513.0667114257812
624,24.96,12,2,car,0.739061176776886,1128.537353515625,454.7015075683594,1051.0439453125,396.2764892578125,1206.03076171875,513.1265258789062
624,24.96,9,2,car,0.6162592768669128,1440.3225708007812,467.7178649902344,1356.79541015625,406.5230712890625,1523.8497314453125,528.9126586914062
624,24.96,19,2,car,0.5838807821273804,585.4927673339844,453.7804870605469,516.5189208984375,409.28594970703125,654.4666137695312,498.2750244140625
624,24.96,15,2,car,0.558763861656189,1289.6915283203125,465.8431091308594,1249.7706298828125,431.665283203125,1329.6124267578125,500.02093505859375
624,24.96,20,2,car,0.3809136748313904,1571.695068359375,471.27410888671875,1521.25830078125,432.9108581542969,1622.1318359375,509.6373596191406
624,24.96,17,2,car,0.37758973240852356,1026.2301330566406,472.8465576171875,991.8967895507812,439.9261169433594,1060.5634765625,505.7669982910156
625,25.0,18,2,car,0.8427043557167053,267.7165298461914,408.6979064941406,110.33155822753906,321.8546447753906,425.10150146484375,495.5411682128906
625,25.0,10,2,car,0.7820908427238464,889.4383850097656,442.92909240722656,779.627197265625,372.7339782714844,999.2495727539062,513.1242065429688
625,25.0,12,2,car,0.7523669004440308,1128.2442016601562,454.9411926269531,1050.40625,396.62091064453125,1206.0821533203125,513.261474609375
625,25.0,19,2,car,0.5993087291717529,585.8865966796875,452.6499481201172,516.474609375,407.1697082519531,655.298583984375,498.13018798828125
625,25.0,9,2,car,0.5919103622436523,1442.07861328125,468.1844787597656,1359.8822021484375,404.584716796875,1524.2750244140625,531.7842407226562
625,25.0,15,2,car,0.5278465747833252,1291.8377685546875,467.4302978515625,1249.9661865234375,432.2127990722656,1333.7093505859375,502.6477966308594
625,25.0,20,2,car,0.4609401822090149,1569.424560546875,469.642822265625,1521.1026611328125,429.4845886230469,1617.7464599609375,509.8010559082031
625,25.0,17,2,car,0.40629643201828003,1028.2348327636719,468.83985900878906,993.0630493164062,432.7108154296875,1063.4066162109375,504.9689025878906
626,25.04,18,2,car,0.7764131426811218,274.2999076843262,409.30836486816406,117.59459686279297,322.9384765625,431.0052185058594,495.6782531738281
626,25.04,10,2,car,0.7562207579612732,890.2586059570312,443.7289276123047,780.132568359375,374.8178405761719,1000.3846435546875,512.6400146484375
626,25.04,12,2,car,0.6943585872650146,1128.736328125,455.0094757080078,1051.528564453125,397.1192321777344,1205.944091796875,512.8997192382812
626,25.04,9,2,car,0.5989937782287598,1443.1542358398438,468.72393798828125,1362.0435791015625,405.260009765625,1524.264892578125,532.1878662109375
626,25.04,19,2,car,0.5532201528549194,583.8520812988281,455.6368103027344,517.9772338867188,414.7817687988281,649.7269287109375,496.4918518066406
626,25.04,15,2,car,0.5180996060371399,1290.0159301757812,466.3774108886719,1250.5242919921875,431.57171630859375,1329.507568359375,501.18310546875
626,25.04,20,2,car,0.3764887750148773,1594.0088500976562,465.72979736328125,1525.3236083984375,422.4072265625,1662.694091796875,509.0523681640625
626,25.04,17,2,car,0.37364375591278076,1031.4841918945312,470.9237365722656,994.7281494140625,433.7676086425781,1068.240234375,508.0798645019531
627,25.08,18,2,car,0.7917507886886597,280.0756530761719,409.57044982910156,122.51559448242188,323.8166198730469,437.6357116699219,495.32427978515625
627,25.08,10,2,car,0.7224776744842529,890.8780517578125,442.8096160888672,781.409912109375,373.0445251464844,1000.34619140625,512.57470703125
627,25.08,12,2,car,0.671553909778595,1130.5391845703125,454.09889221191406,1055.912109375,395.8493957519531,1205.166259765625,512.348388671875
627,25.08,9,2,car,0.6353694200515747,1442.4092407226562,468.7270050048828,1360.723876953125,405.0178527832031,1524.0946044921875,532.4361572265625
627,25.08,19,2,car,0.531050443649292,587.4129028320312,456.67469787597656,518.2330322265625,415.072998046875,656.5927734375,498.2763977050781
627,25.08,15,2,car,0.5238403081893921,1292.0719604492188,466.67340087890625,1251.480224609375,431.9550476074219,1332.6636962890625,501.3917541503906
627,25.08,17,2,car,0.4385983645915985,1031.5491638183594,476.15199279785156,993.9380493164062,444.28692626953125,1069.1602783203125,508.0170593261719
628,25.12,18,2,car,0.8378361463546753,285.4189910888672,408.9763946533203,130.34747314453125,323.83929443359375,440.4905090332031,494.1134948730469
628,25.12,10,2,car,0.7243983745574951,892.8158569335938,444.72206115722656,783.9069213867188,376.9759826660156,1001.7247924804688,512.4681396484375
628,25.12,12,2,car,0.6993083953857422,1130.8070068359375,454.5912628173828,1056.134765625,396.1511535644531,1205.479248046875,513.0313720703125
628,25.12,9,2,car,0.5754028558731079,1441.3534545898438,467.2694091796875,1358.604248046875,402.9364013671875,1524.1026611328125,531.6024169921875
628,25.12,15,2,car,0.5722317099571228,1291.3145751953125,466.6535186767578,1250.931396484375,432.1868896484375,1331.69775390625,501.1201477050781
628,25.12,17,2,car,0.48291677236557007,1031.2331237792969,470.5308837890625,995.1152954101562,433.9501647949219,1067.3509521484375,507.1116027832031
628,25.12,19,2,car,0.4152396023273468,583.5632629394531,459.8846740722656,517.402587890625,423.7232666015625,649.7239379882812,496.04608154296875
628,25.12,20,2,car,0.3837290406227112,1580.7718505859375,462.3102111816406,1523.63525390625,415.4678955078125,1637.908447265625,509.15252685546875
629,25.16,18,2,car,0.8221445679664612,291.05104064941406,410.42669677734375,137.41278076171875,324.8509826660156,444.6893005371094,496.0024108886719
629,25.16,10,2,car,0.7536028623580933,894.487060546875,443.40594482421875,786.0347900390625,373.6358642578125,1002.9393310546875,513.176025390625
629,25.16,12,2,car,0.6830689311027527,1131.0261840820312,454.6413116455078,1057.1063232421875,396.0975036621094,1204.946044921875,513.1851196289062
629,25.16,9,2,car,0.588410496711731,1440.5755615234375,466.4433288574219,1357.1937255859375,404.05224609375,1523.9573974609375,528.8344116210938
629,25.16,15,2,car,0.5717292428016663,1291.6396484375,466.8443298339844,1250.889404296875,432.1259765625,1332.389892578125,501.56268310546875
629,25.16,19,2,car,0.5119909048080444,587.21533203125,456.05767822265625,517.5520629882812,414.3027648925781,656.8786010742188,497.8125915527344
629,25.16,20,2,car,0.4283929765224457,1590.4769897460938,463.3015899658203,1523.8773193359375,417.9512634277344,1657.07666015625,508.65191650390625
629,25.16,17,2,car,0.4141983389854431,1031.7225952148438,472.3800506591797,995.71142578125,437.8844909667969,1067.7337646484375,506.8756103515625
630,25.2,18,2,car,0.8343955278396606,293.4202575683594,410.6434020996094,142.941650390625,325.5522766113281,443.89886474609375,495.7345275878906
630,25.2,10,2,car,0.7657221555709839,895.1178588867188,444.61036682128906,786.7033081054688,374.9839782714844,1003.5324096679688,514.2367553710938
630,25.2,12,2,car,0.6823254823684692,1131.4733276367188,454.8522644042969,1057.6259765625,396.35992431640625,1205.3206787109375,513.3446044921875
630,25.2,9,2,car,0.5692769289016724,1441.08837890625,468.3903350830078,1357.713134765625,404.2792053222656,1524.463623046875,532.50146484375
630,25.2,15,2,car,0.5646010637283325,1291.45361328125,467.0599365234375,1250.5849609375,432.4090576171875,1332.322265625,501.7108154296875
630,25.2,19,2,car,0.4156908392906189,589.0484313964844,454.5874328613281,517.9521484375,411.4925537109375,660.1447143554688,497.68231201171875
630,25.2,20,2,car,0.3892251253128052,1595.0352172851562,462.34523010253906,1526.6722412109375,416.20416259765625,1663.398193359375,508.4862976074219
630,25.2,17,2,car,0.3634099066257477,1033.4540100097656,475.39654541015625,997.3731079101562,442.49835205078125,1069.534912109375,508.29473876953125
631,25.24,18,2,car,0.8166317343711853,297.15110778808594,410.5574188232422,145.53158569335938,326.3802490234375,448.7706298828125,494.7345886230469
631,25.24,10,2,car,0.7337414622306824,893.2543029785156,445.4271545410156,788.8084716796875,376.99273681640625,997.7001342773438,513.861572265625
631,25.24,9,2,car,0.6135952472686768,1442.5283203125,468.20489501953125,1361.0262451171875,404.62298583984375,1524.0303955078125,531.7868041992188
631,25.24,12,2,car,0.5685480237007141,1134.8729858398438,454.4090270996094,1063.84814453125,396.2303466796875,1205.8978271484375,512.5877075195312
631,25.24,15,2,car,0.546671450138092,1292.1763305664062,466.8336181640625,1250.7384033203125,431.8206481933594,1333.6142578125,501.8465881347656
631,25.24,19,2,car,0.5208829045295715,589.0717163085938,455.44464111328125,519.6610107421875,413.2825927734375,658.482421875,497.606689453125
631,25.24,17,2,car,0.44327878952026367,1036.8550415039062,473.9202575683594,998.3360595703125,438.23089599609375,1075.3740234375,509.609619140625
632,25.28,18,2,car,0.7728762626647949,302.4063491821289,410.3348693847656,154.1569061279297,326.0838317871094,450.6557922363281,494.5859069824219
632,25.28,10,2,car,0.6972543001174927,895.9815673828125,447.4514617919922,791.630859375,381.8146667480469,1000.332275390625,513.0882568359375
632,25.28,9,2,car,0.6305553913116455,1442.166748046875,467.94891357421875,1360.4620361328125,404.46221923828125,1523.8714599609375,531.4356079101562
632,25.28,12,2,car,0.550508975982666,1136.4881591796875,454.3999938964844,1066.274658203125,396.67266845703125,1206.70166015625,512.1273193359375
632,25.28,19,2,car,0.5077568292617798,591.8628845214844,455.13336181640625,522.063720703125,412.53936767578125,661.6620483398438,497.72735595703125
632,25.28,15,2,car,0.48463571071624756,1293.4192504882812,467.0554504394531,1251.213134765625,431.9455261230469,1335.6253662109375,502.1653747558594
632,25.28,17,2,car,0.4744628071784973,1037.1075439453125,472.77203369140625,998.68359375,435.34820556640625,1075.531494140625,510.19586181640625
632,25.28,20,2,car,0.3672572076320648,1593.2310791015625,461.4445495605469,1525.931396484375,415.93450927734375,1660.53076171875,506.95458984375
633,25.32,18,2,car,0.8021363615989685,306.85865020751953,410.71929931640625,158.65370178222656,326.7199401855469,455.0635986328125,494.7186584472656
633,25.32,10,2,car,0.7324877381324768,897.2015991210938,444.6618347167969,792.5901489257812,375.34442138671875,1001.8130493164062,513.979248046875
633,25.32,9,2,car,0.6275812983512878,1442.5413818359375,467.70436096191406,1361.0546875,403.9499816894531,1524.028076171875,531.458740234375
633,25.32,12,2,car,0.6045297384262085,1137.0751342773438,454.4211730957031,1066.4849853515625,396.81207275390625,1207.665283203125,512.0302734375
633,25.32,19,2,car,0.4969724118709564,588.2059631347656,453.95635986328125,519.3937377929688,410.89617919921875,657.0181884765625,497.01654052734375
633,25.32,15,2,car,0.4905485510826111,1292.68896484375,467.0845642089844,1251.4090576171875,432.56341552734375,1333.9688720703125,501.605712890625
633,25.32,17,2,car,0.4279612898826599,1039.2847595214844,472.004150390625,999.9988403320312,433.6608581542969,1078.5706787109375,510.3474426269531
634,25.36,18,2,car,0.7779563069343567,312.02584075927734,412.4272918701172,161.29847717285156,327.9246520996094,462.7532043457031,496.929931640625
634,25.36,12,2,car,0.6969963908195496,1135.04931640625,454.8644561767578,1062.080322265625,396.9851989746094,1208.018310546875,512.7437133789062
634,25.36,10,2,car,0.6889395713806152,896.0777893066406,445.61578369140625,793.7464599609375,377.186767578125,998.4091186523438,514.0447998046875
634,25.36,9,2,car,0.6114395260810852,1442.5028686523438,468.0909423828125,1361.5030517578125,404.26922607421875,1523.502685546875,531.9126586914062
634,25.36,19,2,car,0.5224556922912598,587.6824645996094,455.21649169921875,519.6123657226562,413.79730224609375,655.7525634765625,496.63568115234375
634,25.36,15,2,car,0.4738328158855438,1293.216064453125,467.3526306152344,1251.71337890625,432.78717041015625,1334.71875,501.9180908203125
634,25.36,17,2,car,0.3982243835926056,1038.3806762695312,470.4268798828125,1001.8245849609375,431.616943359375,1074.936767578125,509.23681640625
635,25.4,18,2,car,0.7591258883476257,317.5541305541992,412.4802551269531,166.88145446777344,327.9400939941406,468.226806640625,497.0204162597656
635,25.4,12,2,car,0.7414475083351135,1134.7672119140625,455.24314880371094,1059.8990478515625,397.7856750488281,1209.6353759765625,512.7006225585938
635,25.4,10,2,car,0.7267239093780518,901.1231384277344,445.86859130859375,794.7684326171875,377.27069091796875,1007.4778442382812,514.4664916992188
635,25.4,9,2,car,0.6401947140693665,1441.8204956054688,468.49676513671875,1360.4417724609375,404.95550537109375,1523.19921875,532.0380249023438
635,25.4,15,2,car,0.517110288143158,1294.1085815429688,467.6513671875,1252.2677001953125,433.10723876953125,1335.949462890625,502.19549560546875
635,25.4,19,2,car,0.48701581358909607,600.5548706054688,456.3159484863281,543.3101196289062,416.7675476074219,657.7996215820312,495.8643493652344
635,25.4,17,2,car,0.3970440924167633,1039.3789367675781,472.23619079589844,1004.2692260742188,434.9321594238281,1074.4886474609375,509.54022216796875
636,25.44,12,2,car,0.7186059951782227,1133.8233642578125,455.4942932128906,1058.9549560546875,398.06524658203125,1208.6917724609375,512.92333984375
636,25.44,18,2,car,0.7171658873558044,321.51204681396484,412.0446014404297,170.26222229003906,328.32049560546875,472.7618713378906,495.7687072753906
636,25.44,10,2,car,0.6313076615333557,900.3546752929688,445.19378662109375,796.1266479492188,376.38330078125,1004.5827026367188,514.0042724609375
636,25.44,9,2,car,0.5790134072303772,1441.6630859375,466.9392547607422,1359.779052734375,405.1255187988281,1523.547119140625,528.7529907226562
636,25.44,15,2,car,0.5138638615608215,1293.1010131835938,467.8606414794922,1251.7783203125,433.3039245605469,1334.4237060546875,502.4173583984375
636,25.44,19,2,car,0.4031745195388794,601.8904724121094,455.8721923828125,550.21435546875,417.4465026855469,653.5665893554688,494.2978820800781
637,25.48,10,2,car,0.6976683139801025,903.6123046875,443.73255920410156,796.959228515625,373.8582458496094,1010.265380859375,513.6068725585938
637,25.48,18,2,car,0.6902046203613281,328.10691833496094,412.8127899169922,177.821044921875,328.55804443359375,478.3927917480469,497.0675354003906
637,25.48,12,2,car,0.6782841682434082,1136.6895141601562,455.07220458984375,1060.86181640625,397.928466796875,1212.5172119140625,512.2159423828125
637,25.48,9,2,car,0.5558024644851685,1442.364013671875,467.4240264892578,1360.95166015625,403.6899719238281,1523.7763671875,531.1580810546875
637,25.48,15,2,car,0.49413758516311646,1292.7921142578125,468.0721893310547,1251.4930419921875,433.4964294433594,1334.0911865234375,502.64794921875
637,25.48,19,2,car,0.479936808347702,599.583984375,455.88148498535156,547.5320434570312,418.05633544921875,651.6359252929688,493.7066345214844
638,25.52,10,2,car,0.7330465912818909,904.8179321289062,444.0763397216797,798.4966430664062,374.2729797363281,1011.1392211914062,513.8796997070312
638,25.52,18,2,car,0.689428448677063,333.16629791259766,413.08978271484375,184.9353790283203,330.1424560546875,481.397216796875,496.037109375
638,25.52,12,2,car,0.6801097393035889,1138.9097900390625,455.13511657714844,1063.72705078125,397.8671569824219,1214.092529296875,512.403076171875
638,25.52,9,2,car,0.5674738883972168,1442.1571044921875,467.48411560058594,1359.4659423828125,403.6979675292969,1524.8482666015625,531.270263671875
638,25.52,15,2,car,0.48910701274871826,1292.4898681640625,468.66795349121094,1251.3797607421875,434.3937683105469,1333.5999755859375,502.942138671875
638,25.52,19,2,car,0.43741530179977417,601.1378173828125,458.0536193847656,543.0023803710938,420.8866882324219,659.2732543945312,495.2205505371094
638,25.52,17,2,car,0.4240231513977051,1040.5587158203125,471.8740539550781,1007.5880126953125,436.1320495605469,1073.5294189453125,507.6160583496094
639,25.56,18,2,car,0.7773536443710327,336.98998260498047,413.9973449707031,188.3411407470703,331.9335021972656,485.6388244628906,496.0611877441406
639,25.56,10,2,car,0.7339381575584412,905.8412475585938,444.98121643066406,799.5816650390625,375.6023254394531,1012.100830078125,514.360107421875
639,25.56,12,2,car,0.6950899362564087,1139.9010620117188,454.75376892089844,1064.66064453125,397.4870910644531,1215.1414794921875,512.0204467773438
639,25.56,9,2,car,0.555903434753418,1442.3773803710938,467.52484130859375,1360.2760009765625,404.20953369140625,1524.478759765625,530.8401489257812
639,25.56,17,2,car,0.5185997486114502,1042.8777465820312,468.9411163330078,1007.726806640625,430.8536682128906,1078.0286865234375,507.028564453125
639,25.56,15,2,car,0.4873616397380829,1293.1122436523438,468.52403259277344,1251.9814453125,434.2683410644531,1334.2430419921875,502.77972412109375
639,25.56,19,2,car,0.36773133277893066,597.0039367675781,456.7511901855469,552.7252807617188,421.2554626464844,641.2825927734375,492.2469177246094
639,25.56,20,2,car,0.35129284858703613,1595.15185546875,467.3019561767578,1525.4586181640625,427.0818786621094,1664.8450927734375,507.52203369140625
640,25.6,10,2,car,0.729882001876831,906.2373046875,444.74285888671875,799.8984375,374.6854248046875,1012.576171875,514.80029296875
640,25.6,18,2,car,0.7172960638999939,342.73463439941406,414.7791442871094,194.86935424804688,332.3760070800781,490.59991455078125,497.1822814941406
640,25.6,12,2,car,0.6794838309288025,1141.2755126953125,454.7000427246094,1065.4921875,396.93585205078125,1217.058837890625,512.4642333984375
640,25.6,9,2,car,0.592157781124115,1442.3013916015625,467.63726806640625,1360.2579345703125,404.08099365234375,1524.3448486328125,531.1935424804688
640,25.6,17,2,car,0.4881208539009094,1043.8722839355469,467.7433776855469,1008.3748168945312,429.1053771972656,1079.3697509765625,506.3813781738281
640,25.6,15,2,car,0.4788223206996918,1291.4179077148438,469.37144470214844,1251.948486328125,436.056640625,1330.8873291015625,502.6862487792969
640,25.6,20,2,car,0.39352887868881226,1608.1094970703125,465.54620361328125,1551.715576171875,423.8420104980469,1664.50341796875,507.2503967285156
640,25.6,19,2,car,0.3780380189418793,588.0219421386719,459.56317138671875,536.2978515625,426.1505432128906,639.7460327148438,492.9757995605469
641,25.64,10,2,car,0.750379204750061,907.5712280273438,445.1404724121094,801.1254272460938,375.49566650390625,1014.0170288085938,514.7852783203125
641,25.64,12,2,car,0.7036249041557312,1144.1392822265625,454.978271484375,1070.6224365234375,397.9750671386719,1217.6561279296875,511.9814758300781
641,25.64,18,2,car,0.6573551893234253,346.26605224609375,415.11854553222656,200.25650024414062,332.95147705078125,492.2756042480469,497.2856140136719
641,25.64,9,2,car,0.6242467761039734,1443.56640625,468.09552001953125,1362.8017578125,405.77764892578125,1524.3310546875,530.4133911132812
641,25.64,15,2,car,0.5098190903663635,1292.4342041015625,469.3475646972656,1253.42578125,436.8746337890625,1331.442626953125,501.82049560546875
641,25.64,17,2,car,0.4677361249923706,1045.0013732910156,467.7871398925781,1009.1603393554688,428.6104431152344,1080.8424072265625,506.9638366699219
641,25.64,19,2,car,0.3742055594921112,603.2400512695312,454.68951416015625,551.0879516601562,416.5137634277344,655.3921508789062,492.8652648925781
641,25.64,20,2,car,0.35933738946914673,1607.8736572265625,470.1814270019531,1551.9678955078125,432.7379150390625,1663.7794189453125,507.62493896484375
642,25.68,10,2,car,0.7572495937347412,909.1966552734375,444.57081604003906,803.0042724609375,373.8593444824219,1015.3890380859375,515.2822875976562
642,25.68,12,2,car,0.7285853028297424,1141.8766479492188,455.0439147949219,1067.067626953125,398.4088439941406,1216.6856689453125,511.6789855957031
642,25.68,18,2,car,0.7010388970375061,351.2416687011719,415.9198455810547,205.19110107421875,333.4461669921875,497.292236328125,498.3935241699219
642,25.68,9,2,car,0.6137651205062866,1443.4696655273438,468.8818817138672,1362.0867919921875,405.5995788574219,1524.8525390625,532.1641845703125
642,25.68,15,2,car,0.4866775572299957,1292.5633544921875,469.38490295410156,1253.985107421875,437.47222900390625,1331.1416015625,501.2975769042969
642,25.68,19,2,car,0.42683088779449463,600.3092346191406,458.05035400390625,532.9699096679688,420.2838439941406,667.6485595703125,495.8168640136719
642,25.68,17,2,car,0.4254893660545349,1047.3777160644531,466.76470947265625,1010.0817260742188,426.9666442871094,1084.6737060546875,506.5627746582031
642,25.68,20,2,car,0.403541624546051,1591.2249755859375,474.7702331542969,1553.9794921875,442.0593566894531,1628.470458984375,507.4811096191406
643,25.72,10,2,car,0.780647873878479,909.8657836914062,445.69117736816406,803.3547973632812,375.4136657714844,1016.3767700195312,515.9686889648438
643,25.72,12,2,car,0.7428075671195984,1139.5935668945312,454.94305419921875,1063.50634765625,398.2260437011719,1215.6807861328125,511.6600646972656
643,25.72,18,2,car,0.7406635880470276,356.0552215576172,415.92430114746094,211.2220458984375,334.63311767578125,500.8883972167969,497.2154846191406
643,25.72,9,2,car,0.6173065900802612,1443.8408203125,468.1085968017578,1362.6529541015625,404.9899597167969,1525.0286865234375,531.2272338867188
643,25.72,19,2,car,0.5180080533027649,602.2587890625,457.7982635498047,537.3480834960938,419.02178955078125,667.1694946289062,496.5747375488281
643,25.72,15,2,car,0.5053135752677917,1292.2225952148438,469.1372985839844,1253.95458984375,436.5853576660156,1330.4906005859375,501.6892395019531
643,25.72,17,2,car,0.37168681621551514,1045.5550537109375,466.41650390625,1011.75244140625,427.5435791015625,1079.357666015625,505.2894287109375
644,25.76,10,2,car,0.8187230229377747,911.5386352539062,446.2084197998047,805.0913696289062,376.6720275878906,1017.9859008789062,515.7448120117188
644,25.76,18,2,car,0.7954956889152527,361.2271270751953,415.0572052001953,217.1370849609375,334.8893737792969,505.3171691894531,495.22503662109375
644,25.76,12,2,car,0.7153906226158142,1139.1622314453125,454.65992736816406,1063.34619140625,397.370849609375,1214.978271484375,511.9490051269531
644,25.76,9,2,car,0.5799687504768372,1445.6882934570312,467.6557159423828,1366.4097900390625,404.6399230957031,1524.966796875,530.6715087890625
644,25.76,15,2,car,0.5001558065414429,1291.7634887695312,469.17433166503906,1254.153076171875,436.8450012207031,1329.3739013671875,501.503662109375
644,25.76,19,2,car,0.43704137206077576,610.4046020507812,457.69024658203125,537.47607421875,418.3204650878906,683.3331298828125,497.0600280761719
644,25.76,20,2,car,0.4287298023700714,1612.295654296875,469.3136901855469,1556.1273193359375,430.6872253417969,1668.4639892578125,507.9401550292969
644,25.76,17,2,car,0.3909040689468384,1044.8118896484375,468.113525390625,1012.7742919921875,429.8370666503906,1076.8494873046875,506.3899841308594
645,25.8,12,2,car,0.7788088917732239,1140.5924682617188,454.4630126953125,1062.673583984375,397.4209899902344,1218.5113525390625,511.5050354003906
645,25.8,10,2,car,0.7599180936813354,912.430908203125,445.9434814453125,806.0889282226562,376.63970947265625,1018.7728881835938,515.2472534179688
645,25.8,18,2,car,0.7360540628433228,365.48553466796875,416.218994140625,222.11453247070312,335.487060546875,508.8565368652344,496.950927734375
645,25.8,9,2,car,0.5873013138771057,1444.3994140625,468.60411071777344,1364.078369140625,407.6369934082031,1524.720458984375,529.5712280273438
645,25.8,20,2,car,0.5822740793228149,1615.3478393554688,466.6805419921875,1560.8807373046875,426.7570495605469,1669.81494140625,506.6040344238281
645,25.8,15,2,car,0.5156239867210388,1292.8433837890625,468.6588134765625,1254.086181640625,435.67474365234375,1331.6005859375,501.64288330078125
645,25.8,19,2,car,0.4555101692676544,607.1493530273438,456.91587829589844,542.1787719726562,417.0224609375,672.1199340820312,496.8092956542969
645,25.8,17,2,car,0.35001036524772644,1043.680419921875,467.3833923339844,1012.2523193359375,429.64837646484375,1075.1085205078125,505.118408203125
646,25.84,12,2,car,0.7417117357254028,1141.8862915039062,454.38702392578125,1063.7982177734375,397.25372314453125,1219.974365234375,511.52032470703125
646,25.84,18,2,car,0.7349646091461182,369.81239318847656,417.4823913574219,226.80294799804688,336.0284729003906,512.8218383789062,498.9363098144531
646,25.84,10,2,car,0.7323474287986755,914.237548828125,445.6241455078125,809.8262329101562,377.11724853515625,1018.6488647460938,514.1310424804688
646,25.84,9,2,car,0.5957005620002747,1445.7853393554688,469.02880859375,1366.8787841796875,408.65606689453125,1524.69189453125,529.4015502929688
646,25.84,15,2,car,0.4927007555961609,1293.5435180664062,468.6273956298828,1254.0184326171875,435.4955139160156,1333.068603515625,501.75927734375
646,25.84,19,2,car,0.469768762588501,612.3302917480469,456.9559020996094,542.1920166015625,416.5828857421875,682.4685668945312,497.32891845703125
646,25.84,17,2,car,0.43741971254348755,1044.5597534179688,468.9992370605469,1014.636474609375,433.483642578125,1074.4830322265625,504.51483154296875
646,25.84,20,2,car,0.42005985975265503,1615.8876342773438,468.4556579589844,1562.97509765625,428.88922119140625,1668.8001708984375,508.0220947265625
647,25.88,18,2,car,0.790851354598999,373.29224395751953,416.9509582519531,230.03370666503906,335.9722900390625,516.55078125,497.92962646484375
647,25.88,12,2,car,0.7425061464309692,1142.9142456054688,454.60235595703125,1065.29052734375,397.32989501953125,1220.5379638671875,511.87481689453125
647,25.88,10,2,car,0.6596947312355042,915.3812255859375,445.8820343017578,814.2996826171875,378.2302551269531,1016.4627685546875,513.5338134765625
647,25.88,9,2,car,0.5928682088851929,1446.269775390625,469.6842346191406,1368.133544921875,410.19891357421875,1524.406005859375,529.1695556640625
647,25.88,17,2,car,0.4897463619709015,1044.8177185058594,469.09930419921875,1015.6697387695312,433.190673828125,1073.9656982421875,505.0079345703125
647,25.88,15,2,car,0.48666614294052124,1293.282470703125,468.5794372558594,1253.6846923828125,435.9166259765625,1332.8802490234375,501.24224853515625
647,25.88,19,2,car,0.42839550971984863,613.9329223632812,456.2705383300781,542.3701782226562,414.9818115234375,685.4956665039062,497.55926513671875
648,25.92,18,2,car,0.7665979266166687,376.3951721191406,417.6269836425781,235.598876953125,337.1997375488281,517.1914672851562,498.0542297363281
648,25.92,12,2,car,0.7637103199958801,1142.8059692382812,454.8619079589844,1065.9599609375,397.97113037109375,1219.6519775390625,511.752685546875
648,25.92,10,2,car,0.7245539426803589,915.2590942382812,446.1493682861328,812.9177856445312,378.4851379394531,1017.6004028320312,513.8135986328125
648,25.92,9,2,car,0.5767287611961365,1446.6185913085938,468.4950256347656,1368.74072265625,407.7550048828125,1524.4964599609375,529.2350463867188
648,25.92,17,2,car,0.5373227000236511,1046.107177734375,469.8178253173828,1017.1680908203125,436.3537902832031,1075.0462646484375,503.2818603515625
648,25.92,15,2,car,0.43824303150177,1293.1007080078125,470.72259521484375,1254.8946533203125,439.6341247558594,1331.3067626953125,501.8110656738281
649,25.96,12,2,car,0.7944912910461426,1143.9177856445312,455.0118103027344,1067.080810546875,397.8128662109375,1220.7547607421875,512.2107543945312
649,25.96,18,2,car,0.7623521089553833,381.57396697998047,419.1224670410156,240.9902801513672,337.9798278808594,522.1576538085938,500.2651062011719
649,25.96,10,2,car,0.7284232378005981,918.5015258789062,444.8566436767578,814.0534057617188,377.0008850097656,1022.9496459960938,512.71240234375
649,25.96,9,2,car,0.5815601944923401,1446.8325805664062,469.6836395263672,1369.4161376953125,410.8909606933594,1524.2490234375,528.476318359375
649,25.96,17,2,car,0.5478634834289551,1048.1063232421875,465.6632080078125,1018.5498046875,428.5408630371094,1077.662841796875,502.7855529785156
649,25.96,15,2,car,0.39179614186286926,1292.6491088867188,470.49778747558594,1254.5721435546875,438.8375244140625,1330.72607421875,502.1580505371094
649,25.96,20,2,car,0.3875720798969269,1628.7615966796875,468.9951629638672,1567.4989013671875,430.4737548828125,1690.0242919921875,507.5165710449219
650,26.0,12,2,car,0.8075976967811584,1145.0647583007812,455.499755859375,1067.917724609375,398.6209716796875,1222.2117919921875,512.3785400390625
650,26.0,18,2,car,0.7463495135307312,385.9613342285156,418.1796417236328,246.43597412109375,337.3806457519531,525.4866943359375,498.9786376953125
650,26.0,10,2,car,0.6942850947380066,921.4217834472656,445.3975524902344,818.2351684570312,376.84661865234375,1024.6083984375,513.948486328125
650,26.0,9,2,car,0.6000592112541199,1446.432861328125,469.70489501953125,1368.780029296875,410.48675537109375,1524.085693359375,528.9230346679688
650,26.0,17,2,car,0.4081924557685852,1047.4482116699219,464.66455078125,1018.9310913085938,429.5613098144531,1075.96533203125,499.7677917480469
650,26.0,15,2,car,0.37883806228637695,1295.239501953125,471.0242004394531,1254.43115234375,439.64239501953125,1336.0478515625,502.406005859375
650,26.0,19,2,car,0.37758931517601013,619.2216796875,453.7438659667969,547.8656616210938,411.12689208984375,690.5776977539062,496.36083984375
651,26.04,12,2,car,0.771672785282135,1144.7344970703125,455.2072448730469,1068.6395263671875,398.7913513183594,1220.8294677734375,511.6231384277344
651,26.04,18,2,car,0.6964958906173706,390.0940170288086,417.4342346191406,252.2775115966797,336.971923828125,527.9105224609375,497.89654541015625
651,26.04,10,2,car,0.6699206233024597,921.8774108886719,444.8748779296875,819.4187622070312,376.99603271484375,1024.3360595703125,512.7537231445312
651,26.04,9,2,car,0.581954300403595,1447.9688110351562,470.0684356689453,1371.491455078125,411.6473693847656,1524.4461669921875,528.489501953125
651,26.04,17,2,car,0.45538783073425293,1049.2789916992188,465.92083740234375,1021.25341796875,433.2860412597656,1077.3045654296875,498.5556335449219
651,26.04,15,2,car,0.41200873255729675,1293.8509521484375,470.44281005859375,1255.0828857421875,438.8419189453125,1332.6190185546875,502.043701171875
652,26.08,12,2,car,0.7751280665397644,1143.7503051757812,455.8097839355469,1067.75244140625,399.3424072265625,1219.7481689453125,512.2771606445312
652,26.08,10,2,car,0.7360839247703552,924.4081115722656,444.8683624267578,821.2255249023438,376.4909362792969,1027.5906982421875,513.2457885742188
652,26.08,18,2,car,0.701525866985321,394.4323425292969,418.9551086425781,257.89581298828125,338.671875,530.9688720703125,499.23834228515625
652,26.08,9,2,car,0.6079522371292114,1446.7886962890625,469.9305114746094,1368.75,411.10546875,1524.827392578125,528.7555541992188
652,26.08,15,2,car,0.41539648175239563,1294.1344604492188,470.57115173339844,1254.8878173828125,438.1481628417969,1333.381103515625,502.994140625
652,26.08,17,2,car,0.38049963116645813,1049.5508117675781,465.095947265625,1020.9882202148438,430.5409240722656,1078.1134033203125,499.6509704589844
653,26.12,10,2,car,0.7938491702079773,925.1022644042969,445.4217071533203,821.8049926757812,377.5180969238281,1028.3995361328125,513.3253173828125
653,26.12,12,2,car,0.7861799001693726,1143.8980712890625,456.32464599609375,1065.7412109375,399.64453125,1222.054931640625,513.0047607421875
653,26.12,18,2,car,0.7428842186927795,398.11814880371094,419.044921875,262.0466613769531,339.41876220703125,534.1896362304688,498.67108154296875
653,26.12,9,2,car,0.6412701606750488,1447.049560546875,469.9238739013672,1369.7164306640625,410.9193420410156,1524.3826904296875,528.9284057617188
653,26.12,19,2,car,0.4663480818271637,612.8957824707031,456.7565002441406,552.2005004882812,417.3807678222656,673.591064453125,496.1322326660156
653,26.12,15,2,car,0.37690454721450806,1294.1480712890625,470.56964111328125,1254.1875,437.468017578125,1334.108642578125,503.6712646484375
654,26.16,10,2,car,0.8045896887779236,925.0072326660156,445.5444030761719,821.2882690429688,378.50555419921875,1028.7261962890625,512.583251953125
654,26.16,12,2,car,0.7928056120872498,1144.705078125,456.40602111816406,1067.2001953125,399.8775329589844,1222.2099609375,512.9345092773438
654,26.16,18,2,car,0.7490359544754028,401.9716033935547,419.561279296875,266.1280212402344,341.0574645996094,537.815185546875,498.0650939941406
654,26.16,9,2,car,0.635452151298523,1447.3558959960938,469.5466003417969,1370.8487548828125,411.25323486328125,1523.863037109375,527.8399658203125
654,26.16,19,2,car,0.37846750020980835,626.5907287597656,453.7149353027344,560.8886108398438,410.65814208984375,692.2928466796875,496.771728515625
654,26.16,15,2,car,0.3763501048088074,1293.8807373046875,471.11041259765625,1253.5799560546875,439.0953369140625,1334.1815185546875,503.12548828125
655,26.2,12,2,car,0.7948404550552368,1147.0496826171875,456.36053466796875,1072.220703125,399.7203369140625,1221.878662109375,513.000732421875
655,26.2,10,2,car,0.7831728458404541,927.6534118652344,446.0111389160156,825.0584106445312,379.0103759765625,1030.2484130859375,513.0119018554688
655,26.2,18,2,car,0.7698062658309937,404.00567626953125,419.921630859375,265.90777587890625,340.85357666015625,542.1035766601562,498.98968505859375
655,26.2,9,2,car,0.6319549083709717,1446.7581787109375,470.6369934082031,1369.924560546875,413.09051513671875,1523.591796875,528.1834716796875
655,26.2,20,2,car,0.4269784390926361,1619.510009765625,466.71751403808594,1577.338623046875,428.3548583984375,1661.681396484375,505.0801696777344
655,26.2,15,2,car,0.38132068514823914,1293.1790771484375,471.7392883300781,1253.6942138671875,441.08477783203125,1332.6639404296875,502.393798828125
656,26.24,12,2,car,0.7705437541007996,1148.234375,456.1238555908203,1074.1982421875,399.5755920410156,1222.2705078125,512.672119140625
656,26.24,18,2,car,0.7450591921806335,409.8051452636719,419.8517761230469,273.45849609375,341.6355285644531,546.1517944335938,498.0680236816406
656,26.24,10,2,car,0.7281343340873718,926.7895202636719,446.0341033935547,823.4672241210938,379.5363464355469,1030.11181640625,512.5318603515625
656,26.24,9,2,car,0.6707243919372559,1447.5448608398438,469.64662170410156,1371.2801513671875,411.0537414550781,1523.8095703125,528.239501953125
656,26.24,20,2,car,0.4313003122806549,1618.3883056640625,466.2164001464844,1577.3917236328125,427.8569030761719,1659.3848876953125,504.5758972167969
656,26.24,15,2,car,0.4035525918006897,1293.3766479492188,471.1673583984375,1253.4320068359375,440.0343933105469,1333.3212890625,502.3003234863281
657,26.28,18,2,car,0.8096028566360474,411.3190612792969,420.69171142578125,275.68743896484375,342.6125183105469,546.95068359375,498.7709045410156
657,26.28,10,2,car,0.7974773049354553,927.8448486328125,446.03456115722656,825.725830078125,379.4909362792969,1029.9638671875,512.5781860351562
657,26.28,12,2,car,0.7811201810836792,1148.292724609375,455.97532653808594,1074.1182861328125,399.8531799316406,1222.4671630859375,512.0974731445312
657,26.28,9,2,car,0.7039374113082886,1447.8592529296875,469.47755432128906,1371.89501953125,409.2983093261719,1523.823486328125,529.6567993164062
657,26.28,20,2,car,0.5314684510231018,1619.6942138671875,462.37188720703125,1579.893310546875,420.62933349609375,1659.4951171875,504.11444091796875
657,26.28,15,2,car,0.4137111008167267,1293.480224609375,470.0078430175781,1253.1761474609375,438.28948974609375,1333.7843017578125,501.7261962890625
658,26.32,10,2,car,0.7940213084220886,929.7278747558594,446.63807678222656,828.1649780273438,380.2301330566406,1031.290771484375,513.0460205078125
658,26.32,12,2,car,0.7878184914588928,1148.8223266601562,456.48008728027344,1075.313720703125,400.8058776855469,1222.3309326171875,512.154296875
658,26.32,18,2,car,0.7523976564407349,417.45819091796875,420.19403076171875,283.98638916015625,341.27703857421875,550.9299926757812,499.11102294921875
658,26.32,9,2,car,0.6901092529296875,1448.2546997070312,470.42266845703125,1372.676025390625,410.902587890625,1523.8333740234375,529.9427490234375
658,26.32,20,2,car,0.5047759413719177,1620.8704833984375,463.1155700683594,1582.46337890625,421.77978515625,1659.277587890625,504.45135498046875
658,26.32,15,2,car,0.42517098784446716,1293.98876953125,471.83522033691406,1253.7791748046875,441.4555969238281,1334.1983642578125,502.21484375
658,26.32,17,2,car,0.3669246435165405,1054.0059509277344,466.28558349609375,1023.8710327148438,427.343994140625,1084.140869140625,505.2271728515625
659,26.36,18,2,car,0.788504958152771,421.50830078125,420.5584716796875,284.96270751953125,342.0456848144531,558.0538940429688,499.0712585449219
659,26.36,10,2,car,0.7861111760139465,928.7872924804688,446.6850128173828,829.001953125,380.2460632324219,1028.5726318359375,513.1239624023438
659,26.36,12,2,car,0.7773675918579102,1149.8368530273438,456.75433349609375,1077.7674560546875,401.5511474609375,1221.90625,511.95751953125
659,26.36,9,2,car,0.6692092418670654,1448.3001098632812,470.1539611816406,1372.1031494140625,410.548828125,1524.4970703125,529.7590942382812
659,26.36,20,2,car,0.4922320544719696,1621.3292846679688,465.5057373046875,1579.7469482421875,426.8266296386719,1662.91162109375,504.1848449707031
659,26.36,15,2,car,0.43208450078964233,1294.5367431640625,472.5707702636719,1253.7811279296875,442.9273681640625,1335.2923583984375,502.21417236328125
659,26.36,17,2,car,0.3943122327327728,1051.9402465820312,465.3490905761719,1019.6871337890625,425.33367919921875,1084.193359375,505.364501953125
660,26.4,10,2,car,0.7806534767150879,932.4090881347656,447.0008239746094,831.3074340820312,380.66766357421875,1033.5107421875,513.333984375
660,26.4,12,2,car,0.7600499391555786,1149.7634887695312,456.6119384765625,1077.65283203125,401.59130859375,1221.8741455078125,511.632568359375
660,26.4,18,2,car,0.7298466563224792,425.27630615234375,421.69371032714844,292.09844970703125,343.2689514160156,558.4541625976562,500.11846923828125
660,26.4,9,2,car,0.6406309604644775,1448.0755004882812,469.8124084472656,1372.0938720703125,412.0777587890625,1524.05712890625,527.5470581054688
660,26.4,20,2,car,0.5915135145187378,1621.9821166992188,463.4776611328125,1581.2347412109375,421.78326416015625,1662.7294921875,505.17205810546875
660,26.4,15,2,car,0.4246532618999481,1294.09619140625,473.18865966796875,1254.7080078125,444.0369873046875,1333.484375,502.34033203125
660,26.4,17,2,car,0.39795005321502686,1054.22216796875,467.0959930419922,1025.54931640625,431.04083251953125,1082.89501953125,503.1511535644531
661,26.44,10,2,car,0.7994622588157654,932.6423950195312,447.2757568359375,829.587890625,380.5213623046875,1035.6968994140625,514.0301513671875
661,26.44,18,2,car,0.7505289912223816,428.7920684814453,422.6295623779297,294.4537048339844,344.3905029296875,563.1304321289062,500.8686218261719
661,26.44,12,2,car,0.7428258657455444,1150.9088134765625,456.904541015625,1079.5623779296875,401.9321594238281,1222.2552490234375,511.8769226074219
661,26.44,9,2,car,0.6161719560623169,1448.8179321289062,469.03814697265625,1373.0325927734375,410.24755859375,1524.603271484375,527.8287353515625
661,26.44,20,2,car,0.45861902832984924,1624.1099853515625,465.0545654296875,1584.796142578125,425.8188171386719,1663.423828125,504.2903137207031
661,26.44,17,2,car,0.43379631638526917,1055.4722900390625,467.3608703613281,1026.37353515625,430.1532897949219,1084.571044921875,504.5684509277344
661,26.44,15,2,car,0.4170224368572235,1294.5712280273438,473.5440673828125,1254.814453125,444.6990051269531,1334.3280029296875,502.3891296386719
662,26.48,10,2,car,0.7538866400718689,933.3330688476562,447.25486755371094,832.3992919921875,380.7730407714844,1034.266845703125,513.7366943359375
662,26.48,12,2,car,0.7122872471809387,1149.4713134765625,456.7793426513672,1076.8428955078125,401.70758056640625,1222.0997314453125,511.8511047363281
662,26.48,18,2,car,0.7052761912345886,433.65399169921875,422.89598083496094,299.820556640625,345.4654235839844,567.4874267578125,500.3265380859375
662,26.48,9,2,car,0.5937697291374207,1447.4562377929688,469.7937316894531,1371.425537109375,410.92327880859375,1523.4869384765625,528.6641845703125
662,26.48,20,2,car,0.44163408875465393,1627.319091796875,463.739501953125,1590.13330078125,423.4442138671875,1664.5048828125,504.0347900390625
662,26.48,15,2,car,0.40848150849342346,1293.8544921875,470.7285461425781,1254.7105712890625,439.2422790527344,1332.9984130859375,502.2148132324219
662,26.48,17,2,car,0.40079787373542786,1054.6258544921875,466.05357360839844,1025.145751953125,431.1241455078125,1084.10595703125,500.9830017089844
663,26.52,10,2,car,0.7723459005355835,932.9069519042969,447.0689239501953,832.0164184570312,381.0489807128906,1033.7974853515625,513.0888671875
663,26.52,12,2,car,0.7411181330680847,1151.267333984375,456.7645568847656,1080.0140380859375,401.7667236328125,1222.5206298828125,511.76239013671875
663,26.52,18,2,car,0.7230299711227417,436.3836212158203,423.5694580078125,304.7364807128906,346.66241455078125,568.03076171875,500.47650146484375
663,26.52,9,2,car,0.5767191052436829,1448.3358154296875,469.7458190917969,1373.226806640625,409.7142333984375,1523.44482421875,529.7774047851562
663,26.52,20,2,car,0.5220082402229309,1627.4527587890625,464.928955078125,1590.7833251953125,425.4427185058594,1664.1221923828125,504.4151916503906
663,26.52,15,2,car,0.43251028656959534,1294.3079223632812,471.5782775878906,1255.606201171875,440.5111389160156,1333.0096435546875,502.6454162597656
664,26.56,12,2,car,0.7902339100837708,1149.8501586914062,456.68170166015625,1077.844482421875,401.58673095703125,1221.8558349609375,511.77667236328125
664,26.56,10,2,car,0.7828120589256287,934.8756408691406,448.46034240722656,831.4209594726562,382.9223327636719,1038.330322265625,513.9983520507812
664,26.56,18,2,car,0.7518556118011475,444.975341796875,424.00550842285156,310.20941162109375,346.64013671875,579.7412719726562,501.3708801269531
664,26.56,9,2,car,0.5751681327819824,1448.0820922851562,469.83717346191406,1372.455322265625,409.7880554199219,1523.7088623046875,529.8862915039062
664,26.56,15,2,car,0.4509150981903076,1294.2254638671875,472.124267578125,1255.622802734375,441.52532958984375,1332.828125,502.72320556640625
664,26.56,20,2,car,0.4357176423072815,1626.5877685546875,466.2717590332031,1590.321533203125,426.7640075683594,1662.85400390625,505.7795104980469
665,26.6,12,2,car,0.7471311688423157,1149.8798217773438,457.1793670654297,1079.449951171875,401.6157531738281,1220.3096923828125,512.7429809570312
665,26.6,18,2,car,0.7423907518386841,448.63848876953125,424.3105773925781,315.12713623046875,347.14801025390625,582.1498413085938,501.47314453125
665,26.6,10,2,car,0.7111801505088806,935.9175720214844,448.49440002441406,832.7916870117188,383.4470520019531,1039.04345703125,513.541748046875
665,26.6,9,2,car,0.5773923397064209,1448.88916015625,470.0681610107422,1373.541259765625,410.3621520996094,1524.237060546875,529.774169921875
665,26.6,20,2,car,0.5053882598876953,1627.0496826171875,465.4435577392578,1591.641845703125,425.28143310546875,1662.45751953125,505.6056823730469
665,26.6,15,2,car,0.4079849421977997,1294.4853515625,472.1906433105469,1255.353515625,441.1518859863281,1333.6171875,503.2294006347656
666,26.64,18,2,car,0.7666031122207642,451.6194152832031,423.7579650878906,318.56500244140625,348.176513671875,584.673828125,499.33941650390625
666,26.64,10,2,car,0.7480675578117371,934.9429321289062,448.1831359863281,830.7674560546875,382.8292236328125,1039.118408203125,513.5370483398438
666,26.64,12,2,car,0.6749990582466125,1151.32177734375,457.0639343261719,1082.7755126953125,401.44500732421875,1219.8680419921875,512.682861328125
666,26.64,21,2,car,0.6617212295532227,105.27371978759766,284.6483154296875,0.192535400390625,69.47625732421875,210.3549041748047,499.82037353515625
666,26.64,9,2,car,0.6028441190719604,1449.4154052734375,469.81886291503906,1374.3699951171875,408.8707580566406,1524.4608154296875,530.7669677734375
666,26.64,20,2,car,0.509645402431488,1628.1514892578125,466.1395568847656,1592.70263671875,426.3575134277344,1663.600341796875,505.9216003417969
666,26.64,15,2,car,0.3881906270980835,1294.9556274414062,471.265869140625,1254.75927734375,439.2329406738281,1335.1519775390625,503.2987976074219
667,26.68,10,2,car,0.7862593531608582,939.34033203125,448.78416442871094,838.5679931640625,382.9378967285156,1040.1126708984375,514.6304321289062
667,26.68,18,2,car,0.7598730325698853,453.9961242675781,424.6547546386719,322.9373779296875,349.61474609375,585.0548706054688,499.69476318359375
667,26.68,12,2,car,0.636706531047821,1152.7410278320312,457.34535217285156,1085.523193359375,402.1363220214844,1219.9588623046875,512.5543823242188
667,26.68,9,2,car,0.6176741719245911,1449.4365844726562,468.76043701171875,1374.622314453125,408.63409423828125,1524.2508544921875,528.8867797851562
667,26.68,21,2,car,0.559654176235199,107.15647888183594,286.21370697021484,0.260101318359375,72.03895568847656,214.0528564453125,500.3884582519531
667,26.68,20,2,car,0.43383651971817017,1628.72802734375,466.5667419433594,1593.086181640625,427.3475646972656,1664.369873046875,505.7859191894531
667,26.68,15,2,car,0.3817635476589203,1295.8212890625,471.3634490966797,1255.412841796875,439.663818359375,1336.229736328125,503.0630798339844
668,26.72,10,2,car,0.7911769151687622,940.4397277832031,448.85498046875,839.6478881835938,383.23406982421875,1041.2315673828125,514.4758911132812
668,26.72,18,2,car,0.7556222677230835,456.9607391357422,424.9097900390625,326.4944763183594,348.89190673828125,587.427001953125,500.92767333984375
668,26.72,12,2,car,0.6480720043182373,1153.8115844726562,457.4618835449219,1086.8709716796875,402.67303466796875,1220.752197265625,512.250732421875
668,26.72,9,2,car,0.6145118474960327,1448.6237182617188,468.93804931640625,1373.9447021484375,410.86871337890625,1523.302734375,527.0073852539062
668,26.72,21,2,car,0.43518325686454773,109.37985610961914,286.1693572998047,0.44039154052734375,71.71435546875,218.31932067871094,500.6243591308594
668,26.72,15,2,car,0.3857980966567993,1296.1422119140625,472.03948974609375,1255.2239990234375,440.994140625,1337.0604248046875,503.0848388671875
668,26.72,20,2,car,0.3583025634288788,1629.0391845703125,465.63645935058594,1593.1102294921875,425.88201904296875,1664.9681396484375,505.3908996582031
669,26.76,18,2,car,0.8203545808792114,461.23974609375,426.1007080078125,331.83270263671875,349.5645446777344,590.6467895507812,502.6368713378906
669,26.76,10,2,car,0.8098354339599609,941.1981506347656,449.06890869140625,841.5225219726562,383.9176025390625,1040.873779296875,514.22021484375
669,26.76,12,2,car,0.7361571788787842,1151.2136840820312,457.27769470214844,1081.727294921875,402.1901550292969,1220.7000732421875,512.365234375
669,26.76,9,2,car,0.6117900609970093,1450.184814453125,469.6534423828125,1376.3719482421875,412.10906982421875,1523.9976806640625,527.1978149414062
669,26.76,21,2,car,0.42213016748428345,110.86576080322266,287.2906951904297,0.4418792724609375,73.24667358398438,221.28964233398438,501.334716796875
669,26.76,19,2,car,0.4175611138343811,640.8272399902344,457.47528076171875,583.0863037109375,415.9563903808594,698.5681762695312,498.9941711425781
669,26.76,15,2,car,0.414237916469574,1296.8269653320312,470.6671142578125,1254.9073486328125,437.9411315917969,1338.74658203125,503.3930969238281
670,26.8,10,2,car,0.7833916544914246,940.2292175292969,449.2227783203125,842.3229370117188,384.2535400390625,1038.135498046875,514.1920166015625
670,26.8,18,2,car,0.7651744484901428,466.3279571533203,426.3871765136719,337.2253723144531,350.0235900878906,595.4305419921875,502.7507629394531
670,26.8,12,2,car,0.6876860857009888,1152.1107788085938,456.9906005859375,1082.3616943359375,401.72332763671875,1221.85986328125,512.2578735351562
670,26.8,9,2,car,0.6014605164527893,1450.277587890625,469.9204559326172,1376.33349609375,412.8144836425781,1524.2216796875,527.0264282226562
670,26.8,15,2,car,0.42505621910095215,1297.16748046875,471.36817932128906,1254.9935302734375,439.160888671875,1339.3414306640625,503.5754699707031
670,26.8,19,2,car,0.36491140723228455,644.5686645507812,458.02793884277344,586.373046875,416.85406494140625,702.7642822265625,499.2018127441406
671,26.84,10,2,car,0.8089993596076965,943.2954711914062,448.1455841064453,845.0830078125,383.7248840332031,1041.5079345703125,512.5662841796875
671,26.84,18,2,car,0.7987569570541382,468.4176330566406,425.8886260986328,339.05999755859375,350.0202941894531,597.7752685546875,501.7569580078125
671,26.84,12,2,car,0.692279040813446,1153.3014526367188,456.9733123779297,1084.69970703125,401.8242492675781,1221.9031982421875,512.1223754882812
671,26.84,9,2,car,0.6592626571655273,1450.0780029296875,471.4111633300781,1376.2841796875,414.03955078125,1523.871826171875,528.7827758789062
671,26.84,21,2,car,0.4214491546154022,114.41634750366211,287.4781951904297,0.40583038330078125,72.30377197265625,228.42686462402344,502.6526184082031
671,26.84,15,2,car,0.4203815460205078,1296.4082641601562,470.67662048339844,1255.079345703125,438.1910095214844,1337.7371826171875,503.1622314453125
672,26.88,10,2,car,0.8016156554222107,942.3676452636719,449.2511749267578,842.6658325195312,384.3111877441406,1042.0694580078125,514.191162109375
672,26.88,18,2,car,0.7802488803863525,471.6888732910156,426.4435729980469,342.91351318359375,351.232177734375,600.4642333984375,501.65496826171875
672,26.88,21,2,car,0.7017152309417725,118.3554573059082,286.0718078613281,0.42890167236328125,70.39974975585938,236.28201293945312,501.7438659667969
672,26.88,12,2,car,0.6798396706581116,1153.90673828125,457.32887268066406,1085.42919921875,402.0932922363281,1222.38427734375,512.564453125
672,26.88,9,2,car,0.6463168859481812,1450.002685546875,471.6980743408203,1375.273681640625,414.4263610839844,1524.731689453125,528.9697875976562
672,26.88,15,2,car,0.40815502405166626,1296.3887329101562,470.26007080078125,1255.4490966796875,437.54443359375,1337.328369140625,502.9757080078125
673,26.92,10,2,car,0.7557252645492554,942.9950256347656,449.27699279785156,845.2584838867188,384.0015563964844,1040.7315673828125,514.5524291992188
673,26.92,18,2,car,0.7549735307693481,474.37115478515625,426.9342956542969,347.9853515625,352.6962890625,600.7569580078125,501.17230224609375
673,26.92,12,2,car,0.7170343399047852,1152.8251953125,457.4290466308594,1082.09375,401.73394775390625,1223.556640625,513.1241455078125
673,26.92,9,2,car,0.6539578437805176,1450.7920532226562,472.0135192871094,1376.7293701171875,414.84136962890625,1524.854736328125,529.1856689453125
673,26.92,21,2,car,0.5903094410896301,119.70420455932617,287.8274688720703,0.47316741943359375,74.13235473632812,238.93524169921875,501.5225830078125
673,26.92,20,2,car,0.4952043890953064,1630.7274169921875,465.53053283691406,1593.6551513671875,425.4250793457031,1667.7996826171875,505.635986328125
673,26.92,15,2,car,0.4223180413246155,1296.230224609375,469.2181091308594,1255.70361328125,436.24822998046875,1336.7568359375,502.18798828125
673,26.92,19,2,car,0.3736783564090729,654.6888427734375,455.08740234375,588.4515380859375,412.73748779296875,720.9261474609375,497.43731689453125
674,26.96,10,2,car,0.7895247936248779,942.6232604980469,449.45579528808594,841.8590698242188,384.8291931152344,1043.387451171875,514.0823974609375
674,26.96,18,2,car,0.76828533411026,477.75440979003906,427.09515380859375,352.1642150878906,352.2023620605469,603.3446044921875,501.9879455566406
674,26.96,12,2,car,0.7436754107475281,1152.734619140625,457.36627197265625,1082.6103515625,402.08880615234375,1222.85888671875,512.6437377929688
674,26.96,9,2,car,0.7053634524345398,1451.7296752929688,473.44166564941406,1379.9444580078125,417.5085754394531,1523.514892578125,529.374755859375
674,26.96,20,2,car,0.46378323435783386,1632.2186279296875,465.7526550292969,1595.3880615234375,427.1274719238281,1669.0491943359375,504.3778381347656
674,26.96,15,2,car,0.36202993988990784,1301.203857421875,469.3858642578125,1256.8187255859375,436.5133056640625,1345.5889892578125,502.2584228515625
675,27.0,10,2,car,0.799643874168396,945.5514831542969,449.5712585449219,848.4812622070312,384.427734375,1042.6217041015625,514.7147827148438
675,27.0,18,2,car,0.7674874067306519,480.99888610839844,427.0117492675781,356.9220886230469,352.01715087890625,605.07568359375,502.00634765625
675,27.0,12,2,car,0.7555707693099976,1155.176513671875,458.10626220703125,1084.4534912109375,402.8316650390625,1225.8995361328125,513.380859375
675,27.0,9,2,car,0.6626012921333313,1451.9928588867188,472.9724884033203,1380.4200439453125,417.1372375488281,1523.565673828125,528.8077392578125
675,27.0,20,2,car,0.4159826636314392,1634.979248046875,466.6686706542969,1596.734375,428.1094055175781,1673.22412109375,505.2279357910156
675,27.0,15,2,car,0.39990171790122986,1299.8407592773438,468.66600036621094,1257.363037109375,436.2818298339844,1342.3184814453125,501.0501708984375
676,27.04,10,2,car,0.7812654376029968,949.3223571777344,449.9403991699219,847.7305297851562,384.37701416015625,1050.9141845703125,515.5037841796875
676,27.04,18,2,car,0.7665359973907471,484.0559539794922,426.693603515625,360.7303771972656,352.1151123046875,607.3815307617188,501.2720947265625
676,27.04,12,2,car,0.6784501075744629,1155.4326782226562,456.9062194824219,1086.251220703125,402.4117431640625,1224.6141357421875,511.40069580078125
676,27.04,9,2,car,0.6386653780937195,1451.4881591796875,473.08094787597656,1379.303955078125,417.4624328613281,1523.67236328125,528.699462890625
676,27.04,15,2,car,0.38326719403266907,1300.3661499023438,468.7781066894531,1257.5101318359375,436.81072998046875,1343.22216796875,500.7454833984375
676,27.04,20,2,car,0.3732825815677643,1638.7655639648438,469.91925048828125,1596.759521484375,433.6099853515625,1680.7716064453125,506.228515625
677,27.08,18,2,car,0.7763328552246094,486.8534698486328,427.7882080078125,364.3339538574219,353.45306396484375,609.3729858398438,502.12335205078125
677,27.08,10,2,car,0.7686973214149475,949.4650268554688,450.38441467285156,849.2164306640625,385.1822204589844,1049.713623046875,515.5866088867188
677,27.08,12,2,car,0.7465422749519348,1156.5562744140625,457.16070556640625,1088.93896484375,402.56927490234375,1224.173583984375,511.75213623046875
677,27.08,9,2,car,0.6939160227775574,1451.863525390625,472.4637451171875,1379.755615234375,416.63726806640625,1523.971435546875,528.2902221679688
677,27.08,19,2,car,0.42488792538642883,652.3707275390625,451.98106384277344,600.564697265625,405.72674560546875,704.1767578125,498.2353820800781
677,27.08,15,2,car,0.42055544257164,1303.3828735351562,469.4336700439453,1258.0279541015625,436.98980712890625,1348.73779296875,501.8775329589844
677,27.08,21,2,car,0.40323325991630554,126.20590209960938,328.10467529296875,0.5415802001953125,154.05157470703125,251.87022399902344,502.15777587890625
678,27.12,18,2,car,0.7552775144577026,491.6276397705078,428.31761169433594,369.5312194824219,354.6730041503906,613.7240600585938,501.96221923828125
678,27.12,10,2,car,0.7426799535751343,950.5739135742188,449.59706115722656,853.4403076171875,383.9824523925781,1047.70751953125,515.211669921875
678,27.12,12,2,car,0.7128170132637024,1157.3950805664062,456.87139892578125,1089.3905029296875,402.7469787597656,1225.399658203125,510.9958190917969
678,27.12,9,2,car,0.6982943415641785,1452.2769775390625,471.9768524169922,1380.5592041015625,415.5006408691406,1523.9947509765625,528.4530639648438
678,27.12,15,2,car,0.41775181889533997,1304.0968627929688,469.4165802001953,1257.552001953125,436.1104736328125,1350.6417236328125,502.7226867675781
678,27.12,21,2,car,0.41699522733688354,128.0376205444336,328.5593032836914,0.4405059814453125,155.2244110107422,255.63473510742188,501.8941955566406
678,27.12,20,2,car,0.3991919159889221,1638.418212890625,465.32208251953125,1593.9151611328125,427.9530029296875,1682.9212646484375,502.691162109375
678,27.12,19,2,car,0.386870801448822,656.0007934570312,456.2881622314453,605.21923828125,414.66357421875,706.7823486328125,497.9127502441406
679,27.16,18,2,car,0.7767753005027771,495.0006408691406,428.545166015625,371.08172607421875,355.21893310546875,618.9195556640625,501.87139892578125
679,27.16,10,2,car,0.7637603878974915,953.5918273925781,449.49964904785156,854.1194458007812,384.3300476074219,1053.064208984375,514.6692504882812
679,27.16,9,2,car,0.7060428261756897,1452.7677001953125,472.7438507080078,1381.593505859375,417.0466003417969,1523.94189453125,528.4411010742188
679,27.16,12,2,car,0.6926329135894775,1157.8355102539062,456.98345947265625,1089.6182861328125,402.8844909667969,1226.052734375,511.0824279785156
679,27.16,15,2,car,0.4159548580646515,1304.8541259765625,469.5989685058594,1257.6993408203125,436.2497863769531,1352.0089111328125,502.9481506347656
679,27.16,19,2,car,0.3861188590526581,650.9618530273438,461.75628662109375,609.5189819335938,428.1598205566406,692.4047241210938,495.3527526855469
680,27.2,18,2,car,0.7506658434867859,498.0729675292969,428.3373260498047,374.2430419921875,355.1544189453125,621.9028930664062,501.5202331542969
680,27.2,10,2,car,0.7205687165260315,954.0435485839844,450.08421325683594,854.9928588867188,385.1602478027344,1053.09423828125,515.0081787109375
680,27.2,9,2,car,0.7052364349365234,1453.085693359375,472.46434020996094,1381.720458984375,415.7952575683594,1524.450927734375,529.1334228515625
680,27.2,12,2,car,0.6502342224121094,1158.9114379882812,457.3704833984375,1091.7342529296875,403.8114013671875,1226.088623046875,510.9295654296875
680,27.2,15,2,car,0.4343605041503906,1304.4773559570312,469.56202697753906,1257.3255615234375,436.01715087890625,1351.629150390625,503.1069030761719
680,27.2,19,2,car,0.41870588064193726,658.6817932128906,458.0537109375,611.6104125976562,419.16851806640625,705.753173828125,496.93890380859375
680,27.2,20,2,car,0.387766569852829,1638.4442138671875,468.30615234375,1595.2196044921875,432.4906311035156,1681.6688232421875,504.1216735839844
681,27.24,18,2,car,0.703904926776886,501.6866912841797,428.5641174316406,377.2250061035156,355.3843688964844,626.1483764648438,501.7438659667969
681,27.24,9,2,car,0.7037662863731384,1452.6589965820312,472.7234802246094,1380.9810791015625,415.84808349609375,1524.3369140625,529.598876953125
681,27.24,10,2,car,0.6701897382736206,954.9607849121094,450.0477752685547,856.5498657226562,385.0335388183594,1053.3717041015625,515.06201171875
681,27.24,12,2,car,0.6666925549507141,1159.4873657226562,457.88836669921875,1092.63134765625,404.1734619140625,1226.3433837890625,511.603271484375
681,27.24,19,2,car,0.45038414001464844,651.0769348144531,462.0370330810547,618.1631469726562,432.4704895019531,683.99072265625,491.60357666015625
681,27.24,15,2,car,0.4131195545196533,1303.625244140625,469.46630859375,1257.207275390625,436.0016784667969,1350.043212890625,502.9309387207031
681,27.24,20,2,car,0.369530588388443,1637.6392822265625,469.3021545410156,1596.7086181640625,434.9836120605469,1678.5699462890625,503.6206970214844
682,27.28,18,2,car,0.7421818375587463,504.38294982910156,428.9546356201172,381.9969787597656,355.7618408203125,626.7689208984375,502.1474304199219
682,27.28,9,2,car,0.6354142427444458,1452.3005981445312,472.9322509765625,1380.0667724609375,416.74688720703125,1524.534423828125,529.1176147460938
682,27.28,10,2,car,0.6280303001403809,951.3087158203125,448.7498474121094,861.48779296875,383.71746826171875,1041.129638671875,513.7822265625
682,27.28,12,2,car,0.5925978422164917,1159.2888793945312,457.99493408203125,1091.332763671875,404.3163757324219,1227.2449951171875,511.6734924316406
682,27.28,19,2,car,0.4318203628063202,656.9700622558594,460.482421875,622.8248291015625,428.34649658203125,691.1152954101562,492.61834716796875
682,27.28,15,2,car,0.3659409284591675,1303.6624755859375,468.9262390136719,1257.6414794921875,435.5724792480469,1349.6834716796875,502.2799987792969
683,27.32,18,2,car,0.7576229572296143,506.67340087890625,430.0273895263672,383.95013427734375,357.2247009277344,629.3966674804688,502.830078125
683,27.32,10,2,car,0.6759921312332153,955.9297790527344,448.68812561035156,859.9314575195312,384.3344421386719,1051.9281005859375,513.0418090820312
683,27.32,12,2,car,0.6520898938179016,1160.3736572265625,457.4607238769531,1092.163330078125,403.2608642578125,1228.583984375,511.66058349609375
683,27.32,9,2,car,0.6321882009506226,1451.6841430664062,473.0365753173828,1378.9017333984375,416.8779602050781,1524.466552734375,529.1951904296875
683,27.32,19,2,car,0.43905895948410034,656.4317626953125,462.1834716796875,622.4200439453125,429.193359375,690.4434814453125,495.173583984375
683,27.32,20,2,car,0.3523044288158417,1646.366455078125,477.9971923828125,1598.5609130859375,451.9713134765625,1694.1719970703125,504.0230712890625
684,27.36,12,2,car,0.6909605264663696,1160.27734375,457.7049865722656,1091.8067626953125,403.4915771484375,1228.7479248046875,511.91839599609375
684,27.36,18,2,car,0.6769651770591736,509.8030090332031,429.9357147216797,388.09991455078125,357.7125549316406,631.506103515625,502.15887451171875
684,27.36,9,2,car,0.6559940576553345,1453.0183715820312,472.8750457763672,1380.22314453125,416.5467224121094,1525.8135986328125,529.203369140625
684,27.36,10,2,car,0.5761249661445618,953.0445556640625,448.4710998535156,859.5333251953125,383.8575439453125,1046.5557861328125,513.0846557617188
684,27.36,19,2,car,0.41267094016075134,657.1452941894531,465.6687927246094,625.4588012695312,436.6548156738281,688.831787109375,494.6827697753906
684,27.36,21,2,car,0.40172263979911804,140.1921615600586,326.3700180053711,0.4656829833984375,150.59495544433594,279.91864013671875,502.14508056640625
685,27.4,18,2,car,0.6962493062019348,511.06346130371094,430.2151794433594,390.1114196777344,359.3397216796875,632.0155029296875,501.09063720703125
685,27.4,12,2,car,0.6791908144950867,1160.708984375,457.83888244628906,1091.939208984375,403.5678405761719,1229.478759765625,512.1099243164062
685,27.4,9,2,car,0.6769559383392334,1453.7544555664062,472.9805908203125,1381.7535400390625,415.47979736328125,1525.75537109375,530.4813842773438
685,27.4,10,2,car,0.57661372423172,957.7588500976562,448.7926788330078,860.596435546875,384.2095642089844,1054.9212646484375,513.3757934570312
685,27.4,19,2,car,0.3746267557144165,662.9230041503906,459.1641540527344,621.93896484375,419.9125671386719,703.9070434570312,498.4157409667969
685,27.4,21,2,car,0.35681086778640747,141.62815856933594,325.29261016845703,0.5936279296875,152.3456268310547,282.6626892089844,498.2395935058594
686,27.44,18,2,car,0.695673942565918,512.7825622558594,430.99163818359375,391.98907470703125,359.5981750488281,633.5760498046875,502.3851013183594
686,27.44,12,2,car,0.6760652661323547,1159.9407348632812,458.1443328857422,1090.834716796875,403.5220031738281,1229.0467529296875,512.7666625976562
686,27.44,9,2,car,0.6745868921279907,1453.8613891601562,471.4332580566406,1381.1588134765625,413.58160400390625,1526.56396484375,529.284912109375
686,27.44,10,2,car,0.6011151671409607,959.0125122070312,449.3029022216797,862.2279052734375,385.6734924316406,1055.797119140625,512.9323120117188
686,27.44,19,2,car,0.4171576499938965,657.8148803710938,464.0342102050781,625.919921875,434.51348876953125,689.7098388671875,493.554931640625
687,27.48,12,2,car,0.6690376400947571,1161.6970825195312,458.11549377441406,1094.3089599609375,404.7751770019531,1229.085205078125,511.455810546875
687,27.48,9,2,car,0.6654876470565796,1454.3744506835938,472.0792541503906,1381.785400390625,415.50750732421875,1526.9635009765625,528.6510009765625
687,27.48,18,2,car,0.641689658164978,515.4285278320312,430.3034362792969,395.9794921875,358.7648620605469,634.8775634765625,501.8420104980469
687,27.48,10,2,car,0.6000861525535583,960.9235534667969,448.4252471923828,865.3800659179688,384.3858947753906,1056.467041015625,512.464599609375
687,27.48,19,2,car,0.36328744888305664,662.53515625,463.58148193359375,629.4505615234375,435.41436767578125,695.6197509765625,491.74859619140625
688,27.52,9,2,car,0.6968544721603394,1454.18212890625,471.46800231933594,1381.1566162109375,413.8612976074219,1527.2076416015625,529.07470703125
688,27.52,12,2,car,0.6840299963951111,1162.3124389648438,458.41029357910156,1094.6412353515625,404.5948791503906,1229.983642578125,512.2257080078125
688,27.52,10,2,car,0.6742704510688782,962.7562866210938,449.22509765625,866.7454833984375,385.7724609375,1058.76708984375,512.677734375
688,27.52,18,2,car,0.6419387459754944,520.2693176269531,430.8386535644531,402.6094970703125,359.5703430175781,637.9291381835938,502.1069641113281
688,27.52,21,2,car,0.3779750168323517,145.84532928466797,325.6447219848633,0.6816558837890625,149.1584014892578,291.0090026855469,502.13104248046875
689,27.56,10,2,car,0.7686867117881775,962.8322448730469,450.03797912597656,864.7058715820312,385.7057189941406,1060.9586181640625,514.3702392578125
689,27.56,18,2,car,0.7253929376602173,524.8515014648438,431.7019348144531,408.80731201171875,360.99072265625,640.8956909179688,502.41314697265625
689,27.56,9,2,car,0.684917151927948,1454.7622680664062,471.7171325683594,1382.333251953125,415.24090576171875,1527.1912841796875,528.193359375
689,27.56,12,2,car,0.6641333103179932,1163.19189453125,458.73980712890625,1096.148193359375,404.823486328125,1230.235595703125,512.6561279296875
689,27.56,21,2,car,0.5002703666687012,147.5661392211914,328.2229537963867,0.8250274658203125,152.38856506347656,294.3072509765625,504.0573425292969
690,27.6,10,2,car,0.7479697465896606,964.3856201171875,451.13763427734375,869.059814453125,387.6016845703125,1059.71142578125,514.673583984375
690,27.6,9,2,car,0.7008719444274902,1454.9506225585938,471.74322509765625,1383.0430908203125,415.66845703125,1526.858154296875,527.8179931640625
690,27.6,12,2,car,0.639975368976593,1161.815673828125,458.5495910644531,1092.9183349609375,403.8974609375,1230.7130126953125,513.2017211914062
690,27.6,18,2,car,0.6326043009757996,530.0355834960938,431.8312683105469,414.34332275390625,361.19366455078125,645.7278442382812,502.4688720703125
690,27.6,21,2,car,0.36374709010124207,150.53366470336914,314.49774169921875,1.0293045043945312,124.93075561523438,300.03802490234375,504.0647277832031
691,27.64,10,2,car,0.7326828241348267,964.1886901855469,450.86305236816406,869.3754272460938,386.8016052246094,1059.001953125,514.9244995117188
691,27.64,18,2,car,0.7072341442108154,531.3095397949219,431.615478515625,414.43853759765625,360.7378234863281,648.1805419921875,502.4931335449219
691,27.64,12,2,car,0.7002363801002502,1162.4584350585938,458.5891876220703,1094.3389892578125,403.7469177246094,1230.577880859375,513.4314575195312
691,27.64,9,2,car,0.6870734691619873,1455.6995239257812,471.8508758544922,1384.843994140625,415.5052185058594,1526.5550537109375,528.196533203125
691,27.64,21,2,car,0.3502054214477539,152.30225372314453,320.61450958251953,0.6692047119140625,137.90940856933594,303.935302734375,503.3196105957031
692,27.68,18,2,car,0.6754832863807678,534.2380218505859,431.7739562988281,417.8760681152344,362.03851318359375,650.5999755859375,501.5093994140625
692,27.68,12,2,car,0.6306578516960144,1161.4315185546875,459.0602722167969,1092.881591796875,404.2218017578125,1229.9814453125,513.8987426757812
692,27.68,9,2,car,0.625156581401825,1455.6802978515625,471.2222900390625,1384.3665771484375,415.65948486328125,1526.9940185546875,526.7850952148438
692,27.68,10,2,car,0.6126195192337036,966.5261840820312,451.46832275390625,870.5162353515625,389.07696533203125,1062.5361328125,513.8596801757812
692,27.68,21,2,car,0.4187394082546234,153.74556350708008,327.6243438720703,1.0086135864257812,152.91622924804688,306.4825134277344,502.33245849609375
692,27.68,15,2,car,0.3526074290275574,1301.997802734375,468.20025634765625,1264.130859375,439.7598571777344,1339.86474609375,496.6406555175781
693,27.72,18,2,car,0.6880020499229431,536.6741790771484,432.1031799316406,418.3240661621094,361.8214416503906,655.0242919921875,502.3849182128906
693,27.72,10,2,car,0.6643851399421692,967.3411254882812,451.64959716796875,873.592041015625,388.9493408203125,1061.0902099609375,514.349853515625
693,27.72,12,2,car,0.6264171600341797,1161.3021240234375,458.83839416503906,1092.892822265625,404.4377746582031,1229.71142578125,513.239013671875
693,27.72,9,2,car,0.6213380694389343,1454.8021850585938,471.8232421875,1382.67822265625,415.513916015625,1526.9261474609375,528.132568359375
693,27.72,19,2,car,0.38419869542121887,673.8471984863281,458.173095703125,642.3353271484375,421.78399658203125,705.3590698242188,494.56219482421875
694,27.76,18,2,car,0.653396725654602,537.9946136474609,431.7549133300781,421.2677307128906,362.2087097167969,654.7214965820312,501.3011169433594
694,27.76,10,2,car,0.6216225028038025,966.0854797363281,452.4151611328125,873.1864624023438,391.552734375,1058.9844970703125,513.277587890625
694,27.76,12,2,car,0.6191638112068176,1161.2576904296875,458.8038787841797,1093.182861328125,404.6282043457031,1229.33251953125,512.9795532226562
694,27.76,9,2,car,0.598034679889679,1454.87890625,471.5914306640625,1382.3790283203125,415.177734375,1527.3787841796875,528.005126953125
694,27.76,19,2,car,0.5011571049690247,678.3717651367188,460.27183532714844,646.7672119140625,421.70941162109375,709.976318359375,498.8342590332031
694,27.76,21,2,car,0.37796974182128906,155.84887313842773,325.34374237060547,0.6723861694335938,148.77708435058594,311.0253601074219,501.910400390625
695,27.8,18,2,car,0.6989905834197998,544.0765686035156,432.20428466796875,430.6658935546875,362.5495910644531,657.4872436523438,501.8589782714844
695,27.8,9,2,car,0.6434566378593445,1454.8062744140625,472.07843017578125,1382.343017578125,416.31500244140625,1527.26953125,527.8418579101562
695,27.8,10,2,car,0.6362370252609253,968.8166809082031,451.25462341308594,875.3768920898438,389.5172424316406,1062.2564697265625,512.9920043945312
695,27.8,12,2,car,0.6145079135894775,1162.1258544921875,458.8157043457031,1094.3284912109375,404.734130859375,1229.9232177734375,512.8972778320312
695,27.8,21,2,car,0.4220142364501953,157.44968032836914,319.4200439453125,0.34586334228515625,135.78671264648438,314.5534973144531,503.0533752441406
695,27.8,15,2,car,0.3571018874645233,1300.5637817382812,470.6866149902344,1261.4566650390625,438.8291931152344,1339.6708984375,502.5440368652344
696,27.84,18,2,car,0.7572493553161621,547.6720275878906,432.63446044921875,434.76947021484375,364.1780090332031,660.5745849609375,501.0909118652344
696,27.84,9,2,car,0.6305492520332336,1457.3883666992188,470.8236541748047,1386.7786865234375,414.1189270019531,1527.998046875,527.5283813476562
696,27.84,10,2,car,0.6021289825439453,969.9066162109375,451.3731994628906,876.67529296875,389.34136962890625,1063.137939453125,513.405029296875
696,27.84,12,2,car,0.5778759717941284,1163.3869018554688,457.6874084472656,1098.2728271484375,404.1072692871094,1228.5009765625,511.2675476074219
696,27.84,15,2,car,0.35721728205680847,1299.857421875,470.1321258544922,1262.508056640625,438.8529052734375,1337.206787109375,501.4113464355469
697,27.88,18,2,car,0.7125699520111084,549.6213226318359,432.9796142578125,437.0605773925781,364.90667724609375,662.1820678710938,501.05255126953125
697,27.88,9,2,car,0.6605156660079956,1457.2881469726562,472.6069793701172,1386.7967529296875,417.1170959472656,1527.779541015625,528.0968627929688
697,27.88,10,2,car,0.5647373199462891,964.2259216308594,450.5029754638672,876.3659057617188,387.3371887207031,1052.0859375,513.6687622070312
697,27.88,12,2,car,0.5599097013473511,1163.7600708007812,457.6625061035156,1098.143310546875,404.3192138671875,1229.3768310546875,511.00579833984375
698,27.92,18,2,car,0.7473573684692383,553.4176788330078,433.1199645996094,440.6252746582031,364.75250244140625,666.2100830078125,501.4874267578125
698,27.92,9,2,car,0.684259295463562,1458.2424926757812,471.44427490234375,1388.6688232421875,414.382080078125,1527.816162109375,528.5064697265625
698,27.92,12,2,car,0.6116032004356384,1163.3450317382812,458.84910583496094,1095.123046875,405.0234680175781,1231.5670166015625,512.6747436523438
698,27.92,10,2,car,0.5501317977905273,966.5615539550781,450.7068328857422,877.1152954101562,387.9071960449219,1056.0078125,513.5064697265625
698,27.92,21,2,car,0.5075792074203491,163.40435409545898,330.8646469116211,0.6879501342773438,158.23658752441406,326.1207580566406,503.4927062988281
699,27.96,18,2,car,0.7177152633666992,556.2017669677734,432.97987365722656,442.3847351074219,365.0506286621094,670.018798828125,500.90911865234375
699,27.96,9,2,car,0.6410021185874939,1457.2140502929688,471.7435760498047,1386.5303955078125,414.6147766113281,1527.897705078125,528.8723754882812
699,27.96,10,2,car,0.6263030767440796,970.6041564941406,451.5244598388672,878.4526977539062,389.6872863769531,1062.755615234375,513.3616333007812
699,27.96,12,2,car,0.6035140156745911,1165.8484497070312,458.85350036621094,1099.6212158203125,405.1123352050781,1232.07568359375,512.5946655273438
699,27.96,21,2,car,0.4243054986000061,164.79874420166016,332.8393249511719,0.9967803955078125,161.989013671875,328.6007080078125,503.68963623046875
700,28.0,9,2,car,0.7174196243286133,1457.393310546875,471.58290100097656,1386.3575439453125,414.1194152832031,1528.4290771484375,529.04638671875
700,28.0,18,2,car,0.7122731804847717,555.0593566894531,432.958740234375,446.01361083984375,364.94769287109375,664.1051025390625,500.96978759765625
700,28.0,10,2,car,0.6307486891746521,966.0005493164062,451.12257385253906,880.998046875,388.9904479980469,1051.0030517578125,513.2546997070312
700,28.0,21,2,car,0.5786591172218323,166.90645217895508,327.78965759277344,0.6272964477539062,150.58355712890625,333.18560791015625,504.9957580566406
700,28.0,12,2,car,0.5624767541885376,1167.8438720703125,459.3739013671875,1101.5721435546875,405.62750244140625,1234.1156005859375,513.1203002929688
700,28.0,15,2,car,0.3616068959236145,1300.0718383789062,471.14646911621094,1265.4512939453125,445.5342712402344,1334.6923828125,496.7586669921875
701,28.04,18,2,car,0.7343388795852661,559.6701354980469,433.9291076660156,446.98974609375,365.70428466796875,672.3505249023438,502.1539306640625
701,28.04,9,2,car,0.720043957233429,1458.0237426757812,472.456787109375,1387.080810546875,415.845703125,1528.9666748046875,529.06787109375
701,28.04,10,2,car,0.6999791860580444,966.9950866699219,451.73423767089844,881.4098510742188,389.2207946777344,1052.580322265625,514.2476806640625
701,28.04,12,2,car,0.642105221748352,1167.030029296875,459.4497985839844,1101.255615234375,406.46630859375,1232.804443359375,512.4332885742188
701,28.04,21,2,car,0.46311819553375244,168.9411392211914,333.55247497558594,0.7869415283203125,163.23605346679688,337.0953369140625,503.868896484375
701,28.04,15,2,car,0.3524205982685089,1299.0836791992188,469.9476013183594,1261.9951171875,438.76611328125,1336.1722412109375,501.12908935546875
702,28.08,9,2,car,0.7262417078018188,1457.9877319335938,472.2437286376953,1387.07666015625,416.2172546386719,1528.8988037109375,528.2702026367188
702,28.08,10,2,car,0.7109247446060181,971.7450866699219,452.4751281738281,882.0422973632812,390.6441650390625,1061.4478759765625,514.3060913085938
702,28.08,18,2,car,0.6936445832252502,565.9657287597656,434.2189636230469,451.7750244140625,366.0440368652344,680.1564331054688,502.3938903808594
702,28.08,12,2,car,0.6317905783653259,1166.7095947265625,458.94044494628906,1100.7227783203125,406.6636962890625,1232.6964111328125,511.2171936035156
702,28.08,22,2,car,0.3686593472957611,837.4579467773438,469.6368713378906,790.91015625,435.0127258300781,884.0057373046875,504.2610168457031
703,28.12,9,2,car,0.7723333239555359,1458.2822875976562,472.45741271972656,1387.3140869140625,416.5608215332031,1529.25048828125,528.35400390625
703,28.12,10,2,car,0.7660164833068848,975.4359436035156,452.5765075683594,881.3743286132812,390.7039794921875,1069.49755859375,514.4490356445312
703,28.12,18,2,car,0.6995429992675781,570.1640930175781,434.4064636230469,460.59881591796875,366.2999267578125,679.7293701171875,502.51300048828125
703,28.12,12,2,car,0.6023067235946655,1166.4187622070312,458.84527587890625,1099.154052734375,406.1540222167969,1233.6834716796875,511.5365295410156
703,28.12,21,2,car,0.4221819341182709,172.2002182006836,300.7449417114258,0.5782012939453125,95.61561584472656,343.8222351074219,505.874267578125
703,28.12,22,2,car,0.37002691626548767,840.9407958984375,473.97235107421875,792.7587890625,443.4190979003906,889.122802734375,504.5256042480469
704,28.16,10,2,car,0.7928685545921326,972.0054931640625,453.21868896484375,880.65087890625,391.59588623046875,1063.360107421875,514.8414916992188
704,28.16,9,2,car,0.7392971515655518,1458.5964965820312,472.8211669921875,1386.93212890625,417.37994384765625,1530.2608642578125,528.2623901367188
704,28.16,18,2,car,0.6622123122215271,571.0951538085938,434.43775939941406,460.7431640625,366.64044189453125,681.4471435546875,502.2350769042969
704,28.16,12,2,car,0.5716264247894287,1165.3970947265625,459.66448974609375,1096.0762939453125,406.33447265625,1234.7178955078125,512.9945068359375
704,28.16,22,2,car,0.3834179937839508,840.4248046875,472.07757568359375,792.9175415039062,440.25933837890625,887.9320678710938,503.89581298828125
704,28.16,21,2,car,0.37834781408309937,173.1786346435547,300.6929168701172,1.0045166015625,95.77944946289062,345.3527526855469,505.60638427734375
704,28.16,15,2,car,0.3581559956073761,1299.43359375,470.47137451171875,1262.4404296875,439.6009826660156,1336.4267578125,501.3417663574219
705,28.2,10,2,car,0.7757576704025269,975.0750427246094,453.35723876953125,885.5581665039062,392.5045166015625,1064.5919189453125,514.2099609375
705,28.2,9,2,car,0.7371973991394043,1458.3699951171875,474.0223388671875,1386.686767578125,419.41168212890625,1530.05322265625,528.6329956054688
705,28.2,18,2,car,0.7368848919868469,575.5750732421875,435.2502136230469,467.51470947265625,367.61553955078125,683.6354370117188,502.8848876953125
705,28.2,12,2,car,0.5718188285827637,1166.0496826171875,460.0637512207031,1096.4879150390625,407.1961669921875,1235.6114501953125,512.9313354492188
705,28.2,15,2,car,0.4066232740879059,1300.1454467773438,471.0213623046875,1263.0048828125,440.65826416015625,1337.2860107421875,501.38446044921875
705,28.2,21,2,car,0.3505094051361084,175.19360733032227,334.88914489746094,0.5170669555664062,165.4658203125,349.8701477050781,504.3124694824219
706,28.24,10,2,car,0.7706857919692993,977.8860473632812,453.3964080810547,887.5369873046875,392.4549865722656,1068.235107421875,514.3378295898438
706,28.24,9,2,car,0.7123131155967712,1459.2849731445312,474.3055877685547,1387.1416015625,419.6655578613281,1531.4283447265625,528.9456176757812
706,28.24,18,2,car,0.6656123995780945,577.1226501464844,435.2956237792969,472.0513916015625,367.9399108886719,682.1939086914062,502.6513366699219
706,28.24,12,2,car,0.6132819652557373,1168.26123046875,460.30003356933594,1100.583251953125,406.9745178222656,1235.939208984375,513.6255493164062
706,28.24,21,2,car,0.4981880486011505,177.05617141723633,301.0670928955078,0.5064468383789062,98.1895751953125,353.60589599609375,503.9446105957031
706,28.24,15,2,car,0.4390169084072113,1300.9172973632812,472.44268798828125,1263.37939453125,443.036865234375,1338.4552001953125,501.8485107421875
706,28.24,22,2,car,0.3702108561992645,836.9891967773438,470.51856994628906,790.2804565429688,436.2886962890625,883.6979370117188,504.7484436035156
707,28.28,18,2,car,0.7641867399215698,576.5590057373047,434.6818542480469,471.1982116699219,367.906494140625,681.9197998046875,501.45721435546875
707,28.28,10,2,car,0.7610475420951843,974.8738403320312,453.8455810546875,886.29638671875,393.656982421875,1063.4512939453125,514.0341796875
707,28.28,9,2,car,0.7578814625740051,1459.3483276367188,474.2044219970703,1387.839111328125,419.9726257324219,1530.8575439453125,528.4362182617188
707,28.28,12,2,car,0.6400002241134644,1171.61083984375,460.27357482910156,1106.13623046875,406.8045959472656,1237.08544921875,513.7425537109375
707,28.28,21,2,car,0.5174161195755005,178.4360122680664,303.82706451416016,0.4652252197265625,102.21675109863281,356.40679931640625,505.4373779296875
707,28.28,15,2,car,0.4588567614555359,1300.3807373046875,472.31687927246094,1262.481689453125,442.8726501464844,1338.27978515625,501.7611083984375
708,28.32,18,2,car,0.7952848076820374,575.8992919921875,434.25457763671875,473.71307373046875,367.75726318359375,678.0855102539062,500.75189208984375
708,28.32,9,2,car,0.7630093097686768,1460.5519409179688,474.0261688232422,1388.8524169921875,420.0110778808594,1532.25146484375,528.041259765625
708,28.32,10,2,car,0.7353322505950928,973.997314453125,454.2041015625,886.4652099609375,394.12811279296875,1061.5294189453125,514.2800903320312
708,28.32,12,2,car,0.7025232315063477,1170.16845703125,460.7191619873047,1102.103759765625,407.5633850097656,1238.233154296875,513.8749389648438
708,28.32,15,2,car,0.4751383364200592,1301.3612060546875,473.41424560546875,1263.532470703125,444.3710632324219,1339.18994140625,502.4574279785156
708,28.32,21,2,car,0.43838199973106384,180.6108856201172,301.76383209228516,0.933197021484375,98.51921081542969,360.28857421875,505.0084533691406
709,28.36,18,2,car,0.8365476727485657,584.2746124267578,434.7704772949219,477.2016296386719,368.9345397949219,691.3475952148438,500.6064147949219
709,28.36,10,2,car,0.7396224737167358,980.6033935546875,453.78533935546875,888.567626953125,393.30999755859375,1072.63916015625,514.2606811523438
709,28.36,9,2,car,0.7210792899131775,1460.0328979492188,473.86778259277344,1388.3475341796875,419.7560119628906,1531.71826171875,527.9795532226562
709,28.36,12,2,car,0.6486791968345642,1174.8152465820312,460.5198669433594,1111.759521484375,407.9088134765625,1237.8709716796875,513.1309204101562
709,28.36,15,2,car,0.46614187955856323,1301.10400390625,473.7033996582031,1264.1126708984375,448.46624755859375,1338.0953369140625,498.9405517578125
709,28.36,19,2,car,0.40337082743644714,714.1763000488281,461.2891845703125,679.37744140625,422.0814514160156,748.9751586914062,500.4969177246094
709,28.36,21,2,car,0.35620540380477905,182.89609909057617,301.03765869140625,0.8988876342773438,97.91592407226562,364.893310546875,504.1593933105469
710,28.4,18,2,car,0.8214511871337891,585.9876251220703,434.45928955078125,478.3896789550781,368.0190124511719,693.5855712890625,500.8995666503906
710,28.4,10,2,car,0.7684960961341858,981.09228515625,453.88954162597656,892.2235107421875,393.6733093261719,1069.9610595703125,514.1057739257812
710,28.4,9,2,car,0.734218418598175,1459.6654663085938,474.1235046386719,1389.1275634765625,420.298095703125,1530.203369140625,527.9489135742188
710,28.4,12,2,car,0.6572741866111755,1173.61865234375,460.5479278564453,1109.4031982421875,407.9195251464844,1237.8341064453125,513.1763305664062
710,28.4,21,2,car,0.4514743387699127,183.12265014648438,300.2308044433594,0.704864501953125,97.58367919921875,365.5404357910156,502.8779296875
710,28.4,15,2,car,0.4293166995048523,1302.5878295898438,473.43804931640625,1264.6612548828125,444.5218505859375,1340.514404296875,502.354248046875
711,28.44,18,2,car,0.8173314929008484,588.8118438720703,436.04762268066406,481.0491027832031,369.84259033203125,696.5745849609375,502.2526550292969
711,28.44,10,2,car,0.7996170520782471,980.4530639648438,454.3401641845703,892.078857421875,394.0975646972656,1068.8272705078125,514.582763671875
711,28.44,9,2,car,0.7329897880554199,1459.9267578125,473.36534118652344,1388.501708984375,419.3887023925781,1531.351806640625,527.3419799804688
711,28.44,12,2,car,0.6891897320747375,1171.2181396484375,460.2646179199219,1104.45751953125,407.2869873046875,1237.978759765625,513.2422485351562
711,28.44,15,2,car,0.4714775085449219,1302.9686889648438,474.12506103515625,1264.6483154296875,445.8424072265625,1341.2890625,502.40771484375
711,28.44,21,2,car,0.4480912983417511,184.20802688598633,301.65252685546875,0.47092437744140625,99.46664428710938,367.94512939453125,503.8384094238281
712,28.48,18,2,car,0.8264086246490479,593.7992248535156,436.44871520996094,484.53424072265625,370.9263916015625,703.064208984375,501.9710388183594
712,28.48,10,2,car,0.7532470226287842,987.4766845703125,455.04290771484375,892.898681640625,395.534912109375,1082.0546875,514.5509033203125
712,28.48,9,2,car,0.7112436294555664,1460.26123046875,473.22235107421875,1389.0706787109375,419.47412109375,1531.4517822265625,526.9705810546875
712,28.48,12,2,car,0.700802206993103,1169.1485595703125,460.4711151123047,1100.04931640625,407.3870544433594,1238.247802734375,513.55517578125
712,28.48,21,7,truck,0.5698496103286743,185.2217559814453,303.4145050048828,0.7869873046875,102.9180908203125,369.6565246582031,503.9109191894531
712,28.48,15,2,car,0.48145997524261475,1302.8246459960938,473.8021545410156,1265.9942626953125,449.3017272949219,1339.655029296875,498.3025817871094
713,28.52,18,2,car,0.7831329703330994,594.9314880371094,436.3796081542969,490.733642578125,370.78363037109375,699.1293334960938,501.9755859375
713,28.52,10,2,car,0.7462342381477356,984.1795959472656,454.0957794189453,892.4569702148438,394.0110168457031,1075.9022216796875,514.1805419921875
713,28.52,9,2,car,0.6749968528747559,1459.6221313476562,473.1603240966797,1388.6949462890625,419.4201965332031,1530.54931640625,526.9004516601562
713,28.52,12,2,car,0.6459276676177979,1171.953369140625,460.26808166503906,1106.1800537109375,407.5221862792969,1237.7266845703125,513.0139770507812
713,28.52,15,2,car,0.5292491912841797,1302.3710327148438,471.8770751953125,1264.4356689453125,445.4281311035156,1340.306396484375,498.3260192871094
713,28.52,21,7,truck,0.49957728385925293,184.90723419189453,301.88716888427734,0.9353485107421875,101.70094299316406,368.8791198730469,502.0733947753906
714,28.56,18,2,car,0.7831235527992249,598.0780334472656,437.1054382324219,491.72479248046875,371.776611328125,704.4312744140625,502.43426513671875
714,28.56,10,2,car,0.7436083555221558,980.1024169921875,452.4593811035156,893.224365234375,391.99566650390625,1066.98046875,512.923095703125
714,28.56,9,2,car,0.7070125937461853,1459.4970703125,473.6689453125,1388.6597900390625,420.35906982421875,1530.3343505859375,526.9788208007812
714,28.56,12,2,car,0.6119893789291382,1172.8994750976562,460.23081970214844,1108.229736328125,407.6883850097656,1237.5692138671875,512.7732543945312
714,28.56,15,2,car,0.551706850528717,1301.0166625976562,472.92530822753906,1260.500732421875,444.4827575683594,1341.5325927734375,501.36785888671875
715,28.6,18,2,car,0.7885095477104187,599.5387420654297,436.7176208496094,492.5140686035156,371.5535888671875,706.5634155273438,501.88165283203125
715,28.6,10,2,car,0.7424170970916748,987.1216430664062,454.20111083984375,897.2310791015625,394.55914306640625,1077.01220703125,513.8430786132812
715,28.6,9,2,car,0.7097331881523132,1459.2449951171875,473.62681579589844,1388.0216064453125,420.3668518066406,1530.4683837890625,526.8867797851562
715,28.6,12,2,car,0.632379412651062,1172.8529052734375,460.70176696777344,1107.714599609375,407.7977600097656,1237.9912109375,513.6057739257812
715,28.6,15,2,car,0.5623329877853394,1301.993408203125,472.06121826171875,1264.6893310546875,446.34735107421875,1339.2974853515625,497.77508544921875
716,28.64,18,2,car,0.7581424117088318,602.2799224853516,437.2609405517578,497.9914855957031,372.59307861328125,706.568359375,501.9288024902344
716,28.64,10,2,car,0.7197798490524292,986.7171020507812,453.95936584472656,897.1259765625,394.9812927246094,1076.3082275390625,512.9374389648438
716,28.64,9,2,car,0.6985791325569153,1458.4432373046875,473.0402374267578,1386.4527587890625,420.7048645019531,1530.4337158203125,525.3756103515625
716,28.64,12,2,car,0.5890523195266724,1176.325927734375,460.85743713378906,1113.097412109375,408.5026550292969,1239.554443359375,513.2122192382812
716,28.64,15,2,car,0.5271738767623901,1300.736572265625,475.2420959472656,1261.023193359375,449.3081359863281,1340.449951171875,501.1760559082031
716,28.64,21,7,truck,0.37347450852394104,192.033540725708,309.7283477783203,0.4686927795410156,114.98785400390625,383.598388671875,504.4688415527344
717,28.68,9,2,car,0.687919020652771,1458.85595703125,473.09783935546875,1386.65625,419.21905517578125,1531.0556640625,526.9766235351562
717,28.68,18,2,car,0.6724615097045898,605.5790252685547,437.93499755859375,501.7874450683594,372.9359436035156,709.37060546875,502.9340515136719
717,28.68,12,2,car,0.6635245680809021,1174.5266723632812,460.9229736328125,1108.8427734375,408.14227294921875,1240.2105712890625,513.7036743164062
717,28.68,10,2,car,0.6405561566352844,991.6427307128906,453.66009521484375,899.4417114257812,394.23431396484375,1083.84375,513.0858764648438
717,28.68,15,2,car,0.5318811535835266,1301.1511840820312,475.7611083984375,1261.2354736328125,449.99139404296875,1341.06689453125,501.53082275390625
718,28.72,10,2,car,0.6865569353103638,984.9034118652344,453.0241241455078,899.1669311523438,392.6926574707031,1070.639892578125,513.3555908203125
718,28.72,12,2,car,0.6698988080024719,1175.7090454101562,460.84661865234375,1111.6988525390625,408.13092041015625,1239.71923828125,513.5623168945312
718,28.72,18,2,car,0.6659024953842163,613.0508270263672,438.4773406982422,504.9396057128906,373.3605041503906,721.1620483398438,503.59417724609375
718,28.72,9,2,car,0.6449678540229797,1460.1646728515625,474.0460510253906,1389.8851318359375,420.939697265625,1530.4442138671875,527.1524047851562
718,28.72,15,2,car,0.48871707916259766,1301.0139770507812,475.7846221923828,1260.9158935546875,449.90655517578125,1341.112060546875,501.6626892089844
718,28.72,21,7,truck,0.4056692123413086,193.89608001708984,308.5843505859375,0.9939422607421875,114.71035766601562,386.7982177734375,502.4583435058594
719,28.76,21,7,truck,0.8002578616142273,196.3112564086914,310.3797149658203,0.9215240478515625,116.90130615234375,391.70098876953125,503.8581237792969
719,28.76,18,2,car,0.762692391872406,611.192626953125,437.7161407470703,506.69146728515625,372.7731628417969,715.6937866210938,502.65911865234375
719,28.76,10,2,car,0.6980812549591064,982.6803283691406,453.44654846191406,900.2481079101562,394.3845520019531,1065.112548828125,512.508544921875
719,28.76,12,2,car,0.6874834299087524,1175.6524658203125,460.45068359375,1111.0770263671875,408.17083740234375,1240.2279052734375,512.7305297851562
719,28.76,9,2,car,0.6606276035308838,1461.2939453125,474.6939697265625,1391.8590087890625,421.31671142578125,1530.7288818359375,528.0712280273438
719,28.76,15,2,car,0.4793708324432373,1302.2493896484375,474.89501953125,1261.6029052734375,448.4971618652344,1342.8958740234375,501.2928771972656
720,28.8,18,2,car,0.7244209051132202,610.3433074951172,438.3990783691406,510.1791687011719,374.2796630859375,710.5074462890625,502.51849365234375
720,28.8,12,2,car,0.6715973019599915,1176.6282958984375,460.3804626464844,1111.2991943359375,407.6544189453125,1241.9573974609375,513.1065063476562
720,28.8,10,2,car,0.6329572796821594,991.1623229980469,455.8125915527344,902.5493774414062,397.73492431640625,1079.7752685546875,513.8902587890625
720,28.8,9,2,car,0.6150830388069153,1459.1292724609375,475.65077209472656,1386.747314453125,423.8116149902344,1531.51123046875,527.4899291992188
720,28.8,21,2,car,0.5781635046005249,196.5886001586914,308.1515579223633,0.8253021240234375,111.81175231933594,392.3518981933594,504.4913635253906
720,28.8,15,2,car,0.4576457440853119,1302.8651733398438,474.4842987060547,1262.8070068359375,448.6091613769531,1342.92333984375,500.35943603515625
721,28.84,18,2,car,0.7464784383773804,616.6762390136719,438.2130432128906,513.1224975585938,373.9610595703125,720.22998046875,502.46502685546875
721,28.84,10,2,car,0.6844369769096375,988.1843872070312,456.74102783203125,903.1800537109375,399.89501953125,1073.188720703125,513.5870361328125
721,28.84,9,2,car,0.6784816980361938,1459.6948852539062,476.39697265625,1387.8961181640625,425.618408203125,1531.49365234375,527.175537109375
721,28.84,12,2,car,0.6187917590141296,1179.0552368164062,459.46424865722656,1114.5111083984375,406.3363952636719,1243.599365234375,512.5921020507812
721,28.84,21,2,car,0.5765068531036377,198.0267791748047,308.90354919433594,1.191009521484375,113.13546752929688,394.862548828125,504.671630859375
721,28.84,15,2,car,0.485759437084198,1302.6654663085938,474.6849060058594,1262.4683837890625,448.5204162597656,1342.862548828125,500.8493957519531
722,28.88,9,2,car,0.7742119431495667,1460.4863891601562,476.02207946777344,1388.419189453125,425.6842346191406,1532.5535888671875,526.3599243164062
722,28.88,18,2,car,0.7185699343681335,606.083251953125,439.0261535644531,515.2505493164062,375.59686279296875,696.9159545898438,502.4554443359375
722,28.88,10,2,car,0.7055410146713257,994.1773071289062,465.97117614746094,908.424560546875,417.6819763183594,1079.9300537109375,514.2603759765625
722,28.88,12,2,car,0.6322996020317078,1181.3128051757812,459.2981872558594,1118.1309814453125,406.7538757324219,1244.49462890625,511.8424987792969
722,28.88,15,2,car,0.5458803176879883,1301.879638671875,474.98431396484375,1261.3924560546875,448.42120361328125,1342.3668212890625,501.54742431640625
723,28.92,10,2,car,0.7228605151176453,990.7721557617188,458.375244140625,911.1038818359375,402.57275390625,1070.4404296875,514.177734375
723,28.92,9,2,car,0.7220518589019775,1460.86083984375,476.1204528808594,1389.6983642578125,425.85113525390625,1532.0233154296875,526.3897705078125
723,28.92,18,2,car,0.6983067393302917,610.0169372558594,438.04962158203125,516.1600952148438,374.5793151855469,703.873779296875,501.5199279785156
723,28.92,12,2,car,0.5530012249946594,1181.73486328125,459.7618103027344,1118.40673828125,406.7816162109375,1245.06298828125,512.7420043945312
723,28.92,15,2,car,0.5166618227958679,1302.5206909179688,474.9346618652344,1263.472900390625,448.1018371582031,1341.5684814453125,501.7674865722656
723,28.92,21,2,car,0.3703286647796631,203.5564956665039,308.74849700927734,0.5736236572265625,113.54374694824219,406.53936767578125,503.9532470703125
724,28.96,10,2,car,0.7142713665962219,989.921142578125,464.78501892089844,910.50244140625,415.4074401855469,1069.33984375,514.16259765625
724,28.96,9,2,car,0.6799166202545166,1460.810791015625,476.97764587402344,1390.9893798828125,427.9887390136719,1530.6322021484375,525.966552734375
724,28.96,18,2,car,0.6713908314704895,611.0229797363281,438.5281677246094,519.1370239257812,374.8431701660156,702.908935546875,502.2131652832031
724,28.96,12,2,car,0.5605489015579224,1180.3748779296875,460.10704040527344,1115.6910400390625,406.7853698730469,1245.0587158203125,513.4287109375
724,28.96,21,2,car,0.5242864489555359,202.30059814453125,310.26012420654297,0.772796630859375,117.94239807128906,403.8283996582031,502.5778503417969
724,28.96,15,2,car,0.5153923034667969,1303.7548217773438,475.4367218017578,1265.4632568359375,449.5921630859375,1342.04638671875,501.2812805175781
725,29.0,10,2,car,0.7451224327087402,992.4075012207031,459.20013427734375,907.0137329101562,404.5257568359375,1077.80126953125,513.87451171875
725,29.0,18,2,car,0.712165892124176,620.0119934082031,439.37425231933594,517.7953491210938,376.1205139160156,722.2286376953125,502.62799072265625
725,29.0,9,2,car,0.6892710328102112,1461.5726928710938,476.9007568359375,1390.277099609375,426.49383544921875,1532.8682861328125,527.3076782226562
725,29.0,12,2,car,0.6408202648162842,1179.6702880859375,460.21067810058594,1113.9398193359375,406.7928161621094,1245.4007568359375,513.6285400390625
725,29.0,21,7,truck,0.5378711819648743,201.73885345458984,310.7525405883789,0.6833953857421875,119.51554870605469,402.7943115234375,501.9895324707031
725,29.0,15,2,car,0.5292114019393921,1304.4166870117188,473.70172119140625,1268.2154541015625,449.7135314941406,1340.617919921875,497.6899108886719
726,29.04,10,2,car,0.7416335344314575,991.9901733398438,463.35333251953125,909.018310546875,412.810546875,1074.9620361328125,513.8961181640625
726,29.04,9,2,car,0.6764512658119202,1461.1098022460938,477.06040954589844,1391.216796875,426.3582458496094,1531.0028076171875,527.7625732421875
726,29.04,18,2,car,0.6142290830612183,624.8222961425781,440.638916015625,522.2930297851562,378.3637390136719,727.3515625,502.9140930175781
726,29.04,12,2,car,0.5810220837593079,1180.4485473632812,460.03399658203125,1115.565673828125,407.27655029296875,1245.3314208984375,512.7914428710938
726,29.04,15,2,car,0.48913639783859253,1304.3126220703125,473.91188049316406,1268.3924560546875,450.6361999511719,1340.2327880859375,497.18756103515625
727,29.08,10,2,car,0.6601869463920593,992.9005432128906,464.9100799560547,912.4901733398438,415.8893737792969,1073.3109130859375,513.9307861328125
727,29.08,18,2,car,0.660155713558197,629.3984680175781,440.51344299316406,525.1443481445312,378.0198669433594,733.652587890625,503.00701904296875
727,29.08,12,2,car,0.6513988971710205,1181.6207275390625,460.1072692871094,1117.455322265625,408.57232666015625,1245.7861328125,511.6422119140625
727,29.08,9,2,car,0.641666054725647,1462.4716796875,477.046630859375,1392.506591796875,426.1103515625,1532.436767578125,527.98291015625
727,29.08,15,2,car,0.48422616720199585,1304.7799682617188,474.56285095214844,1269.5302734375,451.9559631347656,1340.0296630859375,497.16973876953125
728,29.12,10,2,car,0.6890935897827148,995.6350402832031,469.11376953125,912.5187377929688,424.2952880859375,1078.7513427734375,513.9322509765625
728,29.12,18,2,car,0.676635205745697,621.2276611328125,440.3360595703125,525.0513305664062,378.54913330078125,717.4039916992188,502.12298583984375
728,29.12,9,2,car,0.5973458886146545,1463.25830078125,477.3670196533203,1393.9193115234375,427.3341979980469,1532.5972900390625,527.3998413085938
728,29.12,12,2,car,0.5459101796150208,1181.9186401367188,460.15020751953125,1118.4482421875,409.8252258300781,1245.3890380859375,510.4751892089844
728,29.12,15,2,car,0.4758211076259613,1306.5900268554688,474.84754943847656,1270.7685546875,452.7986755371094,1342.4114990234375,496.89642333984375
729,29.16,10,2,car,0.7381771206855774,995.7242126464844,467.44520568847656,912.9600219726562,421.0823669433594,1078.4884033203125,513.8080444335938
729,29.16,18,2,car,0.6901540756225586,621.2105712890625,440.03045654296875,525.1177368164062,377.7433776855469,717.3034057617188,502.3175354003906
729,29.16,9,2,car,0.6012640595436096,1463.6520385742188,477.5837707519531,1393.9864501953125,426.85028076171875,1533.317626953125,528.3172607421875
729,29.16,12,2,car,0.5867682695388794,1181.8001098632812,460.4207458496094,1118.290283203125,409.2398376464844,1245.3099365234375,511.6016540527344
729,29.16,15,2,car,0.44557827711105347,1306.84130859375,475.31349182128906,1270.1085205078125,453.38262939453125,1343.5740966796875,497.2443542480469
730,29.2,18,2,car,0.7027410864830017,630.9354553222656,440.204345703125,531.2955932617188,378.6302795410156,730.5753173828125,501.7784118652344
730,29.2,10,2,car,0.6332301497459412,992.3501281738281,467.3549041748047,911.0552368164062,421.2534484863281,1073.64501953125,513.4563598632812
730,29.2,12,2,car,0.5577389597892761,1182.7197265625,460.50657653808594,1119.130126953125,408.7788391113281,1246.309326171875,512.2343139648438
730,29.2,9,2,car,0.557607114315033,1463.3331909179688,478.032470703125,1395.433837890625,427.35272216796875,1531.2325439453125,528.7122192382812
730,29.2,15,2,car,0.4269631803035736,1307.5158081054688,475.01861572265625,1270.991943359375,452.72918701171875,1344.0396728515625,497.30804443359375
731,29.24,18,2,car,0.6428461670875549,634.9114990234375,439.5841369628906,537.8621215820312,377.8114013671875,731.9608764648438,501.35687255859375
731,29.24,9,2,car,0.6299203038215637,1463.2977905273438,477.1381530761719,1395.04248046875,426.3585205078125,1531.5531005859375,527.9177856445312
731,29.24,12,2,car,0.5789237022399902,1185.9321899414062,460.39447021484375,1124.051513671875,408.576904296875,1247.8128662109375,512.2120361328125
731,29.24,10,2,car,0.5668039917945862,995.6956176757812,462.3868865966797,910.775634765625,411.1690979003906,1080.6156005859375,513.6046752929688
731,29.24,15,2,car,0.42886754870414734,1307.7449340820312,475.9197692871094,1271.4466552734375,453.749267578125,1344.043212890625,498.09027099609375
731,29.24,21,7,truck,0.3831577003002167,142.4927520751953,321.40452575683594,0.458953857421875,144.79476928710938,284.52655029296875,498.0142822265625
732,29.28,10,2,car,0.6280955076217651,998.2256469726562,460.8467712402344,915.2215576171875,407.94171142578125,1081.229736328125,513.7518310546875
732,29.28,18,2,car,0.6239239573478699,637.6815185546875,439.86053466796875,540.3212280273438,378.533203125,735.0418090820312,501.1878662109375
732,29.28,9,2,car,0.6064703464508057,1463.0958862304688,477.5720672607422,1395.0506591796875,426.4549255371094,1531.14111328125,528.689208984375
732,29.28,12,2,car,0.5704807043075562,1184.9342651367188,460.80516052246094,1121.9447021484375,408.6070251464844,1247.923828125,513.0032958984375
732,29.28,15,2,car,0.44583451747894287,1308.4971313476562,477.1472625732422,1272.4676513671875,454.15301513671875,1344.526611328125,500.1415100097656
732,29.28,21,7,truck,0.3727573752403259,202.5911636352539,316.9721145629883,1.0855865478515625,133.95506286621094,404.09674072265625,499.9891662597656
733,29.32,18,2,car,0.6129702925682068,637.8521728515625,439.7389831542969,546.1242065429688,378.4819641113281,729.5801391601562,500.9960021972656
733,29.32,10,2,car,0.6043585538864136,997.0839538574219,469.4799041748047,918.6681518554688,425.2837829589844,1075.499755859375,513.676025390625
733,29.32,12,2,car,0.5851134061813354,1185.7845458984375,461.13233947753906,1123.8824462890625,409.1501770019531,1247.6866455078125,513.114501953125
733,29.32,9,2,car,0.5236971974372864,1463.4896240234375,477.7582244873047,1395.22314453125,426.9309997558594,1531.756103515625,528.58544921875
733,29.32,15,2,car,0.47988221049308777,1308.0928344726562,477.07786560058594,1272.1973876953125,453.78094482421875,1343.98828125,500.3747863769531
733,29.32,21,7,truck,0.45305269956588745,195.7482147216797,312.6758804321289,0.747161865234375,129.65184020996094,390.749267578125,495.6999206542969
734,29.36,10,2,car,0.6124743819236755,998.5895080566406,470.08526611328125,921.0846557617188,426.10504150390625,1076.0943603515625,514.0654907226562
734,29.36,9,2,car,0.5942477583885193,1464.4232788085938,477.0425720214844,1396.25146484375,426.55078125,1532.5950927734375,527.5343627929688
734,29.36,12,2,car,0.5172242522239685,1185.2869262695312,460.8660125732422,1124.0614013671875,409.0174255371094,1246.512451171875,512.714599609375
734,29.36,15,2,car,0.44603410363197327,1307.3864135742188,475.3875274658203,1273.27734375,452.91650390625,1341.4954833984375,497.8585510253906
734,29.36,18,2,car,0.39855945110321045,637.8899230957031,441.0118103027344,550.8804931640625,380.38970947265625,724.8993530273438,501.6339111328125
735,29.4,9,2,car,0.638980507850647,1464.0887451171875,477.67718505859375,1395.2352294921875,428.44366455078125,1532.9422607421875,526.9107055664062
735,29.4,10,2,car,0.5508476495742798,1000.7215270996094,467.3769836425781,918.9219360351562,421.1795654296875,1082.5211181640625,513.5744018554688
735,29.4,12,2,car,0.5088618993759155,1184.940673828125,461.3254852294922,1123.44873046875,409.7828063964844,1246.4326171875,512.8681640625
735,29.4,18,2,car,0.474276065826416,642.3818054199219,439.0769348144531,551.5061645507812,377.3822021484375,733.2574462890625,500.77166748046875
735,29.4,15,2,car,0.42864200472831726,1307.7172241210938,475.35406494140625,1273.212646484375,452.96502685546875,1342.2218017578125,497.74310302734375
736,29.44,9,2,car,0.6364841461181641,1463.120849609375,476.89231872558594,1395.4110107421875,426.8352355957031,1530.8306884765625,526.9494018554688
736,29.44,21,7,truck,0.6124104261398315,218.27394104003906,321.32720947265625,1.001953125,138.730224609375,435.5459289550781,503.9241943359375
736,29.44,18,2,car,0.49484971165657043,642.7461853027344,440.0580139160156,554.5571899414062,378.58154296875,730.9351806640625,501.53448486328125
736,29.44,15,2,car,0.44822606444358826,1308.1494140625,475.7779541015625,1274.1309814453125,453.7497253417969,1342.1678466796875,497.8061828613281
736,29.44,10,2,car,0.42700088024139404,1013.7133483886719,470.5364074707031,923.5281372070312,426.10028076171875,1103.8985595703125,514.9725341796875
736,29.44,12,2,car,0.4165276288986206,1186.9105834960938,461.5500946044922,1127.3277587890625,409.8923034667969,1246.493408203125,513.2078857421875
737,29.48,21,7,truck,0.6656164526939392,217.98790740966797,317.7397155761719,0.8495635986328125,134.44546508789062,435.1262512207031,501.0339660644531
737,29.48,9,2,car,0.6257476806640625,1464.0830688476562,477.988037109375,1396.851318359375,429.31256103515625,1531.3148193359375,526.6635131835938
737,29.48,18,2,car,0.5505006909370422,643.5867004394531,440.3719482421875,557.3973999023438,379.30499267578125,729.7760009765625,501.43890380859375
737,29.48,12,2,car,0.516003429889679,1188.9550170898438,461.03611755371094,1130.5343017578125,409.3343811035156,1247.375732421875,512.7378540039062
737,29.48,10,2,car,0.4501732587814331,1014.0413818359375,471.9509582519531,924.83203125,428.9036865234375,1103.250732421875,514.9982299804688
737,29.48,15,2,car,0.4433923065662384,1307.7364501953125,475.54119873046875,1273.9710693359375,453.5277099609375,1341.5018310546875,497.5546875
738,29.52,21,7,truck,0.7600154280662537,220.33749389648438,316.78755950927734,0.752838134765625,130.82728576660156,439.9221496582031,502.7478332519531
738,29.52,9,2,car,0.6671863198280334,1463.2968139648438,477.91664123535156,1395.2216796875,428.2502136230469,1531.3719482421875,527.5830688476562
738,29.52,12,2,car,0.5662592649459839,1189.50244140625,460.6247863769531,1130.0462646484375,409.35443115234375,1248.9586181640625,511.8951416015625
738,29.52,18,2,car,0.5197450518608093,646.190185546875,440.97023010253906,558.5121459960938,380.36163330078125,733.8682250976562,501.5788269042969
738,29.52,10,2,car,0.4938579499721527,1000.6268920898438,469.85337829589844,924.119384765625,425.8467712402344,1077.1343994140625,513.8599853515625
738,29.52,15,2,car,0.440127432346344,1307.34521484375,475.20538330078125,1273.0960693359375,452.9761047363281,1341.5943603515625,497.4346618652344
739,29.56,21,7,truck,0.6231207251548767,218.46334075927734,317.3960266113281,0.9097137451171875,133.55667114257812,436.0169677734375,501.2353820800781
739,29.56,9,2,car,0.6224297881126404,1464.8040771484375,477.57765197753906,1398.232666015625,428.0570983886719,1531.37548828125,527.0982055664062
739,29.56,12,2,car,0.57242751121521,1190.3794555664062,460.2078552246094,1131.2171630859375,409.04534912109375,1249.541748046875,511.370361328125
739,29.56,10,2,car,0.46931806206703186,1002.8728637695312,470.06019592285156,926.7930908203125,426.0972595214844,1078.95263671875,514.0231323242188
739,29.56,15,2,car,0.45239463448524475,1308.1008911132812,475.13963317871094,1274.203857421875,453.0135803222656,1341.9979248046875,497.26568603515625
739,29.56,18,2,car,0.41652992367744446,650.6394348144531,441.53240966796875,562.9638671875,380.16259765625,738.3150024414062,502.9022216796875
740,29.6,21,7,truck,0.6557748913764954,220.22449493408203,322.02296447753906,0.8811492919921875,141.6060791015625,439.5678405761719,502.4398498535156
740,29.6,12,2,car,0.6062673926353455,1188.8458251953125,460.50758361816406,1127.3355712890625,409.0250549316406,1250.3560791015625,511.9901123046875
740,29.6,10,2,car,0.5811092853546143,1004.8503723144531,470.85707092285156,924.6110229492188,427.7994689941406,1085.0897216796875,513.9146728515625
740,29.6,9,2,car,0.545024573802948,1464.7648315429688,478.95436096191406,1397.991943359375,430.7234802246094,1531.5377197265625,527.1852416992188
740,29.6,15,2,car,0.5144592523574829,1307.0509643554688,475.7082824707031,1272.4515380859375,453.6280517578125,1341.650390625,497.78851318359375
740,29.6,18,2,car,0.43140995502471924,651.8095703125,442.1685791015625,564.4065551757812,381.1929931640625,739.2125854492188,503.1441650390625
741,29.64,12,2,car,0.6167503595352173,1187.3045654296875,460.9799346923828,1123.8720703125,409.0776062011719,1250.737060546875,512.8822631835938
741,29.64,9,2,car,0.5883243083953857,1465.166015625,478.3251190185547,1399.05322265625,429.4199523925781,1531.27880859375,527.2302856445312
741,29.64,18,2,car,0.5776285529136658,656.8576965332031,442.66351318359375,565.2996215820312,381.620361328125,748.415771484375,503.7066650390625
741,29.64,10,2,car,0.5298658609390259,1014.4691772460938,472.04966735839844,924.232421875,429.5912780761719,1104.7059326171875,514.508056640625
741,29.64,15,2,car,0.46371951699256897,1306.4596557617188,475.60601806640625,1271.90478515625,453.6094665527344,1341.0145263671875,497.6025695800781
742,29.68,9,2,car,0.5760245323181152,1465.9173583984375,478.52362060546875,1400.311279296875,429.8056640625,1531.5234375,527.2415771484375
742,29.68,12,2,car,0.5749742984771729,1188.8547973632812,461.07000732421875,1126.757080078125,408.840087890625,1250.9525146484375,513.2999267578125
742,29.68,18,2,car,0.5597026348114014,656.3532409667969,442.8014831542969,567.0850219726562,381.768310546875,745.6214599609375,503.83465576171875
742,29.68,10,2,car,0.5332863926887512,1017.9097595214844,472.7026062011719,929.7702026367188,430.58349609375,1106.04931640625,514.8217163085938
742,29.68,15,2,car,0.4345458149909973,1306.7098388671875,475.6109161376953,1272.7364501953125,453.9095764160156,1340.6832275390625,497.312255859375
743,29.72,12,2,car,0.5820132493972778,1188.8743286132812,461.38177490234375,1126.76953125,408.69891357421875,1250.9791259765625,514.0646362304688
743,29.72,9,2,car,0.5560198426246643,1466.0712890625,478.33921813964844,1400.575927734375,429.1723937988281,1531.566650390625,527.5060424804688
743,29.72,18,2,car,0.5331965684890747,659.8650207519531,443.0240020751953,571.6168823242188,382.3508605957031,748.1131591796875,503.6971435546875
743,29.72,10,2,car,0.5226610898971558,1018.0160827636719,471.61279296875,927.0696411132812,428.5814208984375,1108.9625244140625,514.6441650390625
743,29.72,15,2,car,0.41752710938453674,1306.706298828125,475.5937042236328,1272.5302734375,453.90966796875,1340.88232421875,497.2777404785156
743,29.72,21,7,truck,0.4041382074356079,215.1686782836914,321.2566375732422,1.1256866455078125,143.60202026367188,429.211669921875,498.9112548828125
744,29.76,10,2,car,0.48937878012657166,1018.9396362304688,472.3369445800781,929.3214111328125,430.339599609375,1108.557861328125,514.3342895507812
744,29.76,12,2,car,0.48114293813705444,1192.3604736328125,462.00494384765625,1132.089111328125,409.2667236328125,1252.6318359375,514.7431640625
744,29.76,9,2,car,0.46712300181388855,1466.1847534179688,479.240966796875,1401.0166015625,431.698974609375,1531.3529052734375,526.782958984375
744,29.76,15,2,car,0.43724238872528076,1307.8054809570312,475.66278076171875,1273.14306640625,452.8211975097656,1342.4678955078125,498.5043640136719
744,29.76,18,2,car,0.4339102804660797,658.8753967285156,456.22576904296875,574.841552734375,409.7568054199219,742.9092407226562,502.6947326660156
745,29.8,18,2,car,0.6652843356132507,673.8038330078125,442.81585693359375,576.02880859375,382.45513916015625,771.578857421875,503.17657470703125
745,29.8,10,2,car,0.610649824142456,1022.4180908203125,471.2332458496094,930.8704833984375,428.06298828125,1113.9656982421875,514.4035034179688
745,29.8,12,2,car,0.5552643537521362,1193.049072265625,461.4556121826172,1133.336181640625,409.2087707519531,1252.761962890625,513.7024536132812
745,29.8,9,2,car,0.5102956295013428,1466.09375,478.06300354003906,1400.4295654296875,429.9685363769531,1531.7579345703125,526.157470703125
745,29.8,15,2,car,0.40523090958595276,1307.7473754882812,475.36871337890625,1273.6378173828125,452.8589172363281,1341.85693359375,497.8785095214844
745,29.8,21,7,truck,0.3941393494606018,218.59268188476562,320.4961700439453,0.865447998046875,141.52215576171875,436.3199157714844,499.4701843261719
746,29.84,18,2,car,0.5874359011650085,665.3387756347656,442.2613067626953,579.476806640625,382.6483459472656,751.2007446289062,501.874267578125
746,29.84,10,2,car,0.5668008327484131,1021.3591918945312,471.0599670410156,929.042724609375,427.68585205078125,1113.6756591796875,514.43408203125
746,29.84,12,2,car,0.5527925491333008,1193.8463134765625,462.18162536621094,1135.212646484375,409.9276428222656,1252.47998046875,514.4356079101562
746,29.84,9,2,car,0.5155329704284668,1467.7113647460938,482.077880859375,1404.0216064453125,437.27838134765625,1531.401123046875,526.8773803710938
746,29.84,21,7,truck,0.36461448669433594,218.00807189941406,334.1369400024414,1.3143310546875,169.46580505371094,434.7018127441406,498.8080749511719
747,29.88,10,2,car,0.5667089819908142,1017.0321960449219,468.1806335449219,931.7051391601562,421.560791015625,1102.3592529296875,514.8004760742188
747,29.88,12,2,car,0.5581614971160889,1193.6187133789062,462.18218994140625,1133.9049072265625,409.87408447265625,1253.33251953125,514.4902954101562
747,29.88,9,2,car,0.5150636434555054,1468.8363647460938,488.4024200439453,1405.5556640625,450.1440124511719,1532.1170654296875,526.6608276367188
747,29.88,18,2,car,0.4602009952068329,665.9691467285156,442.550537109375,582.772705078125,384.0614318847656,749.1655883789062,501.0396423339844
748,29.92,10,2,car,0.5796429514884949,1015.8980712890625,469.34666442871094,930.5203857421875,423.5592346191406,1101.2757568359375,515.1340942382812
748,29.92,18,2,car,0.44696110486984253,669.5503845214844,441.98455810546875,586.028564453125,383.0086669921875,753.0722045898438,500.96044921875
748,29.92,12,2,car,0.4234885275363922,1192.3969116210938,462.29286193847656,1132.52490234375,409.8783874511719,1252.2689208984375,514.7073364257812
748,29.92,9,2,car,0.3717358410358429,1469.1576538085938,491.0721435546875,1407.6058349609375,453.72064208984375,1530.70947265625,528.4236450195312
749,29.96,10,2,car,0.505490243434906,1016.9397888183594,469.575927734375,934.6491088867188,424.21429443359375,1099.23046875,514.9375610351562
749,29.96,18,2,car,0.4766172170639038,672.2792053222656,441.8101806640625,588.0357666015625,383.1403503417969,756.5226440429688,500.4800109863281
749,29.96,21,7,truck,0.47240227460861206,231.3525161743164,346.52388763427734,0.9838714599609375,191.8505401611328,461.7211608886719,501.1972351074219
749,29.96,12,2,car,0.44991636276245117,1193.1470947265625,462.4889678955078,1134.0205078125,410.4009704589844,1252.273681640625,514.5769653320312
749,29.96,15,2,car,0.418219655752182,1315.0657958984375,471.7515563964844,1272.884521484375,444.7474365234375,1357.2470703125,498.75567626953125
749,29.96,9,2,car,0.39201536774635315,1467.6064453125,493.8476257324219,1408.1868896484375,459.4185791015625,1527.0260009765625,528.2766723632812
750,30.0,18,2,car,0.6180158853530884,677.2076721191406,441.7906494140625,589.5859375,383.8479309082031,764.8294067382812,499.7333679199219
750,30.0,10,2,car,0.5320466160774231,1020.2866516113281,469.693359375,936.8527221679688,425.08740234375,1103.7205810546875,514.29931640625
750,30.0,15,2,car,0.4571605324745178,1314.4031372070312,471.99412536621094,1272.44580078125,445.15045166015625,1356.3604736328125,498.8377990722656
750,30.0,12,2,car,0.444212943315506,1192.9888305664062,462.8281707763672,1133.27734375,411.5204772949219,1252.7003173828125,514.1358642578125
750,30.0,21,7,truck,0.4374573528766632,236.38299560546875,326.97430419921875,1.26123046875,151.93865966796875,471.5047607421875,502.00994873046875
750,30.0,9,2,car,0.40493518114089966,1466.3323364257812,480.45799255371094,1402.77001953125,434.4222106933594,1529.8946533203125,526.4937744140625
751,30.04,21,7,truck,0.7499212026596069,237.30329132080078,324.99320220947266,0.8669586181640625,147.14405822753906,473.7396240234375,502.84234619140625
751,30.04,10,2,car,0.6336787343025208,1022.14306640625,469.49696350097656,937.185791015625,424.7555236816406,1107.100341796875,514.2384033203125
751,30.04,18,2,car,0.5230525732040405,680.4882202148438,443.4719696044922,593.8057250976562,387.5204772949219,767.1707153320312,499.4234619140625
751,30.04,15,2,car,0.5055796504020691,1314.24658203125,471.7525939941406,1272.124755859375,444.44598388671875,1356.368408203125,499.0592041015625
751,30.04,9,2,car,0.4984976649284363,1464.66015625,480.1033630371094,1401.1251220703125,434.13446044921875,1528.1951904296875,526.072265625
751,30.04,12,2,car,0.47592389583587646,1192.9077758789062,462.8083953857422,1132.28759765625,411.1319274902344,1253.5279541015625,514.48486328125
752,30.08,10,2,car,0.6306266188621521,1023.4132385253906,470.56373596191406,937.0265502929688,426.7663879394531,1109.7999267578125,514.361083984375
752,30.08,21,7,truck,0.6219098567962646,239.86880493164062,325.3916015625,1.098358154296875,148.42721557617188,478.6392517089844,502.3559875488281
752,30.08,18,2,car,0.6128184795379639,680.65380859375,442.72169494628906,596.3672485351562,385.7915954589844,764.9403686523438,499.65179443359375
752,30.08,15,2,car,0.5486427545547485,1320.4502563476562,471.1698303222656,1270.885986328125,442.8626403808594,1370.0145263671875,499.4770202636719
752,30.08,9,2,car,0.4704253077507019,1464.3988037109375,480.0328369140625,1401.1849365234375,434.5496826171875,1527.6126708984375,525.5159912109375
752,30.08,12,2,car,0.42602813243865967,1193.9186401367188,462.84913635253906,1133.7646484375,411.4845886230469,1254.0726318359375,514.2136840820312
752,30.08,23,2,car,0.42529335618019104,785.7923278808594,471.22251892089844,727.3400268554688,426.9064636230469,844.24462890625,515.53857421875
753,30.12,10,2,car,0.6753928661346436,1024.296875,470.0410919189453,939.3470458984375,426.2591247558594,1109.2467041015625,513.8230590820312
753,30.12,18,2,car,0.5214235782623291,683.619140625,442.4418029785156,598.3441772460938,384.7370300292969,768.8941040039062,500.1465759277344
753,30.12,9,2,car,0.5199292302131653,1463.1648559570312,480.44798278808594,1398.4541015625,435.1950378417969,1527.8756103515625,525.700927734375
753,30.12,15,2,car,0.4997223913669586,1318.2540283203125,471.5371398925781,1269.1363525390625,443.21136474609375,1367.3717041015625,499.8629150390625
753,30.12,12,2,car,0.49599015712738037,1194.4221801757812,462.5101318359375,1134.8328857421875,411.34735107421875,1254.011474609375,513.6729125976562
753,30.12,21,7,truck,0.4369722902774811,241.17278289794922,328.4305114746094,1.4517974853515625,152.44427490234375,480.8937683105469,504.416748046875
754,30.16,10,2,car,0.674573540687561,1023.7168273925781,469.95062255859375,940.8638305664062,426.22174072265625,1106.56982421875,513.6795043945312
754,30.16,18,2,car,0.5338608026504517,688.7703552246094,442.75927734375,601.3635864257812,384.4534606933594,776.1771240234375,501.0650939941406
754,30.16,15,2,car,0.4870389997959137,1316.545654296875,471.68865966796875,1269.6973876953125,442.96435546875,1363.3939208984375,500.4129638671875
754,30.16,9,2,car,0.46847108006477356,1464.1044921875,478.6410675048828,1399.743896484375,432.0092468261719,1528.465087890625,525.2728881835938
754,30.16,12,2,car,0.4560156762599945,1194.7332763671875,463.1096954345703,1135.262451171875,411.5896911621094,1254.2041015625,514.6296997070312
755,30.2,10,2,car,0.7202157378196716,1022.8963623046875,472.0895538330078,942.3116455078125,429.1659240722656,1103.4810791015625,515.01318359375
755,30.2,21,7,truck,0.5806163549423218,241.76476287841797,338.8775863647461,1.0199432373046875,172.2217254638672,482.50958251953125,505.533447265625
755,30.2,9,2,car,0.542305588722229,1463.6062622070312,480.24745178222656,1399.4422607421875,434.7488708496094,1527.770263671875,525.7460327148438
755,30.2,18,2,car,0.5300120115280151,691.7844543457031,444.4669189453125,604.9963989257812,387.0826721191406,778.572509765625,501.8511657714844
755,30.2,15,2,car,0.4430365264415741,1316.1970825195312,472.62181091308594,1277.3323974609375,444.3695068359375,1355.061767578125,500.8741149902344
755,30.2,12,2,car,0.42094558477401733,1197.5787353515625,463.47454833984375,1141.285888671875,413.4605712890625,1253.87158203125,513.488525390625
756,30.24,10,2,car,0.728621780872345,1021.8578796386719,469.92433166503906,942.0386352539062,425.7353210449219,1101.6771240234375,514.1133422851562
756,30.24,9,2,car,0.5944071412086487,1463.3268432617188,479.1061706542969,1399.2001953125,432.75146484375,1527.4534912109375,525.4608764648438
756,30.24,18,2,car,0.5909374952316284,690.5437927246094,444.29644775390625,604.7152099609375,387.11041259765625,776.3723754882812,501.48248291015625
756,30.24,15,2,car,0.4690283238887787,1311.8248291015625,473.70391845703125,1275.3875732421875,448.6702880859375,1348.2620849609375,498.737548828125
756,30.24,12,2,car,0.4238443672657013,1196.1572875976562,463.7743682861328,1137.3505859375,413.1609191894531,1254.9639892578125,514.3878173828125
757,30.28,10,2,car,0.6799007058143616,1024.9943542480469,465.15380859375,943.2733764648438,417.12652587890625,1106.71533203125,513.1810913085938
757,30.28,18,2,car,0.6602258086204529,692.4179992675781,445.28553771972656,612.94775390625,388.3371276855469,771.8882446289062,502.23394775390625
757,30.28,9,2,car,0.5968640446662903,1463.6290893554688,478.81565856933594,1399.7054443359375,431.7301330566406,1527.552734375,525.9011840820312
757,30.28,15,2,car,0.5023720264434814,1310.9197998046875,472.25921630859375,1270.959228515625,444.74560546875,1350.88037109375,499.7728271484375
757,30.28,12,2,car,0.4951154291629791,1196.2823486328125,463.7582244873047,1136.859130859375,414.0854187011719,1255.70556640625,513.4310302734375
758,30.32,18,2,car,0.6685582399368286,693.0323791503906,445.0473937988281,617.880859375,388.889404296875,768.1838989257812,501.20538330078125
758,30.32,10,2,car,0.5991923809051514,1023.0759582519531,469.59913635253906,944.3142700195312,426.6946105957031,1101.837646484375,512.503662109375
758,30.32,9,2,car,0.5251011848449707,1465.422607421875,480.70697021484375,1401.960205078125,436.8416748046875,1528.885009765625,524.572265625
758,30.32,15,2,car,0.4509004056453705,1308.6878662109375,472.9168701171875,1272.23193359375,448.4766845703125,1345.143798828125,497.3570556640625
758,30.32,12,2,car,0.4093247056007385,1198.886474609375,463.41200256347656,1142.0172119140625,414.2357482910156,1255.7557373046875,512.5882568359375
759,30.36,18,2,car,0.6684776544570923,693.9388732910156,443.98114013671875,616.9764404296875,386.9356384277344,770.9013061523438,501.0266418457031
759,30.36,10,2,car,0.5797463655471802,1023.2972412109375,469.7882537841797,946.7406005859375,427.2285461425781,1099.8538818359375,512.3479614257812
759,30.36,9,2,car,0.522051990032196,1466.3602294921875,481.6704559326172,1403.764892578125,438.6175231933594,1528.95556640625,524.723388671875
759,30.36,15,2,car,0.48351767659187317,1309.4076538085938,472.18487548828125,1273.4349365234375,447.6328125,1345.38037109375,496.7369384765625
759,30.36,12,2,car,0.41656485199928284,1197.8906860351562,463.6734924316406,1140.1934814453125,414.4365234375,1255.587890625,512.9104614257812
759,30.36,21,7,truck,0.3983079195022583,186.79632186889648,354.74354553222656,1.1055221557617188,207.14813232421875,372.48712158203125,502.3389587402344
760,30.4,18,2,car,0.6195192337036133,695.0650634765625,446.1572570800781,617.9965209960938,391.2506103515625,772.1336059570312,501.06390380859375
760,30.4,10,2,car,0.6191855669021606,1027.4024047851562,468.5508575439453,948.33984375,424.1904602050781,1106.4649658203125,512.9112548828125
760,30.4,15,2,car,0.49902570247650146,1309.951904296875,471.885498046875,1269.769775390625,444.30487060546875,1350.134033203125,499.46612548828125
760,30.4,9,2,car,0.4686550199985504,1465.3419189453125,479.5755615234375,1402.9298095703125,434.15826416015625,1527.7540283203125,524.9928588867188
760,30.4,21,7,truck,0.44247040152549744,245.60785675048828,331.6199264526367,0.9716033935546875,155.46949768066406,490.2441101074219,507.7703552246094
760,30.4,12,2,car,0.41546058654785156,1199.01416015625,464.0094909667969,1142.3909912109375,414.274658203125,1255.6373291015625,513.7443237304688
761,30.44,18,2,car,0.6093475818634033,695.7396240234375,447.28289794921875,614.9227294921875,391.70672607421875,776.5565185546875,502.85906982421875
761,30.44,15,2,car,0.4787499010562897,1308.8713989257812,472.6661682128906,1269.2669677734375,445.7016906738281,1348.475830078125,499.6306457519531
761,30.44,10,2,car,0.45920583605766296,1029.8190307617188,468.2237548828125,951.0260009765625,423.7386474609375,1108.612060546875,512.7088623046875
761,30.44,9,2,car,0.4585801661014557,1466.1449584960938,478.234130859375,1404.4166259765625,432.40081787109375,1527.873291015625,524.0674438476562
761,30.44,12,2,car,0.37909936904907227,1197.6527709960938,463.82916259765625,1140.803466796875,414.2227783203125,1254.5020751953125,513.435546875
762,30.48,18,2,car,0.5477443933486938,693.6749267578125,452.2914123535156,617.8082885742188,402.7428894042969,769.5415649414062,501.8399353027344
762,30.48,10,2,car,0.4939994215965271,1032.3711547851562,467.3810119628906,950.87841796875,421.37567138671875,1113.8638916015625,513.3863525390625
762,30.48,12,2,car,0.45398709177970886,1197.0479736328125,464.1112823486328,1139.392822265625,414.5691833496094,1254.703125,513.6533813476562
762,30.48,15,2,car,0.4334157705307007,1310.9412231445312,471.6080017089844,1276.6314697265625,446.7768859863281,1345.2509765625,496.4391174316406
763,30.52,18,2,car,0.6261049509048462,699.5051879882812,447.150146484375,618.823974609375,392.8785095214844,780.1864013671875,501.4217834472656
763,30.52,10,2,car,0.5343233942985535,1029.5526123046875,469.89129638671875,950.9322509765625,426.79669189453125,1108.1729736328125,512.9859008789062
763,30.52,9,2,car,0.516096293926239,1467.1854858398438,478.1495361328125,1405.219482421875,431.24322509765625,1529.1514892578125,525.0558471679688
763,30.52,12,2,car,0.4883476793766022,1196.9705200195312,464.2371063232422,1137.5115966796875,415.0437316894531,1256.429443359375,513.4304809570312
763,30.52,15,2,car,0.4625232219696045,1309.8319702148438,472.04168701171875,1273.7596435546875,445.81402587890625,1345.904296875,498.26934814453125
763,30.52,21,7,truck,0.41769149899482727,195.18722534179688,359.7197570800781,1.108612060546875,217.48187255859375,389.2658386230469,501.9576416015625
764,30.56,18,2,car,0.5839653015136719,696.9602966308594,458.8274230957031,622.3665161132812,415.73291015625,771.5540771484375,501.92193603515625
764,30.56,10,2,car,0.5633769035339355,1032.8545837402344,467.3843994140625,954.5640258789062,421.92425537109375,1111.1451416015625,512.8445434570312
764,30.56,9,2,car,0.5621773600578308,1467.655517578125,477.82850646972656,1405.3092041015625,431.4161682128906,1530.0018310546875,524.2408447265625
764,30.56,15,2,car,0.4601048529148102,1309.9107055664062,471.7103576660156,1274.482177734375,445.3710021972656,1345.3392333984375,498.0497131347656
764,30.56,12,2,car,0.46000415086746216,1197.7001342773438,463.6648712158203,1139.0318603515625,414.8006286621094,1256.368408203125,512.5291137695312
764,30.56,21,7,truck,0.4153718948364258,201.29283142089844,332.2643508911133,1.428863525390625,162.91099548339844,401.15679931640625,501.6177062988281
765,30.6,18,2,car,0.6109251976013184,704.8883666992188,453.13970947265625,624.6431274414062,403.5065002441406,785.1336059570312,502.7729187011719
765,30.6,10,2,car,0.5688464045524597,1029.797607421875,468.1424560546875,955.341064453125,423.7840576171875,1104.254150390625,512.5008544921875
765,30.6,9,2,car,0.5628905296325684,1467.7998046875,478.2079620361328,1405.188720703125,431.6228332519531,1530.410888671875,524.7930908203125
765,30.6,12,2,car,0.5297467112541199,1198.2571411132812,463.5340576171875,1139.9107666015625,414.13641357421875,1256.603515625,512.9317016601562
765,30.6,15,2,car,0.49339133501052856,1312.4279174804688,472.11534118652344,1273.943603515625,444.4472351074219,1350.9122314453125,499.783447265625
766,30.64,10,2,car,0.6508575677871704,1031.666015625,468.74700927734375,955.9625244140625,424.43896484375,1107.3695068359375,513.0550537109375
766,30.64,9,2,car,0.5844410061836243,1466.7904663085938,479.7664489746094,1404.5911865234375,435.32208251953125,1528.98974609375,524.2108154296875
766,30.64,18,2,car,0.5585485100746155,714.7233276367188,445.9277801513672,626.4573364257812,389.5389404296875,802.9893188476562,502.3166198730469
766,30.64,12,2,car,0.5225166082382202,1198.7910766601562,462.75709533691406,1140.6937255859375,413.3028259277344,1256.888427734375,512.2113647460938
766,30.64,15,2,car,0.47044435143470764,1311.9248046875,472.8257751464844,1271.675048828125,445.6388244628906,1352.174560546875,500.0127258300781
767,30.68,9,2,car,0.6214457154273987,1466.6911010742188,479.0594787597656,1404.01025390625,433.89752197265625,1529.3719482421875,524.221435546875
767,30.68,10,2,car,0.5454451441764832,1034.2434692382812,468.85472106933594,957.557373046875,423.6724548339844,1110.9295654296875,514.0369873046875
767,30.68,18,2,car,0.46020784974098206,710.3150024414062,448.4700622558594,629.5870971679688,395.1192626953125,791.0429077148438,501.82086181640625
767,30.68,15,2,car,0.450530469417572,1310.3775634765625,472.49559020996094,1275.0675048828125,446.10784912109375,1345.6876220703125,498.8833312988281
767,30.68,12,2,car,0.43447422981262207,1199.852294921875,463.87493896484375,1142.811279296875,414.76116943359375,1256.893310546875,512.9887084960938
767,30.68,21,7,truck,0.3685067892074585,200.1178436279297,336.11817169189453,0.34661865234375,170.4778289794922,399.8890686035156,501.7585144042969
768,30.72,18,2,car,0.6147369742393494,716.5301513671875,448.10028076171875,634.010009765625,394.0440673828125,799.05029296875,502.156494140625
768,30.72,9,2,car,0.6062019467353821,1466.6994018554688,479.7129821777344,1403.7958984375,435.579345703125,1529.6029052734375,523.8466186523438
768,30.72,10,2,car,0.5601352453231812,1029.4518737792969,469.3718566894531,957.0569458007812,425.842529296875,1101.8468017578125,512.9011840820312
768,30.72,15,2,car,0.47213301062583923,1312.1627197265625,473.615478515625,1274.6898193359375,446.90643310546875,1349.6356201171875,500.32452392578125
768,30.72,12,2,car,0.46385473012924194,1199.5358276367188,464.1722717285156,1143.0443115234375,414.8594970703125,1256.02734375,513.4850463867188
769,30.76,18,2,car,0.7123903036117554,719.6003723144531,447.52427673339844,635.6442260742188,393.0301208496094,803.5565185546875,502.0184326171875
769,30.76,10,2,car,0.6429656147956848,1034.7084655761719,466.86976623535156,954.6641235351562,419.6338195800781,1114.7528076171875,514.105712890625
769,30.76,9,2,car,0.6418435573577881,1467.817138671875,479.72589111328125,1404.74169921875,435.44952392578125,1530.892578125,524.0022583007812
769,30.76,12,2,car,0.5640905499458313,1198.7117309570312,464.28147888183594,1140.015869140625,414.4643859863281,1257.4075927734375,514.0985717773438
769,30.76,15,2,car,0.4947580099105835,1311.3345336914062,471.52354431152344,1272.601318359375,443.27508544921875,1350.0677490234375,499.7720031738281
769,30.76,21,7,truck,0.45308294892311096,259.29622650146484,336.9075164794922,2.3055267333984375,168.44210815429688,516.2869262695312,505.3729248046875
770,30.8,18,2,car,0.6658803820610046,720.8824157714844,455.0621795654297,638.3095703125,407.0120544433594,803.4552612304688,503.1123046875
770,30.8,10,2,car,0.6522212028503418,1038.136962890625,468.9241027832031,955.751220703125,423.33795166015625,1120.522705078125,514.51025390625
770,30.8,9,2,car,0.6453735828399658,1467.1260375976562,478.20030212402344,1403.8692626953125,431.3617858886719,1530.3828125,525.038818359375
770,30.8,12,2,car,0.551629364490509,1197.2012329101562,464.05674743652344,1138.5794677734375,414.8461608886719,1255.822998046875,513.267333984375
770,30.8,15,2,car,0.5232000350952148,1313.7666015625,470.87860107421875,1274.1268310546875,442.2177429199219,1353.4063720703125,499.5394592285156
770,30.8,21,7,truck,0.46530231833457947,260.27196502685547,333.76830291748047,1.5610198974609375,160.7068634033203,518.98291015625,506.8297424316406
771,30.84,9,2,car,0.7109442353248596,1467.1124267578125,477.7091522216797,1403.6978759765625,431.2878112792969,1530.5269775390625,524.1304931640625
771,30.84,10,2,car,0.6599575877189636,1034.32177734375,469.5949249267578,958.20263671875,425.8468322753906,1110.44091796875,513.343017578125
771,30.84,18,2,car,0.6457639336585999,720.8410034179688,452.6250457763672,637.7030639648438,402.26678466796875,803.9789428710938,502.9833068847656
771,30.84,12,2,car,0.542934000492096,1197.6049194335938,464.3736267089844,1139.6627197265625,415.2235107421875,1255.547119140625,513.5237426757812
771,30.84,15,2,car,0.5095441341400146,1315.5188598632812,473.44541931152344,1268.495361328125,441.90673828125,1362.5423583984375,504.9841003417969
771,30.84,21,7,truck,0.37626707553863525,258.7025375366211,340.8470764160156,1.2112884521484375,173.55853271484375,516.1937866210938,508.1356201171875
772,30.88,9,2,car,0.715013325214386,1466.7564086914062,477.3907470703125,1403.228515625,429.8734130859375,1530.2843017578125,524.9080810546875
772,30.88,10,2,car,0.6267557740211487,1038.295166015625,470.81166076660156,957.5760498046875,427.4382019042969,1119.0142822265625,514.1851196289062
772,30.88,18,2,car,0.6161897778511047,723.2196655273438,454.07537841796875,638.9564819335938,405.5316467285156,807.4828491210938,502.6191101074219
772,30.88,15,2,car,0.5222220420837402,1315.2281494140625,474.70237731933594,1269.3189697265625,444.6822814941406,1361.1373291015625,504.72247314453125
772,30.88,12,2,car,0.4863260090351105,1198.9845581054688,464.3368682861328,1142.593994140625,415.1679382324219,1255.3751220703125,513.5057983398438
772,30.88,21,7,truck,0.48079437017440796,261.19281005859375,336.8091506958008,0.88128662109375,161.1942901611328,521.5043334960938,512.4240112304688
773,30.92,21,7,truck,0.7504114508628845,262.5784454345703,334.08631134033203,1.723846435546875,161.36412048339844,523.4330444335938,506.8085021972656
773,30.92,9,2,car,0.7283561825752258,1466.399169921875,477.19725036621094,1403.251220703125,429.7986145019531,1529.547119140625,524.5958862304688
773,30.92,10,2,car,0.6604943871498108,1041.941162109375,471.23048400878906,960.904541015625,428.2863464355469,1122.977783203125,514.1746215820312
773,30.92,18,2,car,0.5710508823394775,723.5042419433594,449.9092712402344,640.4934692382812,396.9978332519531,806.5150146484375,502.8207092285156
773,30.92,12,2,car,0.5229392647743225,1200.5054321289062,463.9992370605469,1145.6649169921875,414.89337158203125,1255.345947265625,513.1051025390625
773,30.92,15,2,car,0.5185365080833435,1319.0269165039062,473.7286376953125,1272.7772216796875,442.6346740722656,1365.276611328125,504.8226013183594
774,30.96,21,7,truck,0.6830502152442932,263.1455764770508,335.2892532348633,1.7473297119140625,163.19041442871094,524.5438232421875,507.3880920410156
774,30.96,9,2,car,0.6644033789634705,1466.3246459960938,477.8727722167969,1402.2518310546875,430.61224365234375,1530.3974609375,525.13330078125
774,30.96,10,2,car,0.6298407316207886,1042.9390869140625,470.45021057128906,963.1365966796875,426.5439147949219,1122.7415771484375,514.3565063476562
774,30.96,18,2,car,0.5525074005126953,730.0087890625,448.0670471191406,643.7974243164062,391.93927001953125,816.2201538085938,504.19482421875
774,30.96,15,2,car,0.49585089087486267,1318.8843383789062,473.7772521972656,1271.5118408203125,441.3761901855469,1366.2568359375,506.1783142089844
774,30.96,12,2,car,0.4654027819633484,1202.0558471679688,464.4320983886719,1147.04052734375,414.8236083984375,1257.0711669921875,514.0405883789062
775,31.0,10,2,car,0.6787500977516174,1042.3836975097656,470.2489318847656,964.1961059570312,426.021728515625,1120.5712890625,514.4761352539062
775,31.0,9,2,car,0.6582490801811218,1466.178466796875,478.92478942871094,1401.5355224609375,430.6269836425781,1530.8214111328125,527.2225952148438
775,31.0,21,7,truck,0.5238340497016907,263.57357025146484,335.53770446777344,1.4211273193359375,165.43670654296875,525.7260131835938,505.6387023925781
775,31.0,18,2,car,0.5200918912887573,728.4537963867188,451.9892578125,649.6083984375,401.54425048828125,807.2991943359375,502.43426513671875
775,31.0,12,2,car,0.5100780725479126,1201.753173828125,464.2483367919922,1146.3802490234375,414.3409729003906,1257.1260986328125,514.1557006835938
775,31.0,15,2,car,0.5004303455352783,1313.3411865234375,475.5521697998047,1262.482177734375,443.74981689453125,1364.2001953125,507.3545227050781
776,31.04,9,2,car,0.6352563500404358,1467.3858642578125,477.3768310546875,1402.7669677734375,430.094970703125,1532.0047607421875,524.65869140625
776,31.04,10,2,car,0.618564248085022,1041.6088256835938,470.79344177246094,966.1951904296875,428.0067443847656,1117.0224609375,513.5801391601562
776,31.04,18,2,car,0.5550142526626587,731.5588073730469,460.87646484375,656.3681030273438,419.46295166015625,806.74951171875,502.28997802734375
776,31.04,12,2,car,0.4797503650188446,1202.2075805664062,464.3970031738281,1147.133544921875,414.74810791015625,1257.2816162109375,514.0458984375
776,31.04,15,2,car,0.4717184007167816,1317.6633911132812,475.6977996826172,1275.274658203125,446.8021545410156,1360.0521240234375,504.59344482421875
776,31.04,21,7,truck,0.3658321797847748,264.7410202026367,341.7521667480469,2.6492156982421875,172.37155151367188,526.8328247070312,511.1327819824219
777,31.08,9,2,car,0.6592139601707458,1467.697998046875,477.9361267089844,1402.7728271484375,430.5772705078125,1532.6231689453125,525.2949829101562
777,31.08,10,2,car,0.6120202541351318,1041.22412109375,470.9194641113281,965.8194580078125,428.2708740234375,1116.6287841796875,513.5680541992188
777,31.08,18,2,car,0.5558051466941833,741.9654235839844,455.14068603515625,660.7553100585938,407.6477966308594,823.175537109375,502.6335754394531
777,31.08,12,2,car,0.5097805857658386,1202.4440307617188,464.4784240722656,1146.9241943359375,414.83624267578125,1257.9638671875,514.12060546875
777,31.08,15,2,car,0.495768666267395,1316.4282836914062,474.3239440917969,1276.6597900390625,444.4918518066406,1356.19677734375,504.1560363769531
778,31.12,9,2,car,0.672836422920227,1468.1610717773438,478.62115478515625,1404.110595703125,431.5313720703125,1532.2115478515625,525.7109375
778,31.12,18,2,car,0.6235542297363281,740.2053527832031,448.16192626953125,657.8167114257812,392.1837463378906,822.593994140625,504.1401062011719
778,31.12,10,2,car,0.5839084982872009,1042.1755065917969,468.4593048095703,966.6524047851562,423.0696716308594,1117.6986083984375,513.8489379882812
778,31.12,12,2,car,0.5381733775138855,1203.0391235351562,464.51771545410156,1147.7030029296875,414.7249450683594,1258.375244140625,514.3104858398438
778,31.12,15,2,car,0.5097373127937317,1313.1218872070312,471.78680419921875,1276.5006103515625,444.04925537109375,1349.7431640625,499.52435302734375
779,31.16,9,2,car,0.6592337489128113,1468.67333984375,478.2029113769531,1404.50146484375,431.12567138671875,1532.84521484375,525.2801513671875
779,31.16,18,2,car,0.6099664568901062,740.9597473144531,447.5005187988281,659.3524169921875,391.175537109375,822.5670776367188,503.82550048828125
779,31.16,10,2,car,0.5892269015312195,1043.195068359375,469.5778045654297,967.9625244140625,425.5201721191406,1118.4276123046875,513.6354370117188
779,31.16,21,7,truck,0.5351700782775879,269.22059631347656,340.89969635009766,5.821563720703125,173.47425842285156,532.61962890625,508.32513427734375
779,31.16,12,2,car,0.5252739787101746,1202.2575073242188,464.58050537109375,1146.4383544921875,414.77362060546875,1258.07666015625,514.3873901367188
779,31.16,15,2,car,0.48415154218673706,1312.7469482421875,475.3421936035156,1270.7451171875,445.2060546875,1354.748779296875,505.47833251953125
780,31.2,10,2,car,0.6542526483535767,1039.5807189941406,471.8080291748047,967.9370727539062,430.2803039550781,1111.224365234375,513.3357543945312
780,31.2,9,2,car,0.6431300640106201,1469.2144775390625,479.0319366455078,1405.2681884765625,432.9069519042969,1533.1607666015625,525.1569213867188
780,31.2,18,2,car,0.5799527168273926,738.7623596191406,453.3307189941406,662.571533203125,402.377685546875,814.9531860351562,504.28375244140625
780,31.2,12,2,car,0.5120116472244263,1203.3308715820312,464.56861877441406,1148.8780517578125,414.5923767089844,1257.78369140625,514.5448608398438
780,31.2,15,2,car,0.5032676458358765,1312.9635620117188,476.7171936035156,1272.1802978515625,447.57550048828125,1353.746826171875,505.85888671875
781,31.24,9,2,car,0.7206668257713318,1467.8073120117188,480.2122039794922,1404.497314453125,433.5572204589844,1531.1173095703125,526.8671875
781,31.24,10,2,car,0.6442893147468567,1041.4627990722656,471.7095642089844,964.6609497070312,429.49102783203125,1118.2646484375,513.9281005859375
781,31.24,18,2,car,0.5830911993980408,746.716064453125,452.6915588378906,664.9671630859375,400.691162109375,828.4649658203125,504.69195556640625
781,31.24,12,2,car,0.5661758780479431,1203.5097045898438,464.3145446777344,1148.9237060546875,414.70367431640625,1258.095703125,513.9254150390625
781,31.24,15,2,car,0.5146180987358093,1312.8456420898438,476.55194091796875,1268.6822509765625,447.28179931640625,1357.009033203125,505.82208251953125
781,31.24,21,7,truck,0.4972224533557892,271.8686294555664,337.7242126464844,4.9128570556640625,170.59066772460938,538.8244018554688,504.8577575683594
782,31.28,9,2,car,0.6951418519020081,1467.8279418945312,479.2012939453125,1404.4134521484375,433.231201171875,1531.242431640625,525.17138671875
782,31.28,10,2,car,0.6695916056632996,1036.6531372070312,472.01824951171875,966.555419921875,430.45550537109375,1106.7508544921875,513.5809936523438
782,31.28,21,7,truck,0.6464619636535645,274.17105865478516,343.74005126953125,4.3122711181640625,179.82421875,544.0298461914062,507.6558837890625
782,31.28,18,2,car,0.5840271711349487,744.7020263671875,462.44769287109375,666.6945190429688,420.13916015625,822.7095336914062,504.7562255859375
782,31.28,12,2,car,0.5739911794662476,1205.1522216796875,464.1651153564453,1149.29736328125,414.7934875488281,1261.007080078125,513.5367431640625
782,31.28,15,2,car,0.48069000244140625,1314.846435546875,476.775634765625,1268.0140380859375,448.69073486328125,1361.6788330078125,504.86053466796875
783,31.32,10,2,car,0.7359159588813782,1038.7545776367188,470.6453857421875,968.4151611328125,428.49951171875,1109.093994140625,512.791259765625
783,31.32,9,2,car,0.6726637482643127,1467.672119140625,478.54925537109375,1403.9364013671875,432.14410400390625,1531.4078369140625,524.9544067382812
783,31.32,12,2,car,0.5662060976028442,1205.6167602539062,464.2653503417969,1149.37646484375,414.57635498046875,1261.8570556640625,513.954345703125
783,31.32,21,7,truck,0.5609663128852844,282.7320861816406,344.8191375732422,16.64959716796875,180.36740112304688,548.8145751953125,509.2708740234375
783,31.32,15,2,car,0.4919443726539612,1314.1923828125,477.5832824707031,1266.534912109375,449.87164306640625,1361.849853515625,505.294921875
783,31.32,18,2,car,0.4659518599510193,744.8104248046875,451.0265655517578,665.9829711914062,397.924560546875,823.6378784179688,504.1285705566406
784,31.36,9,2,car,0.6964026689529419,1467.6902465820312,478.2440185546875,1404.1473388671875,432.0029296875,1531.233154296875,524.485107421875
784,31.36,10,2,car,0.6750966906547546,1049.6560974121094,473.8781280517578,968.9005737304688,432.5138244628906,1130.41162109375,515.242431640625
784,31.36,21,7,truck,0.5857011079788208,288.44854736328125,342.2056198120117,29.99652099609375,177.34547424316406,546.9005737304688,507.0657653808594
784,31.36,12,2,car,0.5491084456443787,1206.207275390625,464.4650573730469,1150.2593994140625,414.81463623046875,1262.1551513671875,514.115478515625
784,31.36,15,2,car,0.47812339663505554,1318.4966430664062,476.45928955078125,1270.7763671875,448.3380432128906,1366.2169189453125,504.5805358886719
784,31.36,18,2,car,0.47462189197540283,745.8805847167969,451.8659210205078,667.4864501953125,399.3742980957031,824.2747192382812,504.3575439453125
785,31.4,9,2,car,0.6980265974998474,1468.4429321289062,477.8834686279297,1404.2015380859375,430.9124450683594,1532.684326171875,524.8544921875
785,31.4,21,7,truck,0.6736809611320496,291.91717529296875,343.6120071411133,28.16070556640625,178.4418182373047,555.6736450195312,508.7821960449219
785,31.4,10,2,car,0.6509314179420471,1048.7581481933594,473.4286193847656,970.1277465820312,431.8868408203125,1127.3885498046875,514.9703979492188
785,31.4,12,2,car,0.5923125147819519,1204.3328857421875,464.4624481201172,1145.7530517578125,414.5462951660156,1262.9127197265625,514.3786010742188
785,31.4,15,2,car,0.45446157455444336,1320.5596313476562,476.3901672363281,1271.491943359375,448.4997253417969,1369.6273193359375,504.2806091308594
785,31.4,18,2,car,0.40227246284484863,745.4855041503906,452.3068542480469,667.5718383789062,400.63751220703125,823.399169921875,503.9761962890625
786,31.44,10,2,car,0.6771988868713379,1048.2531433105469,473.6368865966797,971.1758422851562,432.4421081542969,1125.3304443359375,514.8316650390625
786,31.44,12,2,car,0.6109358668327332,1201.658935546875,464.26426696777344,1138.7578125,414.5265197753906,1264.56005859375,514.0020141601562
786,31.44,21,7,truck,0.6014115810394287,297.5952606201172,344.7022933959961,38.549835205078125,182.6000518798828,556.6406860351562,506.8045349121094
786,31.44,9,2,car,0.5912575125694275,1468.4259033203125,477.1583709716797,1403.21875,430.3427429199219,1533.633056640625,523.9739990234375
786,31.44,15,2,car,0.4656588137149811,1316.3262939453125,477.0634307861328,1267.981689453125,449.7210693359375,1364.6708984375,504.4057922363281
786,31.44,18,2,car,0.42506617307662964,750.0264282226562,451.5955810546875,670.0188598632812,398.967041015625,830.0339965820312,504.22412109375
787,31.48,10,2,car,0.6998432278633118,1052.9901733398438,474.0896301269531,972.975830078125,433.29437255859375,1133.0045166015625,514.8848876953125
787,31.48,12,2,car,0.648600161075592,1202.7882690429688,464.4310607910156,1139.6749267578125,414.42510986328125,1265.901611328125,514.43701171875
787,31.48,9,2,car,0.6423701643943787,1468.6718139648438,477.54345703125,1402.619140625,429.0992431640625,1534.7244873046875,525.9876708984375
787,31.48,21,7,truck,0.5263649225234985,301.1855926513672,370.2597198486328,44.388885498046875,232.11666870117188,557.9822998046875,508.40277099609375
787,31.48,15,2,car,0.4950549900531769,1319.2845458984375,473.5404357910156,1274.781494140625,448.2753601074219,1363.78759765625,498.8055114746094
787,31.48,18,2,car,0.46616825461387634,748.2120971679688,452.0947265625,671.8134765625,399.19061279296875,824.6107177734375,504.99884033203125
788,31.52,9,2,car,0.6360018849372864,1468.7257690429688,477.3270263671875,1401.8807373046875,429.273193359375,1535.57080078125,525.380859375
788,31.52,10,2,car,0.6324634552001953,1055.9538269042969,473.84315490722656,974.7595825195312,432.7101745605469,1137.1480712890625,514.9761352539062
788,31.52,21,7,truck,0.6318463087081909,305.32171630859375,342.68238830566406,47.4473876953125,180.97183227539062,563.196044921875,504.3929443359375
788,31.52,12,2,car,0.5902486443519592,1203.5728149414062,464.3009796142578,1140.5943603515625,413.9872741699219,1266.55126953125,514.6146850585938
788,31.52,15,2,car,0.5022911429405212,1316.3635864257812,475.80494689941406,1270.588623046875,447.6857604980469,1362.1385498046875,503.92413330078125
788,31.52,18,2,car,0.4941355288028717,744.9747314453125,464.65589904785156,671.6843872070312,423.4512634277344,818.2650756835938,505.86053466796875
789,31.56,10,2,car,0.6507537961006165,1056.7816467285156,472.10137939453125,976.4584350585938,429.41162109375,1137.1048583984375,514.7911376953125
789,31.56,12,2,car,0.6420587301254272,1212.2708129882812,463.7130584716797,1148.8978271484375,414.6322937011719,1275.643798828125,512.7938232421875
789,31.56,9,2,car,0.6196497678756714,1468.9863891601562,477.6641845703125,1402.0179443359375,429.09423828125,1535.954833984375,526.234130859375
789,31.56,21,7,truck,0.5251181721687317,303.3658752441406,341.2631149291992,50.615478515625,179.4763641357422,556.1162719726562,503.04986572265625
789,31.56,18,2,car,0.5035502314567566,744.8166809082031,462.7998962402344,669.936279296875,420.29498291015625,819.6970825195312,505.3048095703125
789,31.56,15,2,car,0.5007910132408142,1318.2771606445312,472.6546325683594,1278.7298583984375,447.2732849121094,1357.824462890625,498.0359802246094
790,31.6,10,2,car,0.6769185066223145,1057.4766845703125,471.20416259765625,976.683349609375,427.4139404296875,1138.27001953125,514.994384765625
790,31.6,9,2,car,0.6321508288383484,1469.9518432617188,478.2972869873047,1403.1046142578125,430.5890808105469,1536.799072265625,526.0054931640625
790,31.6,21,7,truck,0.6129705309867859,308.3610610961914,344.5994110107422,54.55311584472656,185.95761108398438,562.1690063476562,503.2412109375
790,31.6,12,2,car,0.6037853956222534,1212.71630859375,463.4752197265625,1152.0384521484375,413.90020751953125,1273.3941650390625,513.0502319335938
790,31.6,18,2,car,0.5085887312889099,753.7149658203125,454.1722412109375,677.179931640625,403.0588073730469,830.25,505.2856750488281
790,31.6,15,2,car,0.49990442395210266,1318.6061401367188,476.719482421875,1277.853271484375,448.9776306152344,1359.3590087890625,504.4613342285156
791,31.64,10,2,car,0.6739208698272705,1059.5785827636719,470.9543151855469,978.3041381835938,427.0067138671875,1140.85302734375,514.9019165039062
791,31.64,9,2,car,0.5975640416145325,1468.4662475585938,477.4324035644531,1403.2244873046875,430.95849609375,1533.7080078125,523.9063110351562
791,31.64,21,7,truck,0.59026038646698,310.05450439453125,346.9999465942383,57.252685546875,185.3148651123047,562.8563232421875,508.6850280761719
791,31.64,12,2,car,0.586929202079773,1213.4047241210938,463.3554382324219,1151.596435546875,413.893798828125,1275.2130126953125,512.8170776367188
791,31.64,18,2,car,0.4977942705154419,755.2827758789062,454.6398468017578,678.9948120117188,404.04180908203125,831.5707397460938,505.2378845214844
791,31.64,15,2,car,0.47226187586784363,1318.658447265625,476.08355712890625,1279.4552001953125,448.6160888671875,1357.8616943359375,503.551025390625
792,31.68,9,2,car,0.6250049471855164,1468.9338989257812,477.22882080078125,1402.9271240234375,430.360107421875,1534.940673828125,524.0975341796875
792,31.68,10,2,car,0.5933407545089722,1062.2675170898438,471.8134307861328,979.6182861328125,428.6957702636719,1144.916748046875,514.9310913085938
792,31.68,18,2,car,0.5312820076942444,768.8700866699219,462.9027099609375,688.7095336914062,419.13995361328125,849.0306396484375,506.66546630859375
792,31.68,12,2,car,0.5118427872657776,1214.0533447265625,463.33409118652344,1153.201171875,414.3542175292969,1274.905517578125,512.31396484375
792,31.68,15,2,car,0.4462447166442871,1318.8528442382812,476.4488830566406,1280.6583251953125,449.73919677734375,1357.04736328125,503.1585693359375
793,31.72,9,2,car,0.6002384424209595,1468.4058227539062,477.6720886230469,1403.5489501953125,430.04754638671875,1533.2626953125,525.296630859375
793,31.72,10,2,car,0.5421947240829468,1061.7716369628906,473.1918640136719,981.5007934570312,431.51458740234375,1142.04248046875,514.869140625
793,31.72,18,2,car,0.5342539548873901,762.0244750976562,462.4397735595703,687.6513061523438,418.4989013671875,836.3976440429688,506.3806457519531
793,31.72,12,2,car,0.534163236618042,1215.1287231445312,462.9699401855469,1158.0421142578125,413.69073486328125,1272.21533203125,512.2491455078125
793,31.72,15,2,car,0.4397875964641571,1317.7028198242188,476.525390625,1279.1141357421875,449.3177490234375,1356.29150390625,503.7330322265625
793,31.72,21,7,truck,0.40426671504974365,260.18599700927734,347.2379150390625,63.54103088378906,195.33865356445312,456.8309631347656,499.1371765136719
794,31.76,9,2,car,0.6543270945549011,1467.3143310546875,477.6194152832031,1403.4390869140625,431.01007080078125,1531.1895751953125,524.228759765625
794,31.76,18,2,car,0.634673535823822,763.3430786132812,462.6603088378906,688.1583251953125,419.4329528808594,838.52783203125,505.8876647949219
794,31.76,12,2,car,0.6225244402885437,1214.890869140625,464.00469970703125,1155.3284912109375,414.4937744140625,1274.4532470703125,513.515625
794,31.76,10,2,car,0.5949679613113403,1059.6465454101562,471.61595153808594,981.9906005859375,428.5712585449219,1137.302490234375,514.66064453125
794,31.76,21,7,truck,0.44568219780921936,272.14215087890625,343.78248596191406,66.26651000976562,187.43508911132812,478.0177917480469,500.1298828125
794,31.76,15,2,car,0.4339933395385742,1318.0219116210938,475.9017333984375,1276.5509033203125,448.3920593261719,1359.492919921875,503.4114074707031
795,31.8,9,2,car,0.6421517729759216,1468.5361328125,478.2535705566406,1404.4393310546875,430.89422607421875,1532.6329345703125,525.6129150390625
795,31.8,10,2,car,0.6087749004364014,1062.0542907714844,473.040283203125,982.9264526367188,431.0299072265625,1141.18212890625,515.0506591796875
795,31.8,18,2,car,0.6020049452781677,767.9582214355469,461.7762451171875,687.4065551757812,417.84942626953125,848.5098876953125,505.70306396484375
795,31.8,12,2,car,0.6013031601905823,1208.2900390625,464.66004943847656,1143.27587890625,414.6867370605469,1273.30419921875,514.6333618164062
795,31.8,15,2,car,0.42964890599250793,1317.6624145507812,476.21209716796875,1275.85302734375,448.7223815917969,1359.4718017578125,503.7018127441406
796,31.84,10,2,car,0.6855937242507935,1062.1784973144531,473.09326171875,983.8665161132812,431.15423583984375,1140.490478515625,515.0322875976562
796,31.84,18,2,car,0.6694207191467285,766.1812744140625,462.2914123535156,688.8382568359375,419.0620422363281,843.5242919921875,505.5207824707031
796,31.84,9,2,car,0.6267017126083374,1469.4352416992188,477.47412109375,1405.400146484375,430.40545654296875,1533.4703369140625,524.5427856445312
796,31.84,12,2,car,0.6223244667053223,1212.1213989257812,463.4322052001953,1150.537353515625,414.1361389160156,1273.7054443359375,512.728271484375
796,31.84,15,2,car,0.42435139417648315,1318.5950317382812,476.1502990722656,1277.3843994140625,448.8366394042969,1359.8056640625,503.4639587402344
797,31.88,10,2,car,0.687831461429596,1060.5380554199219,473.1815185546875,984.4015502929688,431.87347412109375,1136.674560546875,514.4895629882812
797,31.88,12,2,car,0.6640101075172424,1211.5776977539062,463.41387939453125,1146.0726318359375,414.34588623046875,1277.082763671875,512.4818725585938
797,31.88,18,2,car,0.6465246677398682,768.9801330566406,461.2035369873047,692.3153076171875,416.66802978515625,845.6449584960938,505.7390441894531
797,31.88,9,2,car,0.6053706407546997,1469.4015502929688,477.531005859375,1406.0040283203125,429.1944580078125,1532.799072265625,525.8675537109375
797,31.88,21,7,truck,0.4939644932746887,329.69286346435547,349.3640441894531,77.31962585449219,195.19235229492188,582.0661010742188,503.5357360839844
797,31.88,15,2,car,0.4178074300289154,1317.8500366210938,473.22125244140625,1277.531494140625,447.5830993652344,1358.1685791015625,498.8594055175781
798,31.92,10,2,car,0.6659857630729675,1063.9077453613281,473.65283203125,984.6676635742188,432.64288330078125,1143.1478271484375,514.6627807617188
798,31.92,12,2,car,0.6485589742660522,1213.7031860351562,463.4244689941406,1148.0281982421875,414.9320068359375,1279.378173828125,511.91693115234375
798,31.92,18,2,car,0.6474428772926331,769.2328186035156,463.04296875,693.9241943359375,420.468017578125,844.5414428710938,505.617919921875
798,31.92,9,2,car,0.5704289078712463,1468.2413940429688,477.93849182128906,1404.553466796875,429.3738098144531,1531.9293212890625,526.503173828125
798,31.92,15,2,car,0.4300915002822876,1320.6470336914062,473.8271484375,1280.0194091796875,448.152099609375,1361.274658203125,499.502197265625
798,31.92,21,7,truck,0.36046311259269714,333.7918472290039,383.84083557128906,83.66249084472656,267.16204833984375,583.9212036132812,500.5196228027344
799,31.96,10,2,car,0.6355667114257812,1057.7467956542969,473.1484832763672,984.8505249023438,432.0833435058594,1130.64306640625,514.213623046875
799,31.96,12,2,car,0.6193535923957825,1210.7607421875,464.47547912597656,1141.7728271484375,414.1201477050781,1279.7486572265625,514.830810546875
799,31.96,18,2,car,0.6119775772094727,770.9300537109375,462.18267822265625,695.8668823242188,419.1169128417969,845.9932250976562,505.2484436035156
799,31.96,9,2,car,0.5664472579956055,1468.8724975585938,478.46766662597656,1405.597412109375,430.7456359863281,1532.1475830078125,526.189697265625
799,31.96,15,2,car,0.42354848980903625,1320.9266967773438,474.6242980957031,1279.730712890625,449.68634033203125,1362.1226806640625,499.562255859375
800,32.0,12,2,car,0.6246680617332458,1211.5745239257812,464.42889404296875,1141.4967041015625,414.3848876953125,1281.65234375,514.472900390625
800,32.0,10,2,car,0.5751076340675354,1063.8549194335938,472.43756103515625,985.2176513671875,431.1536865234375,1142.4921875,513.721435546875
800,32.0,9,2,car,0.539358913898468,1468.8374633789062,478.3484802246094,1404.6156005859375,429.7943115234375,1533.059326171875,526.9026489257812
800,32.0,18,2,car,0.532442033290863,769.7940673828125,462.52793884277344,695.9051513671875,420.3988037109375,843.6829833984375,504.6570739746094
800,32.0,15,2,car,0.4258488714694977,1320.60693359375,474.2925109863281,1279.9644775390625,449.5952453613281,1361.2493896484375,498.9897766113281
801,32.04,10,2,car,0.6605727672576904,1054.6187133789062,472.8473358154297,986.449951171875,433.4219055175781,1122.7874755859375,512.2727661132812
801,32.04,12,2,car,0.6133708357810974,1210.9482421875,464.72120666503906,1140.8646240234375,414.4866027832031,1281.0318603515625,514.955810546875
801,32.04,9,2,car,0.5761674642562866,1469.02734375,478.3479919433594,1404.183837890625,430.638916015625,1533.870849609375,526.0570678710938
801,32.04,18,2,car,0.5356858968734741,770.5579528808594,463.52342224121094,696.6884155273438,422.4254455566406,844.427490234375,504.62139892578125
801,32.04,15,2,car,0.387571781873703,1318.7499389648438,474.5922546386719,1279.2769775390625,449.54351806640625,1358.222900390625,499.6409912109375
802,32.08,12,2,car,0.6649594306945801,1209.2865600585938,465.0664520263672,1137.8023681640625,414.5710144042969,1280.770751953125,515.5618896484375
802,32.08,10,2,car,0.6406161189079285,1059.1503295898438,470.56495666503906,986.6630859375,427.5269470214844,1131.6375732421875,513.6029663085938
802,32.08,18,2,car,0.5618390440940857,777.7749633789062,456.0666809082031,693.8731079101562,407.3324279785156,861.6768188476562,504.8009338378906
802,32.08,9,2,car,0.5404889583587646,1468.6261596679688,477.9363098144531,1404.651123046875,430.392333984375,1532.6011962890625,525.4802856445312
802,32.08,15,2,car,0.37638238072395325,1318.5808715820312,475.75730895996094,1278.9801025390625,451.1596984863281,1358.181640625,500.35491943359375
803,32.12,12,2,car,0.6830784678459167,1212.7411499023438,464.6349639892578,1142.04931640625,414.1438293457031,1283.4329833984375,515.1260986328125
803,32.12,10,2,car,0.6424419283866882,1059.8796081542969,470.30145263671875,986.1412963867188,427.20025634765625,1133.617919921875,513.4026489257812
803,32.12,18,2,car,0.5458036661148071,774.598388671875,463.2920837402344,703.2339477539062,423.1614074707031,845.9628295898438,503.4227600097656
803,32.12,9,2,car,0.5251052975654602,1469.79248046875,478.73179626464844,1406.615234375,431.2868957519531,1532.9697265625,526.1766967773438
803,32.12,15,2,car,0.37112072110176086,1319.7861938476562,475.3799743652344,1280.7884521484375,450.7017517089844,1358.783935546875,500.0581970214844
804,32.16,12,2,car,0.6296952366828918,1213.4732666015625,464.78968811035156,1144.5450439453125,414.2064514160156,1282.4014892578125,515.3729248046875
804,32.16,10,2,car,0.6157256364822388,1060.3067932128906,470.2732238769531,986.9932250976562,426.7640380859375,1133.620361328125,513.7824096679688
804,32.16,18,2,car,0.5434038639068604,774.7146606445312,459.6471862792969,701.145263671875,415.2591247558594,848.2840576171875,504.0352478027344
804,32.16,9,2,car,0.5117406249046326,1470.2119750976562,477.62635803222656,1407.16455078125,430.3706359863281,1533.2593994140625,524.882080078125
804,32.16,15,2,car,0.382519006729126,1320.9642944335938,476.1050720214844,1282.7022705078125,451.7647705078125,1359.226318359375,500.44537353515625
805,32.2,12,2,car,0.6351927518844604,1216.243408203125,464.1780242919922,1149.8775634765625,413.7019958496094,1282.6092529296875,514.654052734375
805,32.2,10,2,car,0.6155718564987183,1061.1126403808594,469.64013671875,989.2933959960938,425.47900390625,1132.931884765625,513.80126953125
805,32.2,18,2,car,0.5071728825569153,778.6408081054688,466.3323211669922,709.5428466796875,428.6289367675781,847.73876953125,504.03570556640625
805,32.2,9,2,car,0.4821182191371918,1470.4037475585938,479.0832824707031,1406.9937744140625,431.8341064453125,1533.813720703125,526.3324584960938
805,32.2,15,2,car,0.39361119270324707,1319.2186279296875,474.1286163330078,1282.386962890625,448.9984436035156,1356.05029296875,499.2587890625
806,32.24,10,2,car,0.6521518230438232,1062.8413391113281,468.56495666503906,991.2269897460938,423.4690246582031,1134.4556884765625,513.660888671875
806,32.24,12,2,car,0.6325961351394653,1217.0269165039062,463.9811248779297,1151.3428955078125,414.0721740722656,1282.7109375,513.8900756835938
806,32.24,18,2,car,0.5650782585144043,780.1429138183594,467.85191345214844,703.6043701171875,429.43341064453125,856.6814575195312,506.2704162597656
806,32.24,9,2,car,0.5080634951591492,1470.3113403320312,479.7464904785156,1406.8670654296875,433.34637451171875,1533.755615234375,526.1466064453125
806,32.24,15,2,car,0.40509501099586487,1321.1602783203125,474.98529052734375,1281.705078125,449.6838684082031,1360.615478515625,500.2867126464844
807,32.28,12,2,car,0.6836062073707581,1219.8765869140625,463.9947509765625,1154.323974609375,415.20428466796875,1285.42919921875,512.7852172851562
807,32.28,10,2,car,0.6357365250587463,1064.1557006835938,469.87892150878906,991.9500732421875,425.8521423339844,1136.361328125,513.9057006835938
807,32.28,9,2,car,0.5520649552345276,1470.2509765625,478.9607849121094,1408.1719970703125,432.2200927734375,1532.3299560546875,525.7014770507812
807,32.28,18,2,car,0.5519156455993652,781.532958984375,465.36940002441406,704.0835571289062,424.61016845703125,858.9823608398438,506.1286315917969
807,32.28,15,2,car,0.3977698087692261,1321.1221313476562,476.01708984375,1282.241455078125,451.33465576171875,1360.0028076171875,500.69952392578125
808,32.32,10,2,car,0.6812712550163269,1064.4288635253906,470.322509765625,992.6224975585938,427.010009765625,1136.2352294921875,513.635009765625
808,32.32,12,2,car,0.6298584938049316,1220.0426635742188,464.34107971191406,1155.8958740234375,415.7533264160156,1284.189453125,512.9288330078125
808,32.32,9,2,car,0.5855602025985718,1470.2923583984375,478.16490173339844,1407.7552490234375,431.1929626464844,1532.8294677734375,525.1368408203125
808,32.32,18,2,car,0.5797500014305115,781.4133911132812,465.6805114746094,706.2416381835938,425.1812438964844,856.5851440429688,506.1797790527344
808,32.32,15,2,car,0.3552396595478058,1321.3041381835938,476.373779296875,1281.6968994140625,451.2948303222656,1360.911376953125,501.4527282714844
809,32.36,10,2,car,0.6493802070617676,1072.3916625976562,473.4042663574219,993.01171875,432.599853515625,1151.7716064453125,514.2086791992188
809,32.36,12,2,car,0.61383455991745,1217.3582763671875,464.1368408203125,1151.591064453125,414.21405029296875,1283.12548828125,514.0596313476562
809,32.36,9,2,car,0.5270764827728271,1471.4569091796875,479.30120849609375,1407.37109375,432.3929443359375,1535.542724609375,526.20947265625
809,32.36,18,2,car,0.4774245321750641,783.7259216308594,468.26953125,712.3868408203125,432.5657043457031,855.0650024414062,503.9733581542969
809,32.36,15,2,car,0.36783838272094727,1320.2781982421875,476.34544372558594,1281.8380126953125,451.9598693847656,1358.7183837890625,500.73101806640625
810,32.4,12,2,car,0.691918134689331,1217.7145385742188,464.17857360839844,1149.8953857421875,415.4266662597656,1285.53369140625,512.9304809570312
810,32.4,10,2,car,0.6816728711128235,1065.9694213867188,468.8976135253906,993.2354736328125,424.44049072265625,1138.703369140625,513.354736328125
810,32.4,9,2,car,0.5277733206748962,1471.5097045898438,478.3968200683594,1406.561279296875,431.74200439453125,1536.4581298828125,525.0516357421875
810,32.4,18,2,car,0.47991910576820374,785.2239685058594,466.1935577392578,708.4772338867188,428.7078857421875,861.970703125,503.6792297363281
810,32.4,15,2,car,0.38419219851493835,1319.656005859375,476.67901611328125,1279.548828125,451.9314880371094,1359.76318359375,501.4265441894531
811,32.44,12,2,car,0.6920081377029419,1217.02490234375,464.60467529296875,1148.2083740234375,415.99676513671875,1285.8414306640625,513.2125854492188
811,32.44,10,2,car,0.6699676513671875,1065.2186279296875,467.77110290527344,994.573974609375,422.0221252441406,1135.86328125,513.5200805664062
811,32.44,18,2,car,0.5042266845703125,800.238525390625,465.8713073730469,715.0247192382812,426.6475524902344,885.4523315429688,505.0950622558594
811,32.44,9,2,car,0.4875239431858063,1471.5122680664062,477.76036071777344,1407.9356689453125,431.0729675292969,1535.0888671875,524.44775390625
811,32.44,15,2,car,0.360824316740036,1320.6743774414062,476.0259094238281,1279.8431396484375,451.6274719238281,1361.505615234375,500.4243469238281
812,32.48,12,2,car,0.6915438175201416,1218.4657592773438,464.98585510253906,1150.6337890625,416.6529235839844,1286.2977294921875,513.3187866210938
812,32.48,10,2,car,0.6644601821899414,1065.7745056152344,465.15306091308594,995.4016723632812,417.4744567871094,1136.1473388671875,512.8316650390625
812,32.48,18,2,car,0.6136860847473145,804.1827392578125,466.57666015625,724.177001953125,427.99176025390625,884.1884765625,505.16156005859375
812,32.48,9,2,car,0.5654128193855286,1469.9552001953125,478.84889221191406,1407.384033203125,434.3627014160156,1532.5263671875,523.3350830078125
812,32.48,15,2,car,0.37230876088142395,1320.9718017578125,475.01686096191406,1280.2603759765625,450.68878173828125,1361.6832275390625,499.3449401855469
813,32.52,10,2,car,0.6761469841003418,1072.6550598144531,473.3192443847656,996.7460327148438,433.02593994140625,1148.5640869140625,513.612548828125
813,32.52,12,2,car,0.6546257138252258,1219.411865234375,464.6705780029297,1152.9820556640625,416.8219299316406,1285.8416748046875,512.5192260742188
813,32.52,18,2,car,0.6326849460601807,803.1747131347656,465.833251953125,724.5451049804688,425.9139709472656,881.8043212890625,505.7525329589844
813,32.52,9,2,car,0.5049681663513184,1470.3788452148438,478.2066650390625,1407.9517822265625,432.06024169921875,1532.805908203125,524.3530883789062
814,32.56,12,2,car,0.6659136414527893,1221.7247314453125,464.62005615234375,1157.3953857421875,416.7835693359375,1286.0540771484375,512.45654296875
814,32.56,10,2,car,0.6566975116729736,1067.0595397949219,463.55859375,999.1679077148438,414.42626953125,1134.951171875,512.69091796875
814,32.56,18,2,car,0.5966158509254456,795.9716186523438,465.6766662597656,722.1013793945312,425.2986145019531,869.8418579101562,506.0547180175781
814,32.56,9,2,car,0.5468026399612427,1469.9891357421875,479.719970703125,1406.66064453125,435.6170654296875,1533.317626953125,523.8228759765625
815,32.6,10,2,car,0.6266902089118958,1067.486328125,468.4069519042969,999.7454833984375,424.02520751953125,1135.2271728515625,512.7886962890625
815,32.6,12,2,car,0.6158318519592285,1217.9671630859375,464.6099853515625,1151.4859619140625,416.38623046875,1284.4483642578125,512.833740234375
815,32.6,9,2,car,0.49680912494659424,1470.0612182617188,479.3326873779297,1407.4013671875,433.9872741699219,1532.7210693359375,524.6781005859375
815,32.6,18,2,car,0.4690212309360504,794.9105529785156,464.2239990234375,721.8579711914062,422.2561340332031,867.963134765625,506.1918640136719
815,32.6,15,2,car,0.35127368569374084,1323.4602661132812,477.6017608642578,1279.5936279296875,450.2972106933594,1367.326904296875,504.90631103515625
816,32.64,12,2,car,0.6039189696311951,1216.2452392578125,465.04859924316406,1148.228515625,416.8341979980469,1284.261962890625,513.2630004882812
816,32.64,9,2,car,0.5355303287506104,1469.9894409179688,480.5092315673828,1408.2890625,437.0151062011719,1531.6898193359375,524.0033569335938
816,32.64,10,2,car,0.5298559665679932,1070.2303161621094,474.3386535644531,1001.3355102539062,435.06280517578125,1139.1251220703125,513.614501953125
816,32.64,18,2,car,0.4471421241760254,793.7969970703125,469.2761993408203,722.3351440429688,432.2646789550781,865.2588500976562,506.2877197265625
817,32.68,12,2,car,0.6314553618431091,1218.8274536132812,464.7414855957031,1151.4854736328125,417.05322265625,1286.16943359375,512.4297485351562
817,32.68,10,2,car,0.5013064742088318,1076.6028442382812,474.7925567626953,1002.5137939453125,435.4930114746094,1150.69189453125,514.0921020507812
817,32.68,9,2,car,0.4900972247123718,1471.2337036132812,478.9015808105469,1407.6094970703125,432.76275634765625,1534.85791015625,525.0404052734375
817,32.68,18,2,car,0.4721185564994812,794.5658569335938,467.51344299316406,722.9534912109375,429.36236572265625,866.17822265625,505.6645202636719
818,32.72,12,2,car,0.6582285165786743,1215.8975219726562,464.89247131347656,1144.51513671875,416.5531311035156,1287.2799072265625,513.2318115234375
818,32.72,18,2,car,0.4967743456363678,798.4981994628906,467.5181579589844,726.8753051757812,429.76190185546875,870.12109375,505.2744140625
818,32.72,10,2,car,0.46055692434310913,1072.9168090820312,465.2930908203125,1003.4080810546875,416.9981689453125,1142.425537109375,513.5880126953125
818,32.72,9,2,car,0.4504252076148987,1470.361572265625,481.90191650390625,1408.694580078125,438.881103515625,1532.028564453125,524.9227294921875
818,32.72,15,2,car,0.3567841053009033,1321.3383178710938,475.1689453125,1282.2960205078125,452.5953369140625,1360.380615234375,497.7425537109375
819,32.76,12,2,car,0.6726152300834656,1217.9432373046875,465.44139099121094,1148.4503173828125,417.1917419433594,1287.4361572265625,513.6910400390625
819,32.76,18,2,car,0.5567950010299683,798.9854431152344,469.1902770996094,727.088134765625,433.568115234375,870.8827514648438,504.81243896484375
819,32.76,9,2,car,0.4730736315250397,1471.2787475585938,480.88291931152344,1407.368896484375,434.2046813964844,1535.1885986328125,527.5611572265625
819,32.76,10,2,car,0.45096513628959656,1072.117919921875,465.1179962158203,1004.2176513671875,416.6051330566406,1140.0181884765625,513.630859375
819,32.76,15,2,car,0.35459113121032715,1321.1898193359375,473.7587585449219,1282.9193115234375,450.1950988769531,1359.4603271484375,497.3224182128906
820,32.8,12,2,car,0.660907506942749,1217.3372802734375,465.5850372314453,1148.873291015625,417.4706115722656,1285.80126953125,513.699462890625
820,32.8,9,2,car,0.6061329245567322,1469.6046142578125,480.2507629394531,1406.3642578125,435.312744140625,1532.844970703125,525.1887817382812
820,32.8,18,2,car,0.5437623262405396,799.5462036132812,468.5195617675781,731.1533813476562,432.7689514160156,867.9390258789062,504.2701721191406
820,32.8,10,2,car,0.4841643273830414,1073.3426513671875,466.4232177734375,1004.874755859375,418.9306640625,1141.810546875,513.915771484375
821,32.84,9,2,car,0.5899027585983276,1471.0843505859375,481.8802795410156,1407.3211669921875,438.54486083984375,1534.8475341796875,525.2156982421875
821,32.84,12,2,car,0.5812772512435913,1219.0714111328125,464.4889373779297,1152.6318359375,416.8127746582031,1285.510986328125,512.1651000976562
821,32.84,18,2,car,0.5369303226470947,800.7222900390625,469.6172790527344,731.7340087890625,435.031494140625,869.7105712890625,504.20306396484375
821,32.84,10,2,car,0.5221881866455078,1074.8203430175781,467.2640838623047,1004.4979858398438,421.0804138183594,1145.1427001953125,513.44775390625
822,32.88,9,2,car,0.588573157787323,1471.4854736328125,481.80120849609375,1407.9410400390625,439.01458740234375,1535.0299072265625,524.5878295898438
822,32.88,10,2,car,0.5739534497261047,1077.4704895019531,472.4269714355469,1005.1001586914062,431.14178466796875,1149.8408203125,513.712158203125
822,32.88,12,2,car,0.5731097459793091,1222.3729858398438,464.18577575683594,1160.3114013671875,416.66290283203125,1284.4345703125,511.7086486816406
822,32.88,18,2,car,0.5442256331443787,800.1897583007812,469.083251953125,730.610595703125,433.0190734863281,869.7689208984375,505.1474304199219
822,32.88,24,2,car,0.46430322527885437,23.084306716918945,404.8356628417969,0.22771453857421875,329.3170166015625,45.94089889526367,480.35430908203125
822,32.88,15,2,car,0.3889349400997162,1319.7243041992188,475.38153076171875,1280.62939453125,450.7151184082031,1358.8192138671875,500.0479431152344
823,32.92,24,2,car,0.5974901914596558,25.791382789611816,405.7666931152344,0.32918357849121094,331.52557373046875,51.25358200073242,480.0078125
823,32.92,18,2,car,0.5444920659065247,801.4743347167969,466.7257537841797,733.9304809570312,428.0876159667969,869.0181884765625,505.3638916015625
823,32.92,10,2,car,0.5217812657356262,1081.9839172363281,467.6851501464844,1004.8130493164062,421.10137939453125,1159.15478515625,514.2689208984375
823,32.92,12,2,car,0.5075287222862244,1224.0488891601562,463.82948303222656,1164.0845947265625,415.92291259765625,1284.01318359375,511.7360534667969
823,32.92,9,2,car,0.5051431059837341,1469.2279052734375,482.3350524902344,1406.7218017578125,440.45013427734375,1531.7340087890625,524.219970703125
823,32.92,15,2,car,0.3799757659435272,1318.6522216796875,475.4894714355469,1278.2535400390625,450.1614074707031,1359.0509033203125,500.8175354003906
824,32.96,24,2,car,0.5854585766792297,28.13141918182373,407.39369201660156,0.3308544158935547,333.7385559082031,55.931983947753906,481.048828125
824,32.96,12,2,car,0.5602063536643982,1224.0364990234375,464.51824951171875,1164.4884033203125,416.74346923828125,1283.5845947265625,512.2930297851562
824,32.96,18,2,car,0.5348583459854126,804.1904296875,465.81353759765625,735.2246704101562,426.08148193359375,873.1561889648438,505.54559326171875
824,32.96,9,2,car,0.5109972357749939,1468.4508666992188,482.71800231933594,1406.9525146484375,441.3639221191406,1529.94921875,524.0720825195312
824,32.96,10,2,car,0.506083607673645,1080.4984130859375,465.2660369873047,1005.6214599609375,417.9547424316406,1155.3753662109375,512.5773315429688
824,32.96,15,2,car,0.38939690589904785,1320.990234375,475.4660186767578,1280.38623046875,450.1212463378906,1361.59423828125,500.810791015625
825,33.0,24,2,car,0.6074812412261963,29.630475997924805,407.40553283691406,0.3212127685546875,332.3246765136719,58.93973922729492,482.48638916015625
825,33.0,9,2,car,0.589840292930603,1468.736572265625,480.03330993652344,1406.7374267578125,435.2364807128906,1530.7357177734375,524.8301391601562
825,33.0,10,2,car,0.5808218717575073,1079.7484130859375,465.90989685058594,1005.50390625,419.6336975097656,1153.992919921875,512.1860961914062
825,33.0,18,2,car,0.5521456003189087,825.1092834472656,462.81495666503906,738.3074951171875,418.16876220703125,911.9110717773438,507.4611511230469
825,33.0,12,2,car,0.5318570137023926,1226.255615234375,464.6291198730469,1168.9857177734375,417.5356750488281,1283.5255126953125,511.7225646972656
825,33.0,15,2,car,0.40348657965660095,1319.6615600585938,475.69244384765625,1279.0562744140625,449.2597961425781,1360.266845703125,502.1250915527344
826,33.04,10,2,car,0.586882472038269,1089.1741333007812,472.93028259277344,1006.2315673828125,431.7025451660156,1172.11669921875,514.1580200195312
826,33.04,18,2,car,0.5578620433807373,822.7690124511719,464.3397216796875,737.670166015625,421.44891357421875,907.8678588867188,507.23052978515625
826,33.04,12,2,car,0.5284922122955322,1228.750244140625,462.94244384765625,1173.0404052734375,415.4770202636719,1284.4600830078125,510.4078674316406
826,33.04,9,2,car,0.5207229852676392,1467.4596557617188,480.63783264160156,1406.4407958984375,437.5518493652344,1528.478515625,523.7238159179688
826,33.04,24,2,car,0.42331603169441223,30.876279830932617,405.32432556152344,0.32508087158203125,328.5010986328125,61.4274787902832,482.1475524902344
826,33.04,15,2,car,0.3508189618587494,1319.2832641601562,476.54681396484375,1279.3096923828125,450.50244140625,1359.2568359375,502.5911865234375
827,33.08,24,2,car,0.6421970129013062,32.33943843841553,407.60870361328125,0.3770427703857422,334.32879638671875,64.30183410644531,480.88861083984375
827,33.08,18,2,car,0.6245063543319702,819.3195190429688,464.754638671875,738.7666625976562,422.6209716796875,899.8723754882812,506.8883056640625
827,33.08,10,2,car,0.5649862289428711,1093.4587707519531,473.2225341796875,1007.4926147460938,432.58612060546875,1179.4249267578125,513.8589477539062
827,33.08,9,2,car,0.55461585521698,1467.7021484375,481.32261657714844,1406.0443115234375,439.5795593261719,1529.3599853515625,523.065673828125
827,33.08,12,2,car,0.5223498344421387,1229.03173828125,463.0436096191406,1173.75439453125,414.7402038574219,1284.30908203125,511.3470153808594
827,33.08,15,2,car,0.38233518600463867,1318.2680053710938,475.8073425292969,1277.49169921875,449.36444091796875,1359.0443115234375,502.250244140625
828,33.12,18,2,car,0.6319224834442139,818.102294921875,467.81455993652344,742.19775390625,430.0588073730469,894.0068359375,505.5703125
828,33.12,24,2,car,0.6002789735794067,34.25595664978027,407.44297790527344,0.3986320495605469,334.81634521484375,68.11328125,480.0696105957031
828,33.12,10,2,car,0.5429379343986511,1095.2186889648438,474.5473937988281,1009.2139892578125,434.5902099609375,1181.223388671875,514.5045776367188
828,33.12,9,2,car,0.5304849743843079,1468.7122192382812,479.35398864746094,1405.9127197265625,435.2598571777344,1531.51171875,523.4481201171875
828,33.12,12,2,car,0.4342276155948639,1229.3072509765625,463.1405487060547,1173.3404541015625,415.047119140625,1285.2740478515625,511.2339782714844
828,33.12,15,2,car,0.3685174882411957,1318.4890747070312,476.02899169921875,1276.6563720703125,449.2590637207031,1360.32177734375,502.7989196777344
829,33.16,18,2,car,0.62635737657547,828.1457214355469,459.0462188720703,741.4108276367188,411.4804992675781,914.880615234375,506.6119384765625
829,33.16,24,2,car,0.6247572302818298,35.796311378479004,407.6465606689453,0.4729785919189453,334.90631103515625,71.11964416503906,480.3868103027344
829,33.16,10,2,car,0.6135553121566772,1092.6619873046875,466.3961639404297,1006.8236083984375,418.2631530761719,1178.5003662109375,514.5291748046875
829,33.16,9,2,car,0.5688433647155762,1467.4011840820312,482.5691375732422,1407.085693359375,440.8495788574219,1527.7166748046875,524.2886962890625
829,33.16,12,2,car,0.45847806334495544,1231.135986328125,462.9752197265625,1176.596923828125,415.2988586425781,1285.675048828125,510.6515808105469
829,33.16,15,2,car,0.36053258180618286,1318.453125,475.6000213623047,1276.4527587890625,448.66424560546875,1360.4534912109375,502.5357971191406
830,33.2,18,2,car,0.6473824381828308,828.5394897460938,459.5032196044922,742.4561157226562,412.36029052734375,914.6228637695312,506.6461486816406
830,33.2,10,2,car,0.5786640644073486,1091.4116516113281,474.5127258300781,1010.7222290039062,435.04248046875,1172.10107421875,513.9829711914062
830,33.2,9,2,car,0.5774133205413818,1467.7418823242188,482.7254638671875,1407.0965576171875,440.6766357421875,1528.38720703125,524.7742919921875
830,33.2,24,2,car,0.4902391731739044,37.24632263183594,411.0944366455078,0.4525909423828125,341.4747619628906,74.04005432128906,480.714111328125
830,33.2,12,2,car,0.409993976354599,1228.2786254882812,462.6242980957031,1170.8009033203125,415.10980224609375,1285.75634765625,510.1387939453125
830,33.2,15,2,car,0.37853100895881653,1317.29931640625,476.13787841796875,1275.6109619140625,450.28302001953125,1358.9876708984375,501.99273681640625
831,33.24,18,2,car,0.6698144674301147,829.9143676757812,458.4086608886719,744.7578735351562,409.6471252441406,915.0708618164062,507.1701965332031
831,33.24,10,2,car,0.6214066743850708,1091.9521789550781,473.3692321777344,1010.1538696289062,432.5296630859375,1173.75048828125,514.2088012695312
831,33.24,9,2,car,0.5180348753929138,1470.73095703125,480.6504821777344,1408.2572021484375,434.328369140625,1533.2047119140625,526.9725952148438
831,33.24,12,2,car,0.4836372137069702,1229.7831420898438,462.82196044921875,1173.48681640625,414.7068786621094,1286.0794677734375,510.9370422363281
831,33.24,15,2,car,0.3514292538166046,1322.1813354492188,477.64178466796875,1277.6396484375,449.38494873046875,1366.7230224609375,505.89862060546875
832,33.28,24,2,car,0.6719585061073303,41.891923904418945,410.7463836669922,0.3814430236816406,340.3165588378906,83.40240478515625,481.17620849609375
832,33.28,18,2,car,0.610526978969574,829.0607299804688,457.40716552734375,742.1949462890625,409.0352783203125,915.926513671875,505.779052734375
832,33.28,9,2,car,0.5859995484352112,1467.572021484375,483.62640380859375,1407.4185791015625,441.881103515625,1527.7254638671875,525.3717041015625
832,33.28,10,2,car,0.5755605101585388,1089.72802734375,462.26055908203125,1008.867919921875,410.07147216796875,1170.588134765625,514.4496459960938
832,33.28,12,2,car,0.46891456842422485,1230.9473266601562,462.8732604980469,1174.433837890625,414.92974853515625,1287.4608154296875,510.8167724609375
833,33.32,24,2,car,0.626185417175293,43.29787254333496,411.21275329589844,0.4329414367675781,341.6097717285156,86.16280364990234,480.81573486328125
833,33.32,18,2,car,0.5992465615272522,831.280029296875,457.79547119140625,745.8369750976562,409.73321533203125,916.7230834960938,505.85772705078125
833,33.32,9,2,car,0.5938776731491089,1467.776123046875,484.91160583496094,1407.4842529296875,444.1905212402344,1528.0679931640625,525.6326904296875
833,33.32,10,2,car,0.5644078850746155,1092.5530700683594,465.4609069824219,1009.7576293945312,416.12164306640625,1175.3485107421875,514.8001708984375
833,33.32,12,2,car,0.4559098482131958,1230.3275146484375,463.377685546875,1174.3302001953125,415.0793151855469,1286.3248291015625,511.6760559082031
833,33.32,15,2,car,0.4495770037174225,1319.14013671875,475.2609558105469,1281.544921875,450.6208190917969,1356.7353515625,499.9010925292969
834,33.36,24,2,car,0.6381609439849854,44.47921657562256,410.6446228027344,0.4349498748779297,340.5467224121094,88.52348327636719,480.7425231933594
834,33.36,9,2,car,0.6079139113426208,1467.2112426757812,485.2570495605469,1407.405517578125,445.30389404296875,1527.0169677734375,525.210205078125
834,33.36,18,2,car,0.5829816460609436,829.18212890625,458.14984130859375,740.2468872070312,410.4795227050781,918.1173706054688,505.8201599121094
834,33.36,12,2,car,0.5379722118377686,1227.643310546875,464.28387451171875,1168.765869140625,416.32269287109375,1286.520751953125,512.2450561523438
834,33.36,10,2,car,0.5355401635169983,1092.7065734863281,466.3956604003906,1009.6345825195312,417.92132568359375,1175.778564453125,514.8699951171875
834,33.36,15,2,car,0.4939382076263428,1318.5092163085938,474.7266540527344,1280.439697265625,450.06573486328125,1356.5787353515625,499.3875732421875
835,33.4,9,2,car,0.6169119477272034,1467.3535766601562,484.0454406738281,1407.62548828125,443.50762939453125,1527.0816650390625,524.583251953125
835,33.4,24,2,car,0.6034286618232727,46.88463592529297,410.35939025878906,0.43714141845703125,339.5633850097656,93.3321304321289,481.1553955078125
835,33.4,15,2,car,0.4681674838066101,1318.5214233398438,475.8506317138672,1281.8492431640625,451.77935791015625,1355.193603515625,499.9219055175781
835,33.4,18,2,car,0.4560004472732544,835.3545837402344,466.0329895019531,759.6561889648438,426.4258117675781,911.052978515625,505.6401672363281
835,33.4,12,2,car,0.45260903239250183,1226.5315551757812,464.7301025390625,1166.739013671875,417.09539794921875,1286.3240966796875,512.3648071289062
835,33.4,10,2,car,0.4360119700431824,1086.6207885742188,475.0518341064453,1009.746826171875,436.2826843261719,1163.4947509765625,513.8209838867188
836,33.44,24,2,car,0.7490429282188416,48.038936614990234,409.1361541748047,0.31038665771484375,338.8969421386719,95.76748657226562,479.3753662109375
836,33.44,18,2,car,0.5792639255523682,836.4956970214844,464.8465576171875,754.17822265625,422.42596435546875,918.8131713867188,507.26715087890625
836,33.44,9,2,car,0.5539082884788513,1469.4676513671875,483.38194274902344,1408.0592041015625,442.3323669433594,1530.8760986328125,524.4315185546875
836,33.44,10,2,car,0.514563798904419,1098.198486328125,474.63609313964844,1013.27490234375,434.9548645019531,1183.1220703125,514.3173217773438
836,33.44,12,2,car,0.5044424533843994,1231.6967163085938,463.1763000488281,1175.4884033203125,415.6692199707031,1287.905029296875,510.6833801269531
836,33.44,15,2,car,0.47314003109931946,1319.0305786132812,476.7257995605469,1282.3509521484375,453.1141662597656,1355.710205078125,500.3374328613281
837,33.48,24,2,car,0.6988025903701782,49.986019134521484,409.0246124267578,0.0,336.3607177734375,99.97203826904297,481.6885070800781
837,33.48,18,2,car,0.6642026305198669,836.3960876464844,464.54498291015625,752.5029296875,421.18267822265625,920.2892456054688,507.90728759765625
837,33.48,10,2,car,0.5565492510795593,1099.1874084472656,474.8541717529297,1013.1271362304688,435.7865295410156,1185.2476806640625,513.9218139648438
837,33.48,9,2,car,0.5528072714805603,1472.3421020507812,482.6086120605469,1410.495849609375,439.71075439453125,1534.1883544921875,525.5064697265625
837,33.48,12,2,car,0.528523862361908,1233.089111328125,463.5574951171875,1177.5001220703125,416.39923095703125,1288.6781005859375,510.71575927734375
837,33.48,15,2,car,0.49296391010284424,1317.884765625,476.7015380859375,1279.921142578125,452.86798095703125,1355.848388671875,500.53509521484375
838,33.52,18,2,car,0.5942509174346924,834.8238525390625,463.6152648925781,748.617431640625,419.4114074707031,921.0302734375,507.8191223144531
838,33.52,9,2,car,0.5818904638290405,1469.3883056640625,484.3064422607422,1408.529296875,443.7865905761719,1530.247314453125,524.8262939453125
838,33.52,10,2,car,0.5550318956375122,1098.6249084472656,476.25970458984375,1014.5248413085938,438.2911376953125,1182.7249755859375,514.228271484375
838,33.52,24,2,car,0.5238441228866577,52.25568389892578,410.75416564941406,0.13753509521484375,338.15447998046875,104.37383270263672,483.3538513183594
838,33.52,15,2,car,0.5141608715057373,1318.4267578125,477.10765075683594,1280.473388671875,452.95013427734375,1356.380126953125,501.2651672363281
838,33.52,12,2,car,0.40400880575180054,1230.5714721679688,465.33287048339844,1175.246337890625,417.8833923339844,1285.8966064453125,512.7823486328125
839,33.56,18,2,car,0.5444622039794922,829.6298217773438,462.69898986816406,737.0460205078125,417.6335754394531,922.213623046875,507.764404296875
839,33.56,9,2,car,0.5294856429100037,1470.2230224609375,482.7588806152344,1409.341552734375,441.67376708984375,1531.1044921875,523.843994140625
839,33.56,15,2,car,0.5188981294631958,1317.8035888671875,477.4096984863281,1279.5562744140625,452.9658508300781,1356.0509033203125,501.8535461425781
839,33.56,10,2,car,0.5173712968826294,1099.2040710449219,476.39337158203125,1013.7504272460938,438.39202880859375,1184.65771484375,514.3947143554688
839,33.56,24,2,car,0.5074490308761597,55.6005859375,407.1533660888672,0.0,331.8071594238281,111.201171875,482.49957275390625
839,33.56,12,2,car,0.38716912269592285,1233.5511474609375,463.45567321777344,1180.905029296875,416.1827392578125,1286.197265625,510.7286071777344
840,33.6,18,2,car,0.5722054243087769,832.6344604492188,466.0031433105469,746.7459106445312,424.81365966796875,918.5230102539062,507.192626953125
840,33.6,15,2,car,0.502116322517395,1317.0570068359375,477.7960510253906,1277.9761962890625,453.01080322265625,1356.1378173828125,502.581298828125
840,33.6,9,2,car,0.49521946907043457,1470.02392578125,482.7516326904297,1409.4676513671875,442.0578308105469,1530.5802001953125,523.4454345703125
840,33.6,10,2,car,0.4446932077407837,1098.2283325195312,476.45066833496094,1013.0167236328125,438.3338928222656,1183.43994140625,514.5674438476562
840,33.6,12,2,car,0.4150744378566742,1233.9592895507812,463.6966552734375,1184.2620849609375,416.4693603515625,1283.656494140625,510.9239501953125
841,33.64,18,2,car,0.5619961619377136,829.2863159179688,464.036865234375,744.5943603515625,420.0942077636719,913.978271484375,507.9795227050781
841,33.64,15,2,car,0.5123448371887207,1316.393310546875,478.38169860839844,1276.789794921875,453.12646484375,1355.996826171875,503.6369323730469
841,33.64,9,2,car,0.4993846118450165,1473.3648681640625,480.6452941894531,1413.2059326171875,437.33074951171875,1533.5238037109375,523.9598388671875
841,33.64,10,2,car,0.48050767183303833,1101.5183715820312,476.7939758300781,1015.9998779296875,438.875732421875,1187.036865234375,514.7122192382812
841,33.64,12,2,car,0.3804936707019806,1234.4996948242188,463.80418395996094,1185.341796875,416.3009948730469,1283.6575927734375,511.307373046875
842,33.68,18,2,car,0.5515795946121216,830.7750244140625,464.17474365234375,746.37255859375,421.059814453125,915.177490234375,507.2896728515625
842,33.68,9,2,car,0.5125284194946289,1475.0615844726562,480.66200256347656,1414.5838623046875,437.7433776855469,1535.539306640625,523.5806274414062
842,33.68,10,2,car,0.49030667543411255,1104.3643493652344,477.00621032714844,1020.6769409179688,439.4726257324219,1188.0517578125,514.539794921875
842,33.68,15,2,car,0.4875372052192688,1318.2296752929688,477.8451232910156,1279.2767333984375,453.88934326171875,1357.1826171875,501.8009033203125
842,33.68,12,2,car,0.4523695111274719,1231.175048828125,464.30372619628906,1174.3809814453125,416.5919494628906,1287.9691162109375,512.0155029296875
842,33.68,24,2,car,0.39326971769332886,57.89491653442383,404.11724853515625,0.10407257080078125,324.87762451171875,115.68576049804688,483.35687255859375
843,33.72,9,2,car,0.5523655414581299,1473.9261474609375,480.96531677246094,1414.7545166015625,437.7402648925781,1533.0977783203125,524.1903686523438
843,33.72,18,2,car,0.5442377328872681,831.8900756835938,463.937255859375,745.7913208007812,420.7125549316406,917.9888305664062,507.1619567871094
843,33.72,10,2,car,0.5314468145370483,1103.9757080078125,477.23765563964844,1020.1090087890625,439.6639709472656,1187.8424072265625,514.8113403320312
843,33.72,12,2,car,0.48814263939857483,1233.8616333007812,463.61480712890625,1179.865966796875,416.38128662109375,1287.8572998046875,510.84832763671875
843,33.72,15,2,car,0.4679011106491089,1317.963623046875,477.345458984375,1279.2291259765625,453.78839111328125,1356.6981201171875,500.90252685546875
843,33.72,24,2,car,0.45954620838165283,59.38461494445801,399.77305603027344,0.20769882202148438,316.1130676269531,118.56153106689453,483.43304443359375
844,33.76,18,2,car,0.5247827768325806,831.1482849121094,464.93133544921875,746.2229614257812,422.9674072265625,916.0736083984375,506.895263671875
844,33.76,9,2,car,0.5245838761329651,1474.3889770507812,481.4705047607422,1415.012451171875,439.3265075683594,1533.7655029296875,523.614501953125
844,33.76,10,2,car,0.4955059885978699,1104.7602233886719,477.19728088378906,1019.6848754882812,439.6908874511719,1189.8355712890625,514.7036743164062
844,33.76,24,2,car,0.4670863449573517,59.72079277038574,404.7873229980469,0.14402389526367188,327.20654296875,119.29756164550781,482.36810302734375
844,33.76,15,2,car,0.44604283571243286,1318.780517578125,477.18365478515625,1280.9384765625,454.31854248046875,1356.62255859375,500.04876708984375
844,33.76,12,2,car,0.428352028131485,1233.4212646484375,463.81256103515625,1178.4193115234375,416.8028869628906,1288.4232177734375,510.8222351074219
845,33.8,9,2,car,0.6235167384147644,1474.2239379882812,476.80908203125,1414.109619140625,430.00006103515625,1534.3382568359375,523.6181030273438
845,33.8,18,2,car,0.5638418793678284,833.3917236328125,462.9493865966797,741.7884521484375,418.52008056640625,924.9949951171875,507.3786926269531
845,33.8,10,2,car,0.5352030396461487,1104.6506652832031,476.58909606933594,1017.2656860351562,438.7337951660156,1192.03564453125,514.4443969726562
845,33.8,15,2,car,0.4755267798900604,1318.0598754882812,477.5146942138672,1278.9063720703125,453.8724365234375,1357.21337890625,501.1569519042969
845,33.8,12,2,car,0.4640241265296936,1234.763427734375,463.4059753417969,1181.45703125,416.2240905761719,1288.06982421875,510.5878601074219
845,33.8,24,2,car,0.3774411380290985,62.087825775146484,407.08973693847656,0.34339141845703125,332.4961853027344,123.83226013183594,481.68328857421875
846,33.84,18,2,car,0.6431699395179749,834.3998107910156,462.0011749267578,741.33251953125,416.5638732910156,927.4671020507812,507.4384765625
846,33.84,9,2,car,0.591831624507904,1473.6311645507812,476.343017578125,1413.13330078125,429.027099609375,1534.1290283203125,523.658935546875
846,33.84,10,2,car,0.527721107006073,1105.4863586425781,476.6549072265625,1018.3452758789062,439.032470703125,1192.62744140625,514.27734375
846,33.84,15,2,car,0.48325055837631226,1319.2871704101562,477.7342987060547,1280.5572509765625,454.12628173828125,1358.01708984375,501.3423156738281
846,33.84,12,2,car,0.443642795085907,1234.29052734375,464.1067199707031,1180.564453125,416.3544616699219,1288.0166015625,511.8589782714844
847,33.88,18,2,car,0.6654558181762695,835.1495361328125,461.6136474609375,740.104248046875,415.8277587890625,930.19482421875,507.3995361328125
847,33.88,9,2,car,0.5786390900611877,1474.5787963867188,476.10205078125,1414.118408203125,429.17633056640625,1535.0391845703125,523.0277709960938
847,33.88,10,2,car,0.570810079574585,1103.7190856933594,476.287841796875,1014.0692749023438,438.01025390625,1193.368896484375,514.5654296875
847,33.88,24,2,car,0.5031977295875549,65.8737907409668,398.5416717529297,0.24790191650390625,316.07196044921875,131.4996795654297,481.0113830566406
847,33.88,12,2,car,0.4945884644985199,1234.0128173828125,464.9078369140625,1179.5440673828125,417.33978271484375,1288.4815673828125,512.4758911132812
847,33.88,15,2,car,0.4720035791397095,1321.082763671875,476.8440856933594,1282.77734375,453.147216796875,1359.38818359375,500.54095458984375
848,33.92,18,2,car,0.6734960079193115,835.5630798339844,459.9163818359375,742.1526489257812,412.9165954589844,928.9735107421875,506.9161682128906
848,33.92,9,2,car,0.5479695200920105,1473.5303344726562,475.63690185546875,1411.786376953125,429.3076171875,1535.2742919921875,521.9661865234375
848,33.92,10,2,car,0.547529935836792,1103.6628112792969,476.2183074951172,1015.0394897460938,438.1877746582031,1192.2861328125,514.2488403320312
848,33.92,15,2,car,0.5147805213928223,1322.4132080078125,476.47105407714844,1285.1240234375,453.1600341796875,1359.702392578125,499.7820739746094
848,33.92,12,2,car,0.47773227095603943,1235.9065551757812,464.5133972167969,1182.982666015625,416.99322509765625,1288.8304443359375,512.0335693359375
848,33.92,24,2,car,0.4505317807197571,66.9075813293457,406.3634796142578,0.08699798583984375,330.78302001953125,133.72816467285156,481.9439392089844
849,33.96,18,2,car,0.6687396764755249,834.4413452148438,459.59486389160156,742.97705078125,412.989990234375,925.9056396484375,506.1997375488281
849,33.96,9,2,car,0.5729489326477051,1474.009521484375,476.45130920410156,1412.0997314453125,429.6158752441406,1535.9193115234375,523.2867431640625
849,33.96,12,2,car,0.5137234330177307,1236.02392578125,464.6567687988281,1182.979736328125,418.1488952636719,1289.068115234375,511.1646423339844
849,33.96,10,2,car,0.4989355802536011,1104.6897888183594,476.06634521484375,1017.1904907226562,438.1614990234375,1192.1890869140625,513.97119140625
849,33.96,24,2,car,0.4625281095504761,68.17086791992188,379.9785461425781,0.3233642578125,279.3160400390625,136.01837158203125,480.64105224609375
849,33.96,15,2,car,0.4608345329761505,1322.52392578125,477.1592102050781,1285.2572021484375,453.8822937011719,1359.7906494140625,500.4361267089844
850,34.0,18,2,car,0.5756309628486633,830.7552795410156,459.3029022216797,744.3132934570312,413.1815185546875,917.197265625,505.4242858886719
850,34.0,10,2,car,0.5627207159996033,1106.1448974609375,476.1357421875,1023.126708984375,437.77423095703125,1189.1630859375,514.4972534179688
850,34.0,9,2,car,0.5492166876792908,1473.97021484375,476.36134338378906,1413.6138916015625,429.5553894042969,1534.3265380859375,523.1672973632812
850,34.0,12,2,car,0.523003876209259,1236.2791748046875,464.30950927734375,1186.931884765625,418.0481872558594,1285.62646484375,510.5708312988281
850,34.0,24,2,car,0.5127204656600952,70.61006164550781,380.1750946044922,0.083404541015625,280.0050354003906,141.13671875,480.34515380859375
850,34.0,15,2,car,0.4892788827419281,1322.0568237304688,477.64324951171875,1283.5338134765625,454.6359558105469,1360.579833984375,500.6505432128906
851,34.04,10,2,car,0.5934282541275024,1105.3408813476562,476.0169219970703,1023.0648193359375,437.6731872558594,1187.616943359375,514.3606567382812
851,34.04,9,2,car,0.5760784149169922,1473.645751953125,476.4523162841797,1412.7620849609375,429.6521301269531,1534.5294189453125,523.2525024414062
851,34.04,12,2,car,0.5604614615440369,1235.5314331054688,465.12730407714844,1182.6298828125,418.2279968261719,1288.4329833984375,512.026611328125
851,34.04,18,2,car,0.5267456769943237,831.5057067871094,458.6245422363281,745.03076171875,411.94134521484375,917.9806518554688,505.3077392578125
851,34.04,15,2,car,0.5051684975624084,1321.451416015625,477.6727294921875,1282.304443359375,454.1611633300781,1360.598388671875,501.1842956542969
851,34.04,24,2,car,0.37236538529396057,73.20648002624512,381.5873107910156,0.3277244567871094,280.29803466796875,146.08523559570312,482.8765869140625
852,34.08,9,2,car,0.5207751393318176,1474.1449584960938,476.1402282714844,1413.3065185546875,429.0091552734375,1534.9833984375,523.2713012695312
852,34.08,10,2,car,0.5082626342773438,1105.7224426269531,476.8675079345703,1022.9957885742188,439.4664001464844,1188.4490966796875,514.2686157226562
852,34.08,12,2,car,0.49129000306129456,1236.5904541015625,465.1397399902344,1183.44482421875,417.99664306640625,1289.736083984375,512.2828369140625
852,34.08,18,2,car,0.4865027368068695,831.4159851074219,459.3730773925781,747.4561767578125,414.79119873046875,915.3757934570312,503.9549560546875
852,34.08,24,2,car,0.47495684027671814,75.09277153015137,380.6374969482422,0.2555809020996094,279.110595703125,149.92996215820312,482.1643981933594
852,34.08,15,2,car,0.4743676781654358,1320.830322265625,479.28575134277344,1280.692138671875,454.98724365234375,1360.968505859375,503.5842590332031
853,34.12,10,2,car,0.5973977446556091,1107.8001708984375,476.93443298339844,1024.5157470703125,439.8544006347656,1191.0845947265625,514.0144653320312
853,34.12,9,2,car,0.5550358295440674,1472.08203125,478.0170440673828,1412.443115234375,433.6941223144531,1531.720947265625,522.3399658203125
853,34.12,18,2,car,0.4980558454990387,830.958251953125,459.3292236328125,747.79541015625,414.4376220703125,914.12109375,504.2208251953125
853,34.12,12,2,car,0.49540525674819946,1238.9308471679688,466.03358459472656,1187.6207275390625,419.1614685058594,1290.240966796875,512.9057006835938
853,34.12,24,2,car,0.4529731571674347,76.3018798828125,381.0850524902344,0.2626190185546875,278.4652404785156,152.3411407470703,483.7048645019531
853,34.12,15,2,car,0.4289548397064209,1319.2818603515625,479.9235534667969,1278.1212158203125,454.4920349121094,1360.4425048828125,505.3550720214844
854,34.16,10,2,car,0.6341061592102051,1106.8197631835938,477.33497619628906,1029.737548828125,440.3713073730469,1183.9019775390625,514.2986450195312
854,34.16,9,2,car,0.549531102180481,1474.5089721679688,476.5674133300781,1414.04296875,430.9991455078125,1534.9749755859375,522.1356811523438
854,34.16,12,2,car,0.5431038737297058,1236.0219116210938,465.4438018798828,1182.5439453125,418.2199401855469,1289.4998779296875,512.6676635742188
854,34.16,18,2,car,0.5363020300865173,840.1703796386719,459.7328796386719,747.8281860351562,413.38494873046875,932.5125732421875,506.080810546875
854,34.16,15,2,car,0.461408406496048,1318.417724609375,479.6926574707031,1277.84228515625,454.12335205078125,1358.9931640625,505.261962890625
854,34.16,24,2,car,0.3768407702445984,78.31071853637695,381.4725036621094,0.35039520263671875,278.6451416015625,156.2710418701172,484.29986572265625
855,34.2,10,2,car,0.5846203565597534,1106.8917236328125,474.4375915527344,1026.7142333984375,434.93109130859375,1187.0692138671875,513.944091796875
855,34.2,9,2,car,0.5586158633232117,1474.1085815429688,475.8694305419922,1411.260986328125,430.9321594238281,1536.9561767578125,520.8067016601562
855,34.2,12,2,car,0.5378468036651611,1238.6216430664062,466.0890197753906,1185.7274169921875,418.18450927734375,1291.515869140625,513.9935302734375
855,34.2,24,2,car,0.5164485573768616,78.82669448852539,381.74595642089844,0.16994476318359375,280.85662841796875,157.4834442138672,482.6352844238281
855,34.2,15,2,car,0.41356024146080017,1318.3878784179688,479.3661804199219,1277.8675537109375,453.29791259765625,1358.908203125,505.4344482421875
855,34.2,18,2,car,0.40936681628227234,836.215576171875,459.78021240234375,750.84375,415.3388671875,921.58740234375,504.2215576171875
856,34.24,12,2,car,0.5866053700447083,1236.9668579101562,464.91685485839844,1185.10205078125,417.1905212402344,1288.8316650390625,512.6431884765625
856,34.24,10,2,car,0.5464329719543457,1104.8327026367188,471.04127502441406,1022.8233642578125,428.2153015136719,1186.842041015625,513.8672485351562
856,34.24,9,2,car,0.5362173318862915,1473.7919311523438,476.266357421875,1411.0546875,431.14923095703125,1536.5291748046875,521.3834838867188
856,34.24,24,2,car,0.4230474531650543,81.24802207946777,381.6546325683594,0.3708000183105469,280.7369689941406,162.125244140625,482.5722961425781
856,34.24,15,2,car,0.3976261019706726,1318.6597900390625,479.37451171875,1278.12353515625,452.5242004394531,1359.196044921875,506.2248229980469
856,34.24,18,2,car,0.36819201707839966,844.631103515625,460.18231201171875,749.492431640625,413.8856506347656,939.769775390625,506.4789733886719
857,34.28,9,2,car,0.5641465783119202,1474.0206298828125,475.5187072753906,1410.75,430.39410400390625,1537.291259765625,520.643310546875
857,34.28,10,2,car,0.560230016708374,1110.2094116210938,470.7083740234375,1028.0047607421875,426.94970703125,1192.4140625,514.467041015625
857,34.28,12,2,car,0.5041161179542542,1238.061279296875,463.6602478027344,1189.45751953125,416.5380554199219,1286.6650390625,510.7824401855469
857,34.28,24,2,car,0.48586973547935486,83.23328018188477,385.3751983642578,0.09912872314453125,286.7182922363281,166.367431640625,484.0321044921875
857,34.28,15,2,car,0.48325538635253906,1319.0902709960938,479.85845947265625,1279.0361328125,453.18328857421875,1359.1444091796875,506.53363037109375
857,34.28,18,2,car,0.36870235204696655,868.3297729492188,462.57965087890625,798.4561767578125,417.7095642089844,938.203369140625,507.4497375488281
858,34.32,10,2,car,0.5842832922935486,1110.0003051757812,470.01890563964844,1026.0455322265625,426.2289733886719,1193.955078125,513.808837890625
858,34.32,9,2,car,0.5537469387054443,1473.48583984375,476.0209197998047,1410.65966796875,431.1773986816406,1536.31201171875,520.8644409179688
858,34.32,12,2,car,0.539344847202301,1238.6837158203125,463.99061584472656,1189.7216796875,417.3896789550781,1287.645751953125,510.591552734375
858,34.32,24,2,car,0.4604274034500122,85.36985397338867,381.78564453125,0.5238418579101562,281.77545166015625,170.2158660888672,481.79583740234375
858,34.32,15,2,car,0.4507385194301605,1320.1043090820312,479.4775085449219,1280.8924560546875,453.1084899902344,1359.316162109375,505.8465270996094
859,34.36,9,2,car,0.6319933533668518,1472.1840209960938,475.3078155517578,1411.7410888671875,430.4739074707031,1532.626953125,520.1417236328125
859,34.36,12,2,car,0.5346745252609253,1239.6697387695312,464.25762939453125,1191.0506591796875,417.6053771972656,1288.288818359375,510.9098815917969
859,34.36,10,2,car,0.5204861760139465,1109.5868530273438,466.76258850097656,1029.050537109375,419.6376647949219,1190.1231689453125,513.8875122070312
859,34.36,15,2,car,0.4428991973400116,1320.12060546875,479.5660400390625,1279.8809814453125,452.6675720214844,1360.3602294921875,506.4645080566406
859,34.36,24,2,car,0.437296599149704,85.55791854858398,382.53497314453125,0.38912200927734375,281.9814147949219,170.72671508789062,483.0885314941406
859,34.36,18,2,car,0.4344550669193268,869.8595581054688,462.73265075683594,799.7543334960938,417.681884765625,939.9647827148438,507.7834167480469
860,34.4,9,2,car,0.6011354923248291,1471.7982177734375,476.9554901123047,1413.5120849609375,433.7390441894531,1530.0843505859375,520.1719360351562
860,34.4,12,2,car,0.49253591895103455,1240.02734375,464.46990966796875,1189.0577392578125,417.5068359375,1290.9969482421875,511.4329833984375
860,34.4,10,2,car,0.49211061000823975,1109.4290161132812,466.9273681640625,1030.7054443359375,419.70867919921875,1188.152587890625,514.1460571289062
860,34.4,24,2,car,0.4477362334728241,86.93807792663574,381.81787109375,0.3917655944824219,281.3355407714844,173.48439025878906,482.3002014160156
860,34.4,15,2,car,0.4367857277393341,1319.264404296875,480.2376251220703,1278.15185546875,453.1419982910156,1360.376953125,507.333251953125
860,34.4,18,2,car,0.3539305329322815,871.8764343261719,462.9722900390625,801.8119506835938,418.2243347167969,941.94091796875,507.7202453613281
861,34.44,9,2,car,0.5727729201316833,1472.5804443359375,476.0392303466797,1411.1474609375,431.4123229980469,1534.013427734375,520.6661376953125
861,34.44,12,2,car,0.5350545644760132,1240.3057861328125,463.3818054199219,1192.1806640625,418.134521484375,1288.430908203125,508.62908935546875
861,34.44,24,2,car,0.4840548634529114,89.05716514587402,383.01910400390625,0.10172653198242188,281.9768371582031,178.01260375976562,484.0613708496094
861,34.44,10,2,car,0.45437127351760864,1110.5062866210938,468.7124328613281,1032.2900390625,423.55364990234375,1188.7225341796875,513.8712158203125
861,34.44,15,2,car,0.4283353090286255,1318.8280029296875,479.9830627441406,1277.234619140625,452.7016296386719,1360.42138671875,507.2644958496094
862,34.48,24,2,car,0.5864237546920776,90.90210151672363,382.08526611328125,0.4341316223144531,282.8580322265625,181.3700714111328,481.3125
862,34.48,12,2,car,0.5693660378456116,1235.309326171875,466.27806091308594,1179.0977783203125,418.3622131347656,1291.5208740234375,514.1939086914062
862,34.48,9,2,car,0.5576687455177307,1469.91845703125,476.94358825683594,1411.2789306640625,433.8110046386719,1528.5579833984375,520.076171875
862,34.48,15,2,car,0.4819987416267395,1319.5958862304688,480.63677978515625,1278.3878173828125,453.5350646972656,1360.803955078125,507.7384948730469
862,34.48,10,2,car,0.4425656199455261,1107.9887084960938,463.9667205810547,1031.8031005859375,414.2853698730469,1184.17431640625,513.6480712890625
862,34.48,18,2,car,0.3570147156715393,876.0396118164062,462.5478515625,809.6986694335938,417.399169921875,942.3805541992188,507.696533203125
863,34.52,9,2,car,0.6009175181388855,1472.4799194335938,476.31333923339844,1411.9315185546875,432.1731262207031,1533.0283203125,520.4535522460938
863,34.52,12,2,car,0.5624178051948547,1235.3040771484375,466.3931884765625,1178.3515625,418.67095947265625,1292.256591796875,514.1154174804688
863,34.52,10,2,car,0.5196743607521057,1111.28515625,465.94041442871094,1036.2188720703125,417.8077697753906,1186.3514404296875,514.0730590820312
863,34.52,24,2,car,0.5179042220115662,91.67510032653809,382.1224365234375,0.14109420776367188,281.1845397949219,183.2091064453125,483.0603332519531
863,34.52,15,2,car,0.4763634502887726,1319.34130859375,480.3342590332031,1278.2552490234375,453.4477844238281,1360.4273681640625,507.2207336425781
863,34.52,18,2,car,0.452801913022995,876.3031311035156,461.7561950683594,809.2236328125,416.1009521484375,943.3826293945312,507.41143798828125
864,34.56,12,2,car,0.6057213544845581,1235.5816040039062,466.55865478515625,1178.7864990234375,418.23663330078125,1292.376708984375,514.8806762695312
864,34.56,9,2,car,0.5822369456291199,1472.1614990234375,476.0103454589844,1411.7689208984375,431.5693359375,1532.5540771484375,520.4513549804688
864,34.56,24,2,car,0.5262846350669861,93.26787567138672,383.0596618652344,0.8354644775390625,283.2249755859375,185.70028686523438,482.89434814453125
864,34.56,10,2,car,0.5128865838050842,1108.3705444335938,464.50230407714844,1032.812255859375,415.2917175292969,1183.9288330078125,513.712890625
864,34.56,15,2,car,0.4506089389324188,1321.1659545898438,479.41209411621094,1281.7803955078125,453.62054443359375,1360.551513671875,505.2036437988281
864,34.56,18,2,car,0.4492357671260834,877.2500305175781,461.4031677246094,809.2301025390625,414.8463134765625,945.2699584960938,507.96002197265625
865,34.6,9,2,car,0.6295176148414612,1473.0686645507812,475.48011779785156,1412.56787109375,430.8542175292969,1533.5694580078125,520.1060180664062
865,34.6,12,2,car,0.5735193490982056,1239.0517578125,466.15858459472656,1185.2406005859375,418.4685974121094,1292.8629150390625,513.8485717773438
865,34.6,10,2,car,0.560939610004425,1111.3992309570312,461.57444763183594,1038.1015625,409.9804992675781,1184.6968994140625,513.1683959960938
865,34.6,24,2,car,0.5172359347343445,94.84102630615234,384.1255187988281,0.3760528564453125,284.32305908203125,189.30599975585938,483.927978515625
865,34.6,18,2,car,0.4788872301578522,878.0728149414062,461.9153137207031,813.4702758789062,416.0679931640625,942.6753540039062,507.76263427734375
865,34.6,15,2,car,0.43140360713005066,1320.9288330078125,479.76177978515625,1280.9739990234375,453.896484375,1360.8836669921875,505.6270751953125
866,34.64,9,2,car,0.5748602747917175,1472.514404296875,475.0693359375,1412.2060546875,431.09088134765625,1532.82275390625,519.0477905273438
866,34.64,12,2,car,0.5402435660362244,1237.6459350585938,465.95684814453125,1183.244384765625,418.4351806640625,1292.0474853515625,513.478515625
866,34.64,10,2,car,0.5165064930915833,1113.3139038085938,462.1734924316406,1040.80078125,410.9556884765625,1185.8270263671875,513.3912963867188
866,34.64,18,2,car,0.4715312421321869,881.6888732910156,462.1192932128906,814.2764892578125,415.4079895019531,949.1012573242188,508.8305969238281
866,34.64,15,2,car,0.4614046514034271,1320.3494873046875,480.1899719238281,1280.3433837890625,454.021728515625,1360.3555908203125,506.35821533203125
866,34.64,24,2,car,0.40728849172592163,94.4267807006836,384.5548095703125,0.3167724609375,286.5585021972656,188.5367889404297,482.5511169433594
867,34.68,9,2,car,0.603055477142334,1471.156982421875,476.48341369628906,1413.94873046875,432.8755187988281,1528.365234375,520.09130859375
867,34.68,12,2,car,0.5652005076408386,1239.2832641601562,465.91790771484375,1187.0364990234375,418.56170654296875,1291.530029296875,513.2741088867188
867,34.68,24,2,car,0.4946019947528839,96.75059509277344,385.15455627441406,0.3292236328125,285.77996826171875,193.17196655273438,484.5291442871094
867,34.68,18,2,car,0.4891330897808075,876.8355102539062,460.2355041503906,797.504150390625,413.06964111328125,956.1668701171875,507.4013671875
867,34.68,10,2,car,0.48615384101867676,1114.9835205078125,463.51768493652344,1041.89111328125,412.9131164550781,1188.075927734375,514.1222534179688
867,34.68,15,2,car,0.4718729853630066,1321.466796875,480.0788269042969,1282.255859375,454.7706298828125,1360.677734375,505.38702392578125
868,34.72,9,2,car,0.6729719638824463,1470.84228515625,476.806640625,1413.882568359375,433.1026611328125,1527.802001953125,520.5106201171875
868,34.72,12,2,car,0.6233279705047607,1236.4428100585938,466.45640563964844,1180.7850341796875,418.5566711425781,1292.1005859375,514.3561401367188
868,34.72,10,2,car,0.5693672299385071,1113.8155517578125,464.4026184082031,1041.0655517578125,414.80950927734375,1186.5655517578125,513.9957275390625
868,34.72,18,2,car,0.5680670738220215,881.1479187011719,463.7289733886719,810.5158081054688,417.2955322265625,951.780029296875,510.16241455078125
868,34.72,24,2,car,0.5212321877479553,99.92259979248047,384.99827575683594,0.9419403076171875,286.1766052246094,198.90325927734375,483.8199462890625
868,34.72,15,2,car,0.4286326766014099,1321.7369384765625,479.9674835205078,1282.5399169921875,454.8810729980469,1360.9339599609375,505.05389404296875
869,34.76,9,2,car,0.6500452756881714,1471.1568603515625,476.86260986328125,1413.88916015625,433.12152099609375,1528.424560546875,520.6036987304688
869,34.76,24,2,car,0.588077962398529,100.57381057739258,385.4191589355469,1.0323715209960938,286.83050537109375,200.11524963378906,484.0078125
869,34.76,12,2,car,0.5623458623886108,1238.5140991210938,466.1609802246094,1184.1451416015625,418.60968017578125,1292.883056640625,513.7122802734375
869,34.76,10,2,car,0.5255213379859924,1116.9033813476562,470.7566375732422,1042.3759765625,427.2876892089844,1191.4307861328125,514.2255859375
869,34.76,18,2,car,0.4938295781612396,884.239013671875,463.8685760498047,814.7274169921875,417.7745666503906,953.7506103515625,509.96258544921875
869,34.76,15,2,car,0.4361421763896942,1322.8646850585938,478.8218078613281,1284.1234130859375,454.6983947753906,1361.60595703125,502.9452209472656
870,34.8,9,2,car,0.6621370315551758,1470.3290405273438,477.18067932128906,1413.5101318359375,433.5989685058594,1527.14794921875,520.7623901367188
870,34.8,12,2,car,0.6433334946632385,1239.2326049804688,466.1928405761719,1184.89697265625,418.283935546875,1293.5682373046875,514.1017456054688
870,34.8,10,2,car,0.6183897256851196,1113.7933959960938,462.1548156738281,1041.6522216796875,410.4283447265625,1185.9345703125,513.8812866210938
870,34.8,18,2,car,0.5550114512443542,864.91943359375,460.35267639160156,773.7735595703125,411.59576416015625,956.0653076171875,509.1095886230469
870,34.8,24,2,car,0.523960530757904,102.44685745239258,386.4556121826172,1.1386184692382812,289.531982421875,203.75509643554688,483.3792419433594
870,34.8,15,2,car,0.4451245367527008,1323.574951171875,479.0107727050781,1285.168212890625,454.8519287109375,1361.981689453125,503.16961669921875
871,34.84,9,2,car,0.6312469840049744,1470.2525634765625,476.7804870605469,1412.19921875,433.36773681640625,1528.305908203125,520.1932373046875
871,34.84,12,2,car,0.5680034160614014,1237.3450927734375,466.9060974121094,1183.2425537109375,419.331787109375,1291.4476318359375,514.4804077148438
871,34.84,24,2,car,0.5394067764282227,103.62606811523438,388.71311950683594,0.998748779296875,292.6118469238281,206.25338745117188,484.81439208984375
871,34.84,18,2,car,0.488526850938797,864.0415649414062,461.17071533203125,773.3814697265625,413.78961181640625,954.70166015625,508.55181884765625
871,34.84,10,2,car,0.478771448135376,1119.115478515625,467.52711486816406,1045.660888671875,420.7233581542969,1192.570068359375,514.3308715820312
871,34.84,15,2,car,0.46388542652130127,1322.4353637695312,479.40087890625,1282.84619140625,454.3656005859375,1362.0245361328125,504.4361572265625
872,34.88,9,2,car,0.6515288352966309,1470.283935546875,476.55592346191406,1412.0457763671875,433.5152893066406,1528.5220947265625,519.5965576171875
872,34.88,12,2,car,0.6291611194610596,1237.73291015625,467.1920471191406,1183.716796875,419.8450927734375,1291.7490234375,514.5390014648438
872,34.88,18,2,car,0.5445604920387268,881.7912292480469,467.2846984863281,819.7183837890625,425.0992126464844,943.8640747070312,509.4701843261719
872,34.88,24,2,car,0.5228971838951111,103.06430053710938,387.48883056640625,0.2405548095703125,289.96795654296875,205.88804626464844,485.00970458984375
872,34.88,15,2,car,0.5083421468734741,1323.58984375,480.0916748046875,1283.6602783203125,455.36492919921875,1363.5194091796875,504.81842041015625
872,34.88,10,2,car,0.48877519369125366,1120.5027465820312,468.4497833251953,1048.6300048828125,422.8327331542969,1192.37548828125,514.0668334960938
873,34.92,9,2,car,0.6012023091316223,1468.2642822265625,476.19871520996094,1407.40478515625,432.7112731933594,1529.123779296875,519.6861572265625
873,34.92,18,2,car,0.5918482542037964,890.4983825683594,472.75152587890625,822.090087890625,433.69952392578125,958.9066772460938,511.80352783203125
873,34.92,12,2,car,0.5440518856048584,1239.3209228515625,466.67164611816406,1186.7279052734375,419.7300109863281,1291.9139404296875,513.61328125
873,34.92,15,2,car,0.517466127872467,1324.1677856445312,479.6855010986328,1283.7818603515625,455.983642578125,1364.5537109375,503.3873596191406
873,34.92,10,2,car,0.4973243772983551,1122.7177734375,475.4197998046875,1048.417236328125,436.50750732421875,1197.018310546875,514.3320922851562
873,34.92,24,2,car,0.4907837212085724,104.85998916625977,387.5311737060547,0.11908721923828125,290.69427490234375,209.60089111328125,484.3680725097656
874,34.96,9,2,car,0.6502043008804321,1467.7618408203125,476.74822998046875,1407.70068359375,432.98638916015625,1527.822998046875,520.5100708007812
874,34.96,18,2,car,0.5975023508071899,891.6069946289062,471.47113037109375,822.4085083007812,432.3337097167969,960.8054809570312,510.6085510253906
874,34.96,10,2,car,0.5791305899620056,1123.9026489257812,469.4112548828125,1049.1181640625,424.28057861328125,1198.6871337890625,514.5419311523438
874,34.96,12,2,car,0.5631683468818665,1239.1167602539062,466.30870056152344,1186.30419921875,419.2136535644531,1291.9293212890625,513.4037475585938
874,34.96,15,2,car,0.4942052364349365,1323.1393432617188,479.78558349609375,1280.877685546875,455.2855224609375,1365.4010009765625,504.28564453125
874,34.96,24,2,car,0.42389118671417236,106.71085739135742,386.022216796875,0.5662307739257812,288.1328430175781,212.85548400878906,483.9115905761719
875,35.0,9,2,car,0.6893295645713806,1469.2486572265625,476.3655090332031,1410.639892578125,432.50494384765625,1527.857421875,520.22607421875
875,35.0,18,2,car,0.6587356925010681,895.4573059082031,471.995361328125,826.5022583007812,433.54156494140625,964.412353515625,510.44915771484375
875,35.0,12,2,car,0.5815779566764832,1239.5438232421875,466.45301818847656,1187.477783203125,418.8728332519531,1291.60986328125,514.033203125
875,35.0,10,2,car,0.5473517179489136,1125.7568969726562,465.03395080566406,1049.3057861328125,415.6555480957031,1202.2080078125,514.412353515625
875,35.0,15,2,car,0.5046953558921814,1324.262451171875,479.22972106933594,1282.3408203125,455.0716552734375,1366.18408203125,503.3877868652344
875,35.0,24,2,car,0.45670410990715027,108.25431060791016,387.1300506591797,0.2108001708984375,290.12823486328125,216.29782104492188,484.1318664550781
876,35.04,9,2,car,0.6890454888343811,1468.9196166992188,476.6436767578125,1410.2044677734375,432.58502197265625,1527.634765625,520.7023315429688
876,35.04,18,2,car,0.6649538278579712,896.0308227539062,471.060791015625,827.5006713867188,432.26129150390625,964.5609741210938,509.86029052734375
876,35.04,12,2,car,0.6047467589378357,1242.3154296875,465.5099792480469,1191.7962646484375,417.62823486328125,1292.8345947265625,513.3917236328125
876,35.04,10,2,car,0.6024229526519775,1125.698486328125,462.10447692871094,1049.2655029296875,410.4598693847656,1202.1314697265625,513.7490844726562
876,35.04,24,2,car,0.5771356821060181,109.3221664428711,386.7012023925781,0.213226318359375,289.0827331542969,218.4311065673828,484.3196716308594
876,35.04,15,2,car,0.4779755175113678,1325.8524169921875,478.3040771484375,1285.8109130859375,454.9600524902344,1365.8939208984375,501.6481018066406
877,35.08,18,2,car,0.6759510636329651,897.0406494140625,470.75425720214844,828.072509765625,431.66192626953125,966.0087890625,509.8465881347656
877,35.08,9,2,car,0.6659486293792725,1470.4430541992188,477.44273376464844,1412.0035400390625,433.4585266113281,1528.882568359375,521.4269409179688
877,35.08,12,2,car,0.6167478561401367,1241.9375,465.89093017578125,1190.52294921875,417.590087890625,1293.35205078125,514.1917724609375
877,35.08,10,2,car,0.5469263792037964,1123.00244140625,462.7598876953125,1051.5848388671875,411.41107177734375,1194.4200439453125,514.1087036132812
877,35.08,24,2,car,0.5049045085906982,110.83946228027344,386.53187561035156,0.2431640625,289.0830078125,221.43576049804688,483.9807434082031
877,35.08,15,2,car,0.49598416686058044,1325.6407470703125,479.11431884765625,1284.6031494140625,454.3731994628906,1366.6783447265625,503.8554382324219
878,35.12,9,2,car,0.6950666308403015,1469.8773193359375,478.03289794921875,1412.0159912109375,434.13519287109375,1527.7386474609375,521.9306030273438
878,35.12,18,2,car,0.6670907139778137,896.6528930664062,471.1317443847656,827.8381958007812,432.2709045410156,965.4675903320312,509.9925842285156
878,35.12,12,2,car,0.6333582997322083,1240.8431396484375,467.18544006347656,1187.6260986328125,419.0243225097656,1294.0601806640625,515.3465576171875
878,35.12,10,2,car,0.6109133958816528,1121.281494140625,463.4726867675781,1051.436279296875,413.14044189453125,1191.126708984375,513.804931640625
878,35.12,15,2,car,0.5047345161437988,1324.884765625,478.7582702636719,1282.94873046875,453.8236083984375,1366.82080078125,503.69293212890625
878,35.12,24,2,car,0.45351412892341614,112.73533248901367,387.25843811035156,0.28900909423828125,289.703125,225.18165588378906,484.8137512207031
879,35.16,9,2,car,0.6845566630363464,1470.00048828125,477.39788818359375,1412.3262939453125,433.4637451171875,1527.6746826171875,521.33203125
879,35.16,18,2,car,0.6726785898208618,897.4473266601562,471.08074951171875,830.1939697265625,432.23052978515625,964.70068359375,509.93096923828125
879,35.16,10,2,car,0.6072205305099487,1122.6115112304688,462.4382781982422,1052.6346435546875,410.6603698730469,1192.58837890625,514.2161865234375
879,35.16,12,2,car,0.6033728122711182,1240.1914672851562,466.70863342285156,1188.28271484375,418.9909973144531,1292.1002197265625,514.42626953125
879,35.16,15,2,car,0.5102418661117554,1324.5394897460938,479.0856628417969,1281.812744140625,453.8614196777344,1367.2662353515625,504.3099060058594
879,35.16,24,2,car,0.40649929642677307,114.1333236694336,386.52699279785156,0.30303955078125,288.9139709472656,227.96360778808594,484.1400146484375
880,35.2,9,2,car,0.6991047263145447,1471.1837768554688,477.5171661376953,1414.9779052734375,433.6425476074219,1527.3896484375,521.3917846679688
880,35.2,12,2,car,0.6487848162651062,1244.3130493164062,466.8172149658203,1194.654541015625,418.3997497558594,1293.9715576171875,515.2346801757812
880,35.2,18,2,car,0.5932958722114563,896.3329467773438,468.1351318359375,828.3643798828125,425.82806396484375,964.301513671875,510.44219970703125
880,35.2,10,2,car,0.5759620070457458,1123.622314453125,465.1814880371094,1053.3182373046875,416.251953125,1193.9263916015625,514.1110229492188
880,35.2,15,2,car,0.5191330313682556,1325.36474609375,478.8702850341797,1283.702392578125,453.7702331542969,1367.027099609375,503.9703369140625
880,35.2,24,2,car,0.4169708490371704,114.94659423828125,386.6580352783203,0.253326416015625,288.65521240234375,229.63986206054688,484.6608581542969
881,35.24,9,2,car,0.6568673849105835,1470.7824096679688,477.9059143066406,1414.7947998046875,434.2562255859375,1526.77001953125,521.5556030273438
881,35.24,12,2,car,0.6165919303894043,1244.3562622070312,466.7307891845703,1194.553955078125,418.4936828613281,1294.1585693359375,514.9678955078125
881,35.24,10,2,car,0.6066339015960693,1125.16748046875,463.99366760253906,1053.272216796875,413.3188781738281,1197.062744140625,514.66845703125
881,35.24,18,2,car,0.5985327363014221,900.0395202636719,469.2836608886719,832.9197387695312,429.0209655761719,967.1593017578125,509.5463562011719
881,35.24,15,2,car,0.5467533469200134,1326.4226684570312,478.7180633544922,1285.0078125,453.720458984375,1367.8375244140625,503.7156677246094
881,35.24,24,2,car,0.4134524464607239,116.03722763061523,386.42237854003906,0.23705291748046875,289.58575439453125,231.83740234375,483.2590026855469
882,35.28,9,2,car,0.6694032549858093,1470.3886108398438,476.4928741455078,1413.7119140625,432.3203430175781,1527.0653076171875,520.6654052734375
882,35.28,12,2,car,0.6021686792373657,1243.52490234375,466.31422424316406,1192.5494384765625,417.9546203613281,1294.5003662109375,514.673828125
882,35.28,10,2,car,0.5900994539260864,1123.4102783203125,466.5331268310547,1053.2508544921875,418.3784484863281,1193.5697021484375,514.6878051757812
882,35.28,18,2,car,0.538979172706604,901.149169921875,470.1687469482422,834.4617919921875,430.45550537109375,967.8365478515625,509.8819885253906
882,35.28,15,2,car,0.523300051689148,1327.0775146484375,478.6369171142578,1286.234375,453.7236328125,1367.920654296875,503.5502014160156
883,35.32,9,2,car,0.6965320110321045,1469.9796142578125,476.8733673095703,1414.0911865234375,433.2140197753906,1525.8680419921875,520.53271484375
883,35.32,10,2,car,0.626055896282196,1128.3341064453125,462.1243133544922,1055.4844970703125,409.7383117675781,1201.1837158203125,514.5103149414062
883,35.32,12,2,car,0.6002328991889954,1246.0562744140625,465.4548797607422,1198.2440185546875,417.1623229980469,1293.8685302734375,513.7474365234375
883,35.32,18,2,car,0.5965368151664734,901.0387573242188,471.7969665527344,834.7437744140625,433.70562744140625,967.333740234375,509.8883056640625
883,35.32,15,2,car,0.5451149940490723,1328.0430297851562,478.5101013183594,1287.2125244140625,454.18975830078125,1368.87353515625,502.8304443359375
883,35.32,24,2,car,0.5091885924339294,118.95177459716797,385.59320068359375,0.8315277099609375,286.5809326171875,237.072021484375,484.60546875
884,35.36,9,2,car,0.6873846054077148,1470.1256103515625,476.79966735839844,1413.87890625,433.0306091308594,1526.372314453125,520.5687255859375
884,35.36,10,2,car,0.6434649229049683,1129.5763549804688,468.2428894042969,1055.2152099609375,421.91729736328125,1203.9375,514.5684814453125
884,35.36,12,2,car,0.6284368634223938,1247.7354736328125,464.5646667480469,1199.3548583984375,417.67913818359375,1296.1160888671875,511.4501953125
884,35.36,18,2,car,0.61272794008255,902.126953125,471.2992858886719,836.0828247070312,433.2657165527344,968.1710815429688,509.3328552246094
884,35.36,15,2,car,0.534089207649231,1328.73388671875,478.33978271484375,1288.1419677734375,454.2582092285156,1369.3258056640625,502.4213562011719
884,35.36,24,2,car,0.43533554673194885,120.7123908996582,387.3808135986328,1.0134201049804688,290.1405944824219,240.41136169433594,484.62103271484375
885,35.4,10,2,car,0.679588258266449,1127.513427734375,464.30474853515625,1057.1480712890625,414.17376708984375,1197.8787841796875,514.4357299804688
885,35.4,9,2,car,0.6698286533355713,1470.2603759765625,476.82887268066406,1413.5599365234375,433.2451477050781,1526.9608154296875,520.41259765625
885,35.4,12,2,car,0.6314249634742737,1244.9671630859375,466.0054016113281,1193.8297119140625,418.105712890625,1296.1046142578125,513.9050903320312
885,35.4,18,2,car,0.608961284160614,902.578857421875,471.2808837890625,837.2061767578125,433.52838134765625,967.9515380859375,509.03338623046875
885,35.4,15,2,car,0.5188628435134888,1328.4182739257812,478.13836669921875,1287.418212890625,454.5054016113281,1369.4183349609375,501.7713317871094
885,35.4,24,2,car,0.4241132140159607,122.15570068359375,386.8177032470703,1.156951904296875,288.5368957519531,243.15444946289062,485.0985107421875
886,35.44,10,2,car,0.7054640054702759,1130.6287841796875,462.1755828857422,1057.7169189453125,409.7582702636719,1203.5406494140625,514.5928955078125
886,35.44,18,2,car,0.6672139167785645,903.37646484375,462.67417907714844,833.2564086914062,415.2343444824219,973.4965209960938,510.114013671875
886,35.44,9,2,car,0.6576300263404846,1470.8828735351562,476.6587829589844,1414.8392333984375,434.0401611328125,1526.926513671875,519.2774047851562
886,35.44,12,2,car,0.6481244564056396,1248.3052368164062,464.4931640625,1199.2928466796875,417.4822082519531,1297.317626953125,511.5041198730469
886,35.44,15,2,car,0.5118568539619446,1328.750732421875,478.1313171386719,1288.9951171875,454.5932922363281,1368.50634765625,501.6693420410156
886,35.44,24,2,car,0.4472951889038086,123.31175994873047,387.55389404296875,0.4866943359375,289.1126403808594,246.13682556152344,485.9951477050781
887,35.48,24,2,car,0.6999557018280029,124.37379455566406,388.71449279785156,0.32666015625,289.5670471191406,248.42092895507812,487.8619384765625
887,35.48,10,2,car,0.6828101277351379,1131.9714965820312,462.4586639404297,1058.68701171875,410.2689514160156,1205.2559814453125,514.6483764648438
887,35.48,9,2,car,0.671491265296936,1470.72021484375,477.26678466796875,1414.4334716796875,433.62579345703125,1527.0069580078125,520.9077758789062
887,35.48,12,2,car,0.6273201704025269,1247.8291625976562,464.1148681640625,1198.3055419921875,416.9208068847656,1297.352783203125,511.3089294433594
887,35.48,18,2,car,0.6122780442237854,904.670654296875,463.923828125,833.935546875,417.535888671875,975.40576171875,510.311767578125
887,35.48,15,2,car,0.53093022108078,1328.8118896484375,478.5750732421875,1288.3370361328125,454.8844299316406,1369.2867431640625,502.2657165527344
888,35.52,10,2,car,0.7366588115692139,1132.1697387695312,463.93345642089844,1058.7872314453125,413.2652893066406,1205.55224609375,514.6016235351562
888,35.52,9,2,car,0.6743815541267395,1470.8732299804688,477.0636749267578,1414.528564453125,433.2972106933594,1527.2178955078125,520.8301391601562
888,35.52,18,2,car,0.6435315012931824,905.0912475585938,461.3822937011719,834.615966796875,412.81146240234375,975.5665283203125,509.953125
888,35.52,12,2,car,0.6180074214935303,1247.9757690429688,464.03668212890625,1198.6220703125,417.1348571777344,1297.3294677734375,510.9385070800781
888,35.52,15,2,car,0.547522783279419,1328.639404296875,478.4455261230469,1288.0518798828125,454.3711853027344,1369.2269287109375,502.5198669433594
888,35.52,24,2,car,0.43747904896736145,125.80432510375977,387.9944305419922,0.22602081298828125,289.96881103515625,251.38262939453125,486.0200500488281
889,35.56,10,2,car,0.7221559882164001,1132.1607055664062,469.3561096191406,1058.9959716796875,424.18798828125,1205.325439453125,514.5242309570312
889,35.56,18,2,car,0.663580596446991,898.4556884765625,460.2082214355469,820.7634887695312,411.3489074707031,976.1478881835938,509.0675354003906
889,35.56,9,2,car,0.6483330130577087,1469.5410766601562,477.017822265625,1411.9962158203125,433.90789794921875,1527.0859375,520.1277465820312
889,35.56,12,2,car,0.6198363900184631,1248.0089111328125,464.3768005371094,1198.63720703125,417.3093566894531,1297.380615234375,511.4442443847656
889,35.56,15,2,car,0.5820297002792358,1329.420166015625,478.2884216308594,1289.5712890625,454.8913879394531,1369.26904296875,501.6854553222656
889,35.56,24,2,car,0.5023206472396851,127.5285415649414,388.85401916503906,1.137176513671875,290.3809814453125,253.91990661621094,487.3270568847656
890,35.6,9,2,car,0.6822589039802551,1469.61865234375,477.11671447753906,1412.5555419921875,433.3625793457031,1526.6817626953125,520.870849609375
890,35.6,12,2,car,0.6430454850196838,1245.3548583984375,465.75579833984375,1195.758544921875,417.95086669921875,1294.951171875,513.5607299804688
890,35.6,15,2,car,0.6262001991271973,1328.2362670898438,478.6346740722656,1286.19287109375,454.3970947265625,1370.2796630859375,502.87225341796875
890,35.6,10,2,car,0.6220201849937439,1127.2291259765625,477.3022155761719,1057.730712890625,441.1270751953125,1196.7275390625,513.4773559570312
890,35.6,18,2,car,0.6072723269462585,904.446044921875,462.3025360107422,833.7499389648438,414.8923645019531,975.1421508789062,509.71270751953125
891,35.64,12,2,car,0.6552210450172424,1245.7071533203125,465.88128662109375,1195.72412109375,418.9361572265625,1295.690185546875,512.826416015625
891,35.64,15,2,car,0.6241048574447632,1330.042724609375,478.37657165527344,1289.110595703125,454.60760498046875,1370.974853515625,502.1455383300781
891,35.64,9,2,car,0.6207780838012695,1470.8065795898438,475.7220153808594,1413.0615234375,432.2969970703125,1528.5516357421875,519.1470336914062
891,35.64,10,2,car,0.6146970987319946,1132.09814453125,477.1864013671875,1059.238525390625,440.20166015625,1204.957763671875,514.171142578125
891,35.64,18,2,car,0.5886256098747253,910.2222290039062,464.92767333984375,838.7074584960938,418.8133850097656,981.7369995117188,511.0419616699219
891,35.64,24,2,car,0.37634697556495667,129.8949737548828,386.9345245361328,1.570587158203125,287.286376953125,258.2193603515625,486.5826721191406
892,35.68,12,2,car,0.648818850517273,1246.0723876953125,465.61558532714844,1196.2896728515625,418.0252380371094,1295.8551025390625,513.2059326171875
892,35.68,18,2,car,0.6440509557723999,910.3817138671875,462.95526123046875,838.8770141601562,415.0692443847656,981.8864135742188,510.8412780761719
892,35.68,9,2,car,0.6332065463066101,1471.023681640625,475.1712341308594,1413.5875244140625,431.570068359375,1528.4598388671875,518.7723999023438
892,35.68,15,2,car,0.6196936964988708,1331.0159912109375,478.8208465576172,1289.8626708984375,455.1871032714844,1372.1693115234375,502.45458984375
892,35.68,10,2,car,0.5696776509284973,1130.439208984375,468.64964294433594,1059.459716796875,423.3560485839844,1201.418701171875,513.9432373046875
892,35.68,24,2,car,0.4959960877895355,131.33778762817383,389.53857421875,1.4030227661132812,293.2071533203125,261.2725524902344,485.8699951171875
893,35.72,18,2,car,0.6484154462814331,910.9282836914062,462.69415283203125,840.0538330078125,415.6335754394531,981.802734375,509.7547302246094
893,35.72,12,2,car,0.6131084561347961,1245.31201171875,465.3671112060547,1194.746337890625,417.7136535644531,1295.877685546875,513.0205688476562
893,35.72,15,2,car,0.5803397297859192,1331.0393676757812,478.72467041015625,1289.7232666015625,455.38458251953125,1372.35546875,502.06475830078125
893,35.72,9,2,car,0.5782729387283325,1472.7432250976562,475.63201904296875,1415.7884521484375,430.91546630859375,1529.697998046875,520.3485717773438
893,35.72,10,2,car,0.5421451330184937,1129.90869140625,469.3684387207031,1060.4945068359375,424.38226318359375,1199.3228759765625,514.3546142578125
894,35.76,24,2,car,0.6581127047538757,134.3616065979004,389.2032928466797,1.5304641723632812,291.3913269042969,267.1927490234375,487.0152587890625
894,35.76,12,2,car,0.6247268915176392,1246.6567993164062,465.2258758544922,1196.7611083984375,418.1059875488281,1296.552490234375,512.3457641601562
894,35.76,18,2,car,0.6052201390266418,912.440185546875,460.57786560058594,841.2476806640625,411.70257568359375,983.6326904296875,509.4531555175781
894,35.76,9,2,car,0.5837151408195496,1472.2664184570312,475.6920623779297,1414.756103515625,430.9567565917969,1529.7767333984375,520.4273681640625
894,35.76,10,2,car,0.5798550844192505,1130.2893676757812,467.42431640625,1059.2135009765625,421.1337890625,1201.365234375,513.71484375
894,35.76,15,2,car,0.5731732845306396,1331.8196411132812,478.0906677246094,1290.2991943359375,454.87371826171875,1373.340087890625,501.3076171875
895,35.8,18,2,car,0.6460409760475159,913.0175170898438,461.07200622558594,842.5015869140625,413.14794921875,983.533447265625,508.9960632324219
895,35.8,12,2,car,0.6406973600387573,1246.9976196289062,465.618408203125,1197.8726806640625,418.09234619140625,1296.12255859375,513.1444702148438
895,35.8,9,2,car,0.6117652058601379,1471.724853515625,475.4946746826172,1413.286376953125,431.5141296386719,1530.163330078125,519.4752197265625
895,35.8,10,2,car,0.5779204368591309,1129.8438110351562,465.6964416503906,1060.417724609375,417.74249267578125,1199.2698974609375,513.650390625
895,35.8,15,2,car,0.5545450448989868,1330.9302978515625,478.2356872558594,1288.32568359375,454.5846862792969,1373.534912109375,501.8866882324219
895,35.8,24,2,car,0.45792675018310547,136.3310661315918,391.4473571777344,1.4699935913085938,295.27166748046875,271.192138671875,487.623046875
896,35.84,18,2,car,0.684486985206604,913.3687133789062,462.12876892089844,842.4303588867188,414.69781494140625,984.3070678710938,509.5597229003906
896,35.84,12,2,car,0.6745227575302124,1248.5939331054688,464.9037780761719,1200.0843505859375,418.24365234375,1297.103515625,511.56390380859375
896,35.84,9,2,car,0.5975574254989624,1470.6190795898438,475.4934387207031,1412.1844482421875,431.61065673828125,1529.0537109375,519.376220703125
896,35.84,10,2,car,0.5880105495452881,1132.685302734375,462.0563049316406,1062.6617431640625,410.6689453125,1202.7088623046875,513.4436645507812
896,35.84,15,2,car,0.5541601181030273,1331.637939453125,477.9651336669922,1289.808837890625,454.3052978515625,1373.467041015625,501.6249694824219
896,35.84,24,2,car,0.4444288909435272,137.23334121704102,390.10679626464844,0.06955718994140625,295.11309814453125,274.3971252441406,485.1004943847656
897,35.88,12,2,car,0.6802117228507996,1247.6063842773438,465.27960205078125,1198.482177734375,418.6674499511719,1296.7305908203125,511.8917541503906
897,35.88,18,2,car,0.6627857685089111,916.377685546875,460.49156188964844,842.3838500976562,411.0804138183594,990.3715209960938,509.9027099609375
897,35.88,9,2,car,0.5955472588539124,1470.1796264648438,475.252197265625,1412.4755859375,432.1689453125,1527.8836669921875,518.33544921875
897,35.88,10,2,car,0.5793521404266357,1132.286376953125,463.10011291503906,1061.3548583984375,412.9264831542969,1203.2178955078125,513.2737426757812
897,35.88,15,2,car,0.5645580291748047,1331.8651733398438,477.8191680908203,1290.63330078125,454.768798828125,1373.0970458984375,500.8695373535156
897,35.88,24,2,car,0.4724508821964264,138.0448875427246,389.0008850097656,0.04021453857421875,292.66571044921875,276.049560546875,485.3360595703125
898,35.92,12,2,car,0.6836366057395935,1246.5331420898438,466.1033020019531,1196.0892333984375,418.4736328125,1296.97705078125,513.7329711914062
898,35.92,18,2,car,0.6730368733406067,917.7022399902344,460.58935546875,843.249267578125,411.8119812011719,992.1552124023438,509.3667297363281
898,35.92,9,2,car,0.5804393291473389,1469.916259765625,475.550537109375,1412.392578125,434.233154296875,1527.43994140625,516.867919921875
898,35.92,10,2,car,0.5714721083641052,1133.0465087890625,463.54266357421875,1061.86279296875,413.6070556640625,1204.230224609375,513.478271484375
898,35.92,15,2,car,0.5632568001747131,1332.131103515625,476.9976501464844,1291.1553955078125,454.70611572265625,1373.1068115234375,499.2891845703125
898,35.92,24,2,car,0.4723348319530487,137.87640380859375,390.303955078125,0.895660400390625,295.5588684082031,274.8571472167969,485.0490417480469
899,35.96,12,2,car,0.6673558950424194,1246.2806396484375,465.7365264892578,1195.9921875,418.4059753417969,1296.569091796875,513.0670776367188
899,35.96,18,2,car,0.648571789264679,920.9313354492188,462.88397216796875,848.0980224609375,416.1324768066406,993.7646484375,509.6354675292969
899,35.96,9,2,car,0.6298128962516785,1472.9448852539062,476.25099182128906,1418.923095703125,434.2607116699219,1526.9666748046875,518.2412719726562
899,35.96,15,2,car,0.5900935530662537,1332.3267822265625,476.9371795654297,1290.8594970703125,454.5975341796875,1373.7940673828125,499.2768249511719
899,35.96,10,2,car,0.5583110451698303,1134.5931396484375,462.38258361816406,1064.271240234375,411.6973571777344,1204.9150390625,513.0678100585938
900,36.0,18,2,car,0.734910786151886,918.7560424804688,460.9897155761719,846.2464599609375,412.4823303222656,991.265625,509.4971008300781
900,36.0,9,2,car,0.6826485991477966,1472.9102172851562,476.41319274902344,1419.1055908203125,433.6469421386719,1526.71484375,519.179443359375
900,36.0,12,2,car,0.6766443252563477,1247.3558349609375,466.0927734375,1197.488525390625,418.53680419921875,1297.22314453125,513.6487426757812
900,36.0,24,2,car,0.5799217224121094,142.29297637939453,390.3938446044922,0.9922943115234375,293.61224365234375,283.5936584472656,487.1754455566406
900,36.0,10,2,car,0.560906171798706,1134.984130859375,465.2018127441406,1065.0906982421875,417.3172607421875,1204.8775634765625,513.0863647460938
900,36.0,15,2,car,0.5588103532791138,1332.0993041992188,477.4126281738281,1291.0648193359375,455.15460205078125,1373.1337890625,499.670654296875
901,36.04,18,2,car,0.6487457156181335,919.7235717773438,463.0833435058594,848.1461791992188,416.5081787109375,991.3009643554688,509.65850830078125
901,36.04,12,2,car,0.6425881385803223,1248.3775634765625,464.9109649658203,1199.3411865234375,418.4105529785156,1297.4139404296875,511.411376953125
901,36.04,9,2,car,0.631329357624054,1472.214599609375,475.39515686035156,1416.8189697265625,434.2588806152344,1527.6102294921875,516.5314331054688
901,36.04,15,2,car,0.5614960789680481,1333.1567993164062,477.9372253417969,1293.8489990234375,456.5730285644531,1372.464599609375,499.3014221191406
901,36.04,10,2,car,0.5583369135856628,1134.6173706054688,469.7642059326172,1064.6580810546875,426.1522521972656,1204.57666015625,513.3761596679688
901,36.04,24,2,car,0.49354785680770874,142.83402252197266,391.7168426513672,1.1550750732421875,295.9245300292969,284.5129699707031,487.5091552734375
902,36.08,18,2,car,0.7215811014175415,920.15625,468.7016143798828,849.1966552734375,427.4327087402344,991.1158447265625,509.97052001953125
902,36.08,9,2,car,0.6809144020080566,1471.8978271484375,476.3823699951172,1417.31591796875,433.1020202636719,1526.479736328125,519.6627197265625
902,36.08,12,2,car,0.6323647499084473,1249.8333129882812,465.14959716796875,1201.70263671875,418.92333984375,1297.9639892578125,511.3758544921875
902,36.08,10,2,car,0.5500942468643188,1134.29833984375,474.16864013671875,1064.976318359375,434.745849609375,1203.620361328125,513.5914306640625
902,36.08,15,2,car,0.5309445858001709,1333.2498168945312,476.947998046875,1293.332275390625,455.32177734375,1373.1673583984375,498.57421875
902,36.08,24,2,car,0.49646568298339844,143.3213005065918,391.9355926513672,1.3072128295898438,296.8031005859375,285.33538818359375,487.0680847167969
903,36.12,18,2,car,0.7545702457427979,921.3468933105469,468.7077941894531,848.7258911132812,426.42095947265625,993.9678955078125,510.99462890625
903,36.12,9,2,car,0.6620767712593079,1471.6024780273438,475.7955322265625,1416.581298828125,433.283935546875,1526.6236572265625,518.30712890625
903,36.12,12,2,car,0.628227949142456,1251.9323120117188,464.2832336425781,1204.90966796875,418.2646179199219,1298.9549560546875,510.3018493652344
903,36.12,10,2,car,0.5747294425964355,1137.4356079101562,472.1357879638672,1066.34033203125,431.4500427246094,1208.5308837890625,512.821533203125
903,36.12,15,2,car,0.5082288980484009,1333.4874267578125,476.4364776611328,1294.151123046875,454.5976257324219,1372.82373046875,498.27532958984375
903,36.12,24,2,car,0.4654894769191742,144.5669174194336,391.8116912841797,1.1103057861328125,296.3826599121094,288.0235290527344,487.24072265625
904,36.16,18,2,car,0.7275326251983643,922.4360961914062,470.8538818359375,850.6975708007812,430.9269104003906,994.1746215820312,510.7808532714844
904,36.16,9,2,car,0.6812378764152527,1472.2889404296875,476.478271484375,1417.75537109375,434.425048828125,1526.822509765625,518.531494140625
904,36.16,12,2,car,0.624644935131073,1251.4562377929688,463.66246032714844,1204.62939453125,417.7030334472656,1298.2830810546875,509.62188720703125
904,36.16,15,2,car,0.5372147560119629,1332.8142700195312,476.6722869873047,1292.9937744140625,455.1617431640625,1372.634765625,498.1828308105469
904,36.16,10,2,car,0.5123709440231323,1135.0740966796875,475.8107147216797,1066.6387939453125,439.1754455566406,1203.5093994140625,512.4459838867188
905,36.2,18,2,car,0.7220129370689392,922.338134765625,470.86688232421875,850.1354370117188,430.4146728515625,994.5408325195312,511.319091796875
905,36.2,9,2,car,0.6948421001434326,1471.0978393554688,479.4998321533203,1416.6995849609375,436.6623229980469,1525.49609375,522.3373413085938
905,36.2,12,2,car,0.5837787985801697,1251.6986694335938,463.0145721435547,1205.2379150390625,417.0726318359375,1298.159423828125,508.9565124511719
905,36.2,15,2,car,0.5531387329101562,1332.1704711914062,476.9369201660156,1293.328857421875,455.9728088378906,1371.0120849609375,497.9010314941406
905,36.2,10,2,car,0.5084182620048523,1136.2847290039062,476.1651153564453,1066.38720703125,439.2375183105469,1206.1822509765625,513.0927124023438
905,36.2,24,2,car,0.444620281457901,148.57514190673828,391.7355651855469,3.0567169189453125,296.6878967285156,294.09356689453125,486.7832336425781
906,36.24,18,2,car,0.6548015475273132,922.3673400878906,467.0701904296875,849.3819580078125,424.68988037109375,995.3527221679688,509.45050048828125
906,36.24,12,2,car,0.6288660168647766,1249.6430053710938,464.85076904296875,1202.003173828125,419.0737609863281,1297.2828369140625,510.6277770996094
906,36.24,9,2,car,0.6218511462211609,1472.4815673828125,477.73793029785156,1419.1160888671875,436.6120910644531,1525.8470458984375,518.86376953125
906,36.24,15,2,car,0.547974169254303,1332.0394897460938,477.5702819824219,1292.339599609375,456.457763671875,1371.7393798828125,498.68280029296875
906,36.24,24,2,car,0.5042725801467896,150.9237823486328,391.4477081298828,4.387481689453125,295.8169250488281,297.4600830078125,487.0784912109375
906,36.24,10,2,car,0.4921867251396179,1138.7205810546875,468.9024353027344,1070.4705810546875,426.7050476074219,1206.9705810546875,511.0998229980469
907,36.28,9,2,car,0.6542072892189026,1469.7727661132812,478.85472106933594,1414.153564453125,437.7589416503906,1525.3919677734375,519.9505004882812
907,36.28,18,2,car,0.6531534790992737,923.6109924316406,468.6279602050781,850.6115112304688,427.4407653808594,996.6104736328125,509.8151550292969
907,36.28,12,2,car,0.5856574177742004,1249.5126342773438,464.07701110839844,1201.623779296875,418.88983154296875,1297.4014892578125,509.2641906738281
907,36.28,10,2,car,0.5653572678565979,1141.3428344726562,470.27781677246094,1074.87548828125,428.3030090332031,1207.8101806640625,512.2526245117188
907,36.28,15,2,car,0.5551825165748596,1332.6945190429688,477.44776916503906,1293.65185546875,456.32275390625,1371.7371826171875,498.5727844238281
907,36.28,24,2,car,0.4851206839084625,154.0121078491211,391.5849151611328,7.9656829833984375,297.11480712890625,300.05853271484375,486.0550231933594
908,36.32,18,2,car,0.6585118174552917,926.8178100585938,469.3162841796875,854.9859008789062,429.0799560546875,998.6497192382812,509.5526123046875
908,36.32,9,2,car,0.651888370513916,1471.4784545898438,477.9584655761719,1417.290283203125,436.13232421875,1525.6666259765625,519.7846069335938
908,36.32,12,2,car,0.6362096667289734,1250.0993041992188,464.3281707763672,1201.9559326171875,419.0401916503906,1298.24267578125,509.61614990234375
908,36.32,10,2,car,0.577383279800415,1141.1969604492188,469.30224609375,1073.279296875,425.75848388671875,1209.1146240234375,512.8460083007812
908,36.32,15,2,car,0.512000560760498,1332.3536987304688,477.43939208984375,1293.746337890625,456.8727111816406,1370.9610595703125,498.0060729980469
908,36.32,24,2,car,0.45154330134391785,155.14303588867188,393.28660583496094,10.718902587890625,298.69427490234375,299.5671691894531,487.8789367675781
909,36.36,9,2,car,0.6509814262390137,1472.0087890625,477.68426513671875,1418.404296875,436.13616943359375,1525.61328125,519.2323608398438
909,36.36,18,2,car,0.6417385935783386,932.2236938476562,465.4790496826172,854.5327758789062,419.95001220703125,1009.9146118164062,511.0080871582031
909,36.36,12,2,car,0.6234906911849976,1248.1209716796875,463.7799530029297,1197.4354248046875,418.85333251953125,1298.8065185546875,508.7065734863281
909,36.36,10,2,car,0.5744920372962952,1139.3489990234375,465.91827392578125,1070.3011474609375,420.1846618652344,1208.3968505859375,511.6518859863281
909,36.36,15,2,car,0.5154680609703064,1332.5718383789062,477.3193664550781,1294.5992431640625,457.0375061035156,1370.54443359375,497.6012268066406
909,36.36,24,2,car,0.4485582411289215,157.32838439941406,392.05772399902344,11.7528076171875,296.4559326171875,302.9039611816406,487.6595153808594
910,36.4,18,2,car,0.6947456002235413,936.7445068359375,467.4222106933594,858.125244140625,423.1729431152344,1015.36376953125,511.6714782714844
910,36.4,10,2,car,0.6430023908615112,1140.662841796875,465.6242980957031,1071.54345703125,419.5476379394531,1209.7822265625,511.7009582519531
910,36.4,9,2,car,0.6422194242477417,1472.2218017578125,477.98976135253906,1418.868896484375,436.0348205566406,1525.57470703125,519.9447021484375
910,36.4,12,2,car,0.6160366535186768,1248.0709838867188,462.957763671875,1197.506591796875,418.5470886230469,1298.6353759765625,507.3684387207031
910,36.4,24,2,car,0.5250389575958252,160.99022674560547,392.78863525390625,16.673904418945312,298.0287170410156,305.3065490722656,487.5485534667969
910,36.4,15,2,car,0.5025198459625244,1333.644287109375,477.9932556152344,1294.060546875,457.635498046875,1373.22802734375,498.35101318359375
911,36.44,18,2,car,0.7181814908981323,932.5363464355469,470.7202606201172,861.6856079101562,430.0696105957031,1003.3870849609375,511.37091064453125
911,36.44,10,2,car,0.6417173743247986,1140.347412109375,465.3147430419922,1071.961669921875,418.4327087402344,1208.733154296875,512.19677734375
911,36.44,9,2,car,0.6070153713226318,1474.8280029296875,475.58172607421875,1418.6104736328125,433.4063720703125,1531.0455322265625,517.757080078125
911,36.44,12,2,car,0.5818108916282654,1246.35986328125,463.6084289550781,1193.43359375,419.0945739746094,1299.2861328125,508.1222839355469
911,36.44,24,2,car,0.549770712852478,163.28978729248047,392.4647674560547,18.885086059570312,297.8637390136719,307.6944885253906,487.0657958984375
911,36.44,15,2,car,0.5084381699562073,1331.623046875,478.3580322265625,1293.895263671875,458.0556640625,1369.350830078125,498.660400390625
912,36.48,18,2,car,0.6625646948814392,933.16259765625,468.08734130859375,860.3609619140625,424.0169677734375,1005.9642333984375,512.15771484375
912,36.48,10,2,car,0.6357805132865906,1140.5516967773438,465.3508758544922,1073.363525390625,418.1243591308594,1207.7398681640625,512.577392578125
912,36.48,12,2,car,0.6240072250366211,1243.3441772460938,465.69871520996094,1185.4354248046875,418.8463439941406,1301.2529296875,512.5510864257812
912,36.48,9,2,car,0.5799546241760254,1473.5611572265625,474.91229248046875,1418.219482421875,433.19158935546875,1528.90283203125,516.6329956054688
912,36.48,15,2,car,0.4735878109931946,1333.1398315429688,478.3450927734375,1295.760498046875,458.09271240234375,1370.5191650390625,498.59747314453125
